ticker,n_down,n_up,vol_ratio_down_med,vol_ratio_up_med,down_over_up,ci_lo,ci_hi
069500,96,96,1.446,1.092,1.324,1.113,1.56
091170,96,96,1.288,1.936,0.665,0.56,0.905
091180,96,94,1.11,2.106,0.527,0.399,0.745
091230,95,95,1.184,1.62,0.731,0.613,1.013
102110,96,96,1.653,1.109,1.491,1.33,1.73
114800,96,96,1.36,1.407,0.966,0.865,1.087
117680,96,96,1.208,2.104,0.574,0.396,0.74
122630,96,96,1.417,1.079,1.312,1.162,1.522
132030,96,96,1.506,1.652,0.911,0.739,1.173
133690,96,95,1.67,1.227,1.361,1.175,1.57
143860,96,95,1.328,1.554,0.855,0.68,1.176
148070,96,96,1.374,1.445,0.951,0.703,1.416
153130,96,96,0.925,1.137,0.814,0.607,1.175
161510,96,96,1.342,1.217,1.103,0.919,1.254
192090,96,95,1.018,1.55,0.657,0.521,0.868
219480,96,95,1.785,1.198,1.49,1.05,2.087
229200,96,96,1.537,1.261,1.219,1.075,1.368
261220,96,95,2.291,1.767,1.296,0.845,1.736
261240,96,96,1.649,1.431,1.152,0.973,1.408
305540,96,95,1.329,1.745,0.762,0.608,0.975
