scaler,period,drop_window,lev_inv,trim,ari_vs_base,pc1_share,clusters
none,all,False,True,False,1.0,0.562,114800|261240;069500|091170|091180|091230|102110|117680|122630|133690|143860|161510|192090|219480|229200|305540;132030|148070;261220;153130
none,all,False,True,True,1.0,0.565,114800|261240;069500|091170|091180|091230|102110|117680|122630|133690|143860|161510|192090|219480|229200|305540;132030|148070;261220;153130
none,all,False,False,False,1.0,0.472,069500|091170|091180|091230|102110|117680|133690|143860|161510|192090|219480|229200|305540;132030|148070;261220;153130;261240
none,all,False,False,True,1.0,0.476,069500|091170|091180|091230|102110|117680|133690|143860|161510|192090|219480|229200|305540;132030|148070;261220;153130;261240
none,all,True,True,False,1.0,0.548,114800|261240;069500|091170|091180|091230|102110|117680|122630|133690|143860|161510|192090|219480|229200|305540;132030|148070;261220;153130
none,all,True,True,True,1.0,0.551,114800|261240;069500|091170|091180|091230|102110|117680|122630|133690|143860|161510|192090|219480|229200|305540;132030|148070;261220;153130
none,all,True,False,False,1.0,0.464,069500|091170|091180|091230|102110|117680|133690|143860|161510|192090|219480|229200|305540;132030|148070;261220;153130;261240
none,all,True,False,True,1.0,0.468,069500|091170|091180|091230|102110|117680|133690|143860|161510|192090|219480|229200|305540;132030|148070;261220;153130;261240
none,2019-21,False,True,False,0.842,0.547,069500|091170|091180|091230|102110|117680|122630|133690|143860|161510|192090|219480|229200|261220|305540;132030;148070;114800|261240;153130
none,2019-21,False,True,True,0.842,0.55,069500|091170|091180|091230|102110|117680|122630|133690|143860|161510|192090|219480|229200|261220|305540;132030;148070;114800|261240;153130
none,2019-21,False,False,False,0.816,0.492,069500|091170|091180|091230|102110|117680|133690|143860|161510|192090|219480|229200|261220|305540;132030;148070;153130;261240
none,2019-21,False,False,True,0.816,0.495,069500|091170|091180|091230|102110|117680|133690|143860|161510|192090|219480|229200|261220|305540;132030;148070;153130;261240
none,2019-21,True,True,False,0.842,0.547,069500|091170|091180|091230|102110|117680|122630|133690|143860|161510|192090|219480|229200|261220|305540;132030;148070;114800|261240;153130
none,2019-21,True,True,True,0.842,0.55,069500|091170|091180|091230|102110|117680|122630|133690|143860|161510|192090|219480|229200|261220|305540;132030;148070;114800|261240;153130
none,2019-21,True,False,False,0.816,0.492,069500|091170|091180|091230|102110|117680|133690|143860|161510|192090|219480|229200|261220|305540;132030;148070;153130;261240
none,2019-21,True,False,True,0.816,0.495,069500|091170|091180|091230|102110|117680|133690|143860|161510|192090|219480|229200|261220|305540;132030;148070;153130;261240
none,2022-24,False,True,False,0.726,0.503,114800|261240;132030|148070;069500|091170|091180|091230|102110|117680|122630|133690|143860|161510|219480|229200|261220|305540;192090;153130
none,2022-24,False,True,True,0.842,0.504,114800|261240;132030|148070|153130;069500|091170|091180|091230|102110|117680|122630|133690|143860|161510|219480|229200|305540;261220;192090
none,2022-24,False,False,False,0.686,0.441,132030|148070;069500|091170|091180|091230|102110|117680|133690|143860|161510|219480|229200|261220|305540;192090;153130;261240
none,2022-24,False,False,True,0.818,0.442,132030|148070|153130;069500|091170|091180|091230|102110|117680|133690|143860|161510|219480|229200|305540;261220;192090;261240
none,2022-24,True,True,False,0.726,0.503,114800|261240;132030|148070;069500|091170|091180|091230|102110|117680|122630|133690|143860|161510|219480|229200|261220|305540;192090;153130
none,2022-24,True,True,True,0.842,0.504,114800|261240;132030|148070|153130;069500|091170|091180|091230|102110|117680|122630|133690|143860|161510|219480|229200|305540;261220;192090
none,2022-24,True,False,False,0.686,0.441,132030|148070;069500|091170|091180|091230|102110|117680|133690|143860|161510|219480|229200|261220|305540;192090;153130;261240
none,2022-24,True,False,True,0.818,0.442,132030|148070|153130;069500|091170|091180|091230|102110|117680|133690|143860|161510|219480|229200|305540;261220;192090;261240
none,2025-26,False,True,False,0.842,0.682,114800|261240;261220;069500|091170|091180|091230|102110|117680|122630|132030|133690|143860|161510|192090|219480|229200|305540;148070;153130
none,2025-26,False,True,True,0.842,0.684,114800|261240;261220;069500|091170|091180|091230|102110|117680|122630|132030|133690|143860|161510|192090|219480|229200|305540;148070;153130
none,2025-26,False,False,False,0.816,0.571,261220;261240;069500|091170|091180|091230|102110|117680|132030|133690|143860|161510|192090|219480|229200|305540;148070;153130
none,2025-26,False,False,True,0.816,0.572,261220;261240;069500|091170|091180|091230|102110|117680|132030|133690|143860|161510|192090|219480|229200|305540;148070;153130
none,2025-26,True,True,False,0.842,0.655,114800|261240;261220;069500|091170|091180|091230|102110|117680|122630|132030|133690|143860|161510|192090|219480|229200|305540;148070;153130
none,2025-26,True,True,True,0.842,0.657,114800|261240;261220;069500|091170|091180|091230|102110|117680|122630|132030|133690|143860|161510|192090|219480|229200|305540;148070;153130
none,2025-26,True,False,False,0.816,0.551,261220;261240;069500|091170|091180|091230|102110|117680|132030|133690|143860|161510|192090|219480|229200|305540;148070;153130
none,2025-26,True,False,True,0.816,0.552,261220;261240;069500|091170|091180|091230|102110|117680|132030|133690|143860|161510|192090|219480|229200|305540;148070;153130
standard,all,False,True,False,1.0,0.45,114800|261240;069500|091170|091180|091230|102110|117680|122630|133690|143860|161510|192090|219480|229200|305540;132030|148070;261220;153130
standard,all,False,True,True,1.0,0.458,114800|261240;069500|091170|091180|091230|102110|117680|122630|133690|143860|161510|192090|219480|229200|305540;132030|148070;261220;153130
standard,all,False,False,False,1.0,0.406,069500|091170|091180|091230|102110|117680|133690|143860|161510|192090|219480|229200|305540;132030|148070;261220;153130;261240
standard,all,False,False,True,1.0,0.415,069500|091170|091180|091230|102110|117680|133690|143860|161510|192090|219480|229200|305540;132030|148070;261220;153130;261240
standard,all,True,True,False,1.0,0.453,114800|261240;069500|091170|091180|091230|102110|117680|122630|133690|143860|161510|192090|219480|229200|305540;132030|148070;261220;153130
standard,all,True,True,True,1.0,0.462,114800|261240;069500|091170|091180|091230|102110|117680|122630|133690|143860|161510|192090|219480|229200|305540;132030|148070;261220;153130
standard,all,True,False,False,1.0,0.408,069500|091170|091180|091230|102110|117680|133690|143860|161510|192090|219480|229200|305540;132030|148070;261220;153130;261240
standard,all,True,False,True,1.0,0.417,069500|091170|091180|091230|102110|117680|133690|143860|161510|192090|219480|229200|305540;132030|148070;261220;153130;261240
standard,2019-21,False,True,False,0.842,0.493,069500|091170|091180|091230|102110|117680|122630|133690|143860|161510|192090|219480|229200|261220|305540;132030;148070;114800|261240;153130
standard,2019-21,False,True,True,0.842,0.507,069500|091170|091180|091230|102110|117680|122630|133690|143860|161510|192090|219480|229200|261220|305540;132030;148070;114800|261240;153130
standard,2019-21,False,False,False,0.816,0.446,069500|091170|091180|091230|102110|117680|133690|143860|161510|192090|219480|229200|261220|305540;132030;148070;153130;261240
standard,2019-21,False,False,True,0.816,0.462,069500|091170|091180|091230|102110|117680|133690|143860|161510|192090|219480|229200|261220|305540;132030;148070;153130;261240
standard,2019-21,True,True,False,0.842,0.493,069500|091170|091180|091230|102110|117680|122630|133690|143860|161510|192090|219480|229200|261220|305540;132030;148070;114800|261240;153130
standard,2019-21,True,True,True,0.842,0.507,069500|091170|091180|091230|102110|117680|122630|133690|143860|161510|192090|219480|229200|261220|305540;132030;148070;114800|261240;153130
standard,2019-21,True,False,False,0.816,0.446,069500|091170|091180|091230|102110|117680|133690|143860|161510|192090|219480|229200|261220|305540;132030;148070;153130;261240
standard,2019-21,True,False,True,0.816,0.462,069500|091170|091180|091230|102110|117680|133690|143860|161510|192090|219480|229200|261220|305540;132030;148070;153130;261240
standard,2022-24,False,True,False,0.726,0.449,114800|261240;132030|148070;069500|091170|091180|091230|102110|117680|122630|133690|143860|161510|219480|229200|261220|305540;192090;153130
standard,2022-24,False,True,True,0.842,0.45,114800|261240;132030|148070|153130;069500|091170|091180|091230|102110|117680|122630|133690|143860|161510|219480|229200|305540;261220;192090
standard,2022-24,False,False,False,0.686,0.396,132030|148070;069500|091170|091180|091230|102110|117680|133690|143860|161510|219480|229200|261220|305540;192090;153130;261240
standard,2022-24,False,False,True,0.818,0.398,132030|148070|153130;069500|091170|091180|091230|102110|117680|133690|143860|161510|219480|229200|305540;261220;192090;261240
standard,2022-24,True,True,False,0.726,0.449,114800|261240;132030|148070;069500|091170|091180|091230|102110|117680|122630|133690|143860|161510|219480|229200|261220|305540;192090;153130
standard,2022-24,True,True,True,0.842,0.45,114800|261240;132030|148070|153130;069500|091170|091180|091230|102110|117680|122630|133690|143860|161510|219480|229200|305540;261220;192090
standard,2022-24,True,False,False,0.686,0.396,132030|148070;069500|091170|091180|091230|102110|117680|133690|143860|161510|219480|229200|261220|305540;192090;153130;261240
standard,2022-24,True,False,True,0.818,0.398,132030|148070|153130;069500|091170|091180|091230|102110|117680|133690|143860|161510|219480|229200|305540;261220;192090;261240
standard,2025-26,False,True,False,0.842,0.47,114800|261240;261220;069500|091170|091180|091230|102110|117680|122630|132030|133690|143860|161510|192090|219480|229200|305540;148070;153130
standard,2025-26,False,True,True,0.842,0.473,114800|261240;261220;069500|091170|091180|091230|102110|117680|122630|132030|133690|143860|161510|192090|219480|229200|305540;148070;153130
standard,2025-26,False,False,False,0.816,0.432,261220;261240;069500|091170|091180|091230|102110|117680|132030|133690|143860|161510|192090|219480|229200|305540;148070;153130
standard,2025-26,False,False,True,0.816,0.435,261220;261240;069500|091170|091180|091230|102110|117680|132030|133690|143860|161510|192090|219480|229200|305540;148070;153130
standard,2025-26,True,True,False,0.842,0.471,114800|261240;261220;069500|091170|091180|091230|102110|117680|122630|132030|133690|143860|161510|192090|219480|229200|305540;148070;153130
standard,2025-26,True,True,True,0.842,0.473,114800|261240;261220;069500|091170|091180|091230|102110|117680|122630|132030|133690|143860|161510|192090|219480|229200|305540;148070;153130
standard,2025-26,True,False,False,0.816,0.432,261220;261240;069500|091170|091180|091230|102110|117680|132030|133690|143860|161510|192090|219480|229200|305540;148070;153130
standard,2025-26,True,False,True,0.816,0.434,261220;261240;069500|091170|091180|091230|102110|117680|132030|133690|143860|161510|192090|219480|229200|305540;148070;153130
robust,all,False,True,False,1.0,0.445,114800|261240;069500|091170|091180|091230|102110|117680|122630|133690|143860|161510|192090|219480|229200|305540;132030|148070;261220;153130
robust,all,False,True,True,1.0,0.492,114800|261240;069500|091170|091180|091230|102110|117680|122630|133690|143860|161510|192090|219480|229200|305540;132030|148070;261220;153130
robust,all,False,False,False,1.0,0.39,069500|091170|091180|091230|102110|117680|133690|143860|161510|192090|219480|229200|305540;132030|148070;261220;153130;261240
robust,all,False,False,True,1.0,0.436,069500|091170|091180|091230|102110|117680|133690|143860|161510|192090|219480|229200|305540;132030|148070;261220;153130;261240
robust,all,True,True,False,1.0,0.433,114800|261240;069500|091170|091180|091230|102110|117680|122630|133690|143860|161510|192090|219480|229200|305540;132030|148070;261220;153130
robust,all,True,True,True,1.0,0.481,114800|261240;069500|091170|091180|091230|102110|117680|122630|133690|143860|161510|192090|219480|229200|305540;132030|148070;261220;153130
robust,all,True,False,False,1.0,0.382,069500|091170|091180|091230|102110|117680|133690|143860|161510|192090|219480|229200|305540;132030|148070;261220;153130;261240
robust,all,True,False,True,1.0,0.429,069500|091170|091180|091230|102110|117680|133690|143860|161510|192090|219480|229200|305540;132030|148070;261220;153130;261240
robust,2019-21,False,True,False,0.842,0.448,069500|091170|091180|091230|102110|117680|122630|133690|143860|161510|192090|219480|229200|261220|305540;132030;148070;114800|261240;153130
robust,2019-21,False,True,True,0.842,0.51,069500|091170|091180|091230|102110|117680|122630|133690|143860|161510|192090|219480|229200|261220|305540;132030;148070;114800|261240;153130
robust,2019-21,False,False,False,0.816,0.411,069500|091170|091180|091230|102110|117680|133690|143860|161510|192090|219480|229200|261220|305540;132030;148070;153130;261240
robust,2019-21,False,False,True,0.816,0.471,069500|091170|091180|091230|102110|117680|133690|143860|161510|192090|219480|229200|261220|305540;132030;148070;153130;261240
robust,2019-21,True,True,False,0.842,0.448,069500|091170|091180|091230|102110|117680|122630|133690|143860|161510|192090|219480|229200|261220|305540;132030;148070;114800|261240;153130
robust,2019-21,True,True,True,0.842,0.51,069500|091170|091180|091230|102110|117680|122630|133690|143860|161510|192090|219480|229200|261220|305540;132030;148070;114800|261240;153130
robust,2019-21,True,False,False,0.816,0.411,069500|091170|091180|091230|102110|117680|133690|143860|161510|192090|219480|229200|261220|305540;132030;148070;153130;261240
robust,2019-21,True,False,True,0.816,0.471,069500|091170|091180|091230|102110|117680|133690|143860|161510|192090|219480|229200|261220|305540;132030;148070;153130;261240
robust,2022-24,False,True,False,0.726,0.363,114800|261240;132030|148070;069500|091170|091180|091230|102110|117680|122630|133690|143860|161510|219480|229200|261220|305540;192090;153130
robust,2022-24,False,True,True,0.842,0.425,114800|261240;132030|148070|153130;069500|091170|091180|091230|102110|117680|122630|133690|143860|161510|219480|229200|305540;261220;192090
robust,2022-24,False,False,False,0.686,0.319,132030|148070;069500|091170|091180|091230|102110|117680|133690|143860|161510|219480|229200|261220|305540;192090;153130;261240
robust,2022-24,False,False,True,0.818,0.378,132030|148070|153130;069500|091170|091180|091230|102110|117680|133690|143860|161510|219480|229200|305540;261220;192090;261240
robust,2022-24,True,True,False,0.726,0.363,114800|261240;132030|148070;069500|091170|091180|091230|102110|117680|122630|133690|143860|161510|219480|229200|261220|305540;192090;153130
robust,2022-24,True,True,True,0.842,0.425,114800|261240;132030|148070|153130;069500|091170|091180|091230|102110|117680|122630|133690|143860|161510|219480|229200|305540;261220;192090
robust,2022-24,True,False,False,0.686,0.319,132030|148070;069500|091170|091180|091230|102110|117680|133690|143860|161510|219480|229200|261220|305540;192090;153130;261240
robust,2022-24,True,False,True,0.818,0.378,132030|148070|153130;069500|091170|091180|091230|102110|117680|133690|143860|161510|219480|229200|305540;261220;192090;261240
robust,2025-26,False,True,False,0.842,0.543,114800|261240;261220;069500|091170|091180|091230|102110|117680|122630|132030|133690|143860|161510|192090|219480|229200|305540;148070;153130
robust,2025-26,False,True,True,0.842,0.541,114800|261240;261220;069500|091170|091180|091230|102110|117680|122630|132030|133690|143860|161510|192090|219480|229200|305540;148070;153130
robust,2025-26,False,False,False,0.816,0.475,261220;261240;069500|091170|091180|091230|102110|117680|132030|133690|143860|161510|192090|219480|229200|305540;148070;153130
robust,2025-26,False,False,True,0.816,0.473,261220;261240;069500|091170|091180|091230|102110|117680|132030|133690|143860|161510|192090|219480|229200|305540;148070;153130
robust,2025-26,True,True,False,0.842,0.52,114800|261240;261220;069500|091170|091180|091230|102110|117680|122630|132030|133690|143860|161510|192090|219480|229200|305540;148070;153130
robust,2025-26,True,True,True,0.842,0.514,114800|261240;261220;069500|091170|091180|091230|102110|117680|122630|132030|133690|143860|161510|192090|219480|229200|305540;148070;153130
robust,2025-26,True,False,False,0.816,0.46,261220;261240;069500|091170|091180|091230|102110|117680|132030|133690|143860|161510|192090|219480|229200|305540;148070;153130
robust,2025-26,True,False,True,0.816,0.453,261220;261240;069500|091170|091180|091230|102110|117680|132030|133690|143860|161510|192090|219480|229200|305540;148070;153130
rank,all,False,True,False,1.0,0.43,114800|261240;069500|091170|091180|091230|102110|117680|122630|133690|143860|161510|192090|219480|229200|305540;261220;132030|148070;153130
rank,all,False,True,True,1.0,0.431,114800|261240;069500|091170|091180|091230|102110|117680|122630|133690|143860|161510|192090|219480|229200|305540;261220;132030|148070;153130
rank,all,False,False,False,1.0,0.381,069500|091170|091180|091230|102110|117680|133690|143860|161510|192090|219480|229200|305540;261220;132030|148070;153130;261240
rank,all,False,False,True,1.0,0.382,069500|091170|091180|091230|102110|117680|133690|143860|161510|192090|219480|229200|305540;261220;132030|148070;153130;261240
rank,all,True,True,False,1.0,0.43,114800|261240;069500|091170|091180|091230|102110|117680|122630|133690|143860|161510|192090|219480|229200|305540;261220;132030|148070;153130
rank,all,True,True,True,1.0,0.431,114800|261240;069500|091170|091180|091230|102110|117680|122630|133690|143860|161510|192090|219480|229200|305540;261220;132030|148070;153130
rank,all,True,False,False,1.0,0.38,069500|091170|091180|091230|102110|117680|133690|143860|161510|192090|219480|229200|305540;261220;132030|148070;153130;261240
rank,all,True,False,True,1.0,0.381,069500|091170|091180|091230|102110|117680|133690|143860|161510|192090|219480|229200|305540;261220;132030|148070;153130;261240
rank,2019-21,False,True,False,0.842,0.458,069500|091170|091180|091230|102110|117680|122630|133690|143860|161510|192090|219480|229200|261220|305540;114800|261240;132030;148070;153130
rank,2019-21,False,True,True,0.842,0.458,069500|091170|091180|091230|102110|117680|122630|133690|143860|161510|192090|219480|229200|261220|305540;114800|261240;132030;148070;153130
rank,2019-21,False,False,False,0.816,0.41,069500|091170|091180|091230|102110|117680|133690|143860|161510|192090|219480|229200|261220|305540;132030;148070;153130;261240
rank,2019-21,False,False,True,0.816,0.41,069500|091170|091180|091230|102110|117680|133690|143860|161510|192090|219480|229200|261220|305540;132030;148070;153130;261240
rank,2019-21,True,True,False,0.842,0.458,069500|091170|091180|091230|102110|117680|122630|133690|143860|161510|192090|219480|229200|261220|305540;114800|261240;132030;148070;153130
rank,2019-21,True,True,True,0.842,0.458,069500|091170|091180|091230|102110|117680|122630|133690|143860|161510|192090|219480|229200|261220|305540;114800|261240;132030;148070;153130
rank,2019-21,True,False,False,0.816,0.41,069500|091170|091180|091230|102110|117680|133690|143860|161510|192090|219480|229200|261220|305540;132030;148070;153130;261240
rank,2019-21,True,False,True,0.816,0.41,069500|091170|091180|091230|102110|117680|133690|143860|161510|192090|219480|229200|261220|305540;132030;148070;153130;261240
rank,2022-24,False,True,False,0.726,0.435,114800|261240;132030|148070;153130;069500|091170|091180|091230|102110|117680|122630|133690|143860|161510|219480|229200|261220|305540;192090
rank,2022-24,False,True,True,0.726,0.436,114800|261240;132030|148070;153130;069500|091170|091180|091230|102110|117680|122630|133690|143860|161510|219480|229200|261220|305540;192090
rank,2022-24,False,False,False,0.686,0.382,132030|148070;153130;069500|091170|091180|091230|102110|117680|133690|143860|161510|219480|229200|261220|305540;192090;261240
rank,2022-24,False,False,True,0.686,0.383,132030|148070;153130;069500|091170|091180|091230|102110|117680|133690|143860|161510|219480|229200|261220|305540;192090;261240
rank,2022-24,True,True,False,0.726,0.435,114800|261240;132030|148070;153130;069500|091170|091180|091230|102110|117680|122630|133690|143860|161510|219480|229200|261220|305540;192090
rank,2022-24,True,True,True,0.726,0.436,114800|261240;132030|148070;153130;069500|091170|091180|091230|102110|117680|122630|133690|143860|161510|219480|229200|261220|305540;192090
rank,2022-24,True,False,False,0.686,0.382,132030|148070;153130;069500|091170|091180|091230|102110|117680|133690|143860|161510|219480|229200|261220|305540;192090;261240
rank,2022-24,True,False,True,0.686,0.383,132030|148070;153130;069500|091170|091180|091230|102110|117680|133690|143860|161510|219480|229200|261220|305540;192090;261240
rank,2025-26,False,True,False,0.842,0.417,114800|261240;261220;069500|091170|091180|091230|102110|117680|122630|132030|133690|143860|161510|192090|219480|229200|305540;148070;153130
rank,2025-26,False,True,True,0.705,0.418,114800|261240;261220;148070|153130;069500|091170|091180|091230|102110|117680|122630|132030|133690|143860|161510|219480|229200|305540;192090
rank,2025-26,False,False,False,0.66,0.374,069500|091170|091180|091230|102110|117680|132030|133690|143860|161510|219480|229200|305540;148070;153130;192090|261240;261220
rank,2025-26,False,False,True,0.66,0.375,069500|091170|091180|091230|102110|117680|132030|133690|143860|161510|219480|229200|305540;148070;153130;192090|261240;261220
rank,2025-26,True,True,False,0.705,0.413,114800|261240;261220;148070|153130;069500|091170|091180|091230|102110|117680|122630|132030|133690|143860|161510|219480|229200|305540;192090
rank,2025-26,True,True,True,0.705,0.414,114800|261240;261220;148070|153130;069500|091170|091180|091230|102110|117680|122630|132030|133690|143860|161510|219480|229200|305540;192090
rank,2025-26,True,False,False,0.66,0.369,069500|091170|091180|091230|102110|117680|132030|133690|143860|161510|219480|229200|305540;148070;153130;192090|261240;261220
rank,2025-26,True,False,True,0.66,0.37,069500|091170|091180|091230|102110|117680|132030|133690|143860|161510|219480|229200|305540;148070;153130;192090|261240;261220
