,kurt_all,kurt_lwo,sd_bp_all,sd_bp_lwo,kurt_drop_pct
069500,19.06,9.6,179.29,166.46,49.65
091170,4.33,4.4,172.46,172.06,-1.72
091180,6.63,6.77,196.91,194.46,-2.16
091230,10.46,5.16,245.42,232.51,50.68
102110,19.9,9.51,178.92,165.63,52.22
114800,24.46,8.5,183.03,168.71,65.24
117680,5.39,5.62,206.17,203.89,-4.25
122630,15.92,10.1,356.84,333.92,36.54
132030,15.78,15.98,118.19,118.07,-1.24
133690,5.1,5.24,133.76,133.18,-2.7
143860,5.33,5.49,193.82,192.7,-3.03
148070,3.04,3.08,38.4,38.35,-1.34
153130,323.76,323.19,2.04,2.05,0.17
161510,10.86,11.15,133.28,132.62,-2.66
192090,6.13,6.24,127.87,127.36,-1.9
219480,10.58,10.63,118.9,119.0,-0.54
229200,6.57,6.37,210.8,204.02,2.93
261220,27.44,28.1,301.63,300.48,-2.42
261240,301.09,300.57,84.98,85.19,0.17
305540,6.4,6.67,257.31,254.99,-4.24
