comparison,a,b,corr_2019_25,corr_2026,fisher_z
2026_vs_2019-25,069500,091170,0.6543,0.4207,-4.2783
2026_vs_2019-25,069500,091180,0.6865,0.6704,-0.3832
2026_vs_2019-25,069500,091230,0.7993,0.9478,9.1267
2026_vs_2019-25,069500,102110,0.9984,0.9995,7.3368
2026_vs_2019-25,069500,114800,-0.9961,-0.9958,0.4734
2026_vs_2019-25,069500,117680,0.6331,0.6089,-0.5031
2026_vs_2019-25,069500,122630,0.9979,0.998,0.3258
2026_vs_2019-25,069500,132030,0.1883,0.3867,2.7817
2026_vs_2019-25,069500,133690,0.5037,0.5929,1.6375
2026_vs_2019-25,069500,143860,0.5581,0.5022,-0.9945
2026_vs_2019-25,069500,148070,0.0625,0.3695,4.1623
2026_vs_2019-25,069500,153130,0.0075,0.2947,3.7896
2026_vs_2019-25,069500,161510,0.7126,0.6469,-1.567
2026_vs_2019-25,069500,192090,0.2737,0.4673,2.8892
2026_vs_2019-25,069500,219480,0.6703,0.5994,-1.523
2026_vs_2019-25,069500,229200,0.7213,0.6747,-1.1636
2026_vs_2019-25,069500,261220,0.2875,-0.3626,-8.6453
2026_vs_2019-25,069500,261240,-0.5459,-0.4085,2.2858
2026_vs_2019-25,069500,305540,0.6208,0.5746,-0.921
2026_vs_2019-25,091170,091180,0.5004,0.5211,0.3583
2026_vs_2019-25,091170,091230,0.3869,0.3409,-0.6784
2026_vs_2019-25,091170,102110,0.653,0.4209,-4.2442
2026_vs_2019-25,091170,114800,-0.6487,-0.4108,4.304
2026_vs_2019-25,091170,117680,0.5162,0.5756,1.0844
2026_vs_2019-25,091170,122630,0.6495,0.4284,-4.0494
2026_vs_2019-25,091170,132030,0.1214,0.3529,3.1571
2026_vs_2019-25,091170,133690,0.2492,0.3201,0.9879
2026_vs_2019-25,091170,143860,0.3255,0.4977,2.6666
2026_vs_2019-25,091170,148070,0.0144,0.2743,3.4173
2026_vs_2019-25,091170,153130,-0.0173,0.2145,3.0093
2026_vs_2019-25,091170,161510,0.8733,0.8277,-2.1274
2026_vs_2019-25,091170,192090,0.1664,0.2403,0.9865
2026_vs_2019-25,091170,219480,0.4696,0.4787,0.1499
2026_vs_2019-25,091170,229200,0.3934,0.4145,0.3239
2026_vs_2019-25,091170,261220,0.2359,-0.3061,-7.1227
2026_vs_2019-25,091170,261240,-0.4074,-0.2764,1.9025
2026_vs_2019-25,091170,305540,0.317,0.4914,2.683
2026_vs_2019-25,091180,091230,0.4705,0.5953,2.2406
2026_vs_2019-25,091180,102110,0.6863,0.6704,-0.3767
2026_vs_2019-25,091180,114800,-0.6833,-0.6599,0.5437
2026_vs_2019-25,091180,117680,0.4976,0.7201,4.6293
2026_vs_2019-25,091180,122630,0.6855,0.6812,-0.1052
2026_vs_2019-25,091180,132030,0.1072,0.3881,3.8637
2026_vs_2019-25,091180,133690,0.3183,0.4418,1.8517
2026_vs_2019-25,091180,143860,0.3626,0.4898,1.9958
2026_vs_2019-25,091180,148070,0.02,0.342,4.3045
2026_vs_2019-25,091180,153130,-0.0102,0.1706,2.3346
2026_vs_2019-25,091180,161510,0.5862,0.7701,4.4628
2026_vs_2019-25,091180,192090,0.198,0.2281,0.4038
2026_vs_2019-25,091180,219480,0.4595,0.5544,1.6378
2026_vs_2019-25,091180,229200,0.4764,0.57,1.6543
2026_vs_2019-25,091180,261220,0.2196,-0.3696,-7.8197
2026_vs_2019-25,091180,261240,-0.3437,-0.3412,0.0376
2026_vs_2019-25,091180,305540,0.4465,0.6571,3.9339
2026_vs_2019-25,091230,102110,0.798,0.947,9.073
2026_vs_2019-25,091230,114800,-0.7988,-0.9438,-8.6576
2026_vs_2019-25,091230,117680,0.4528,0.5723,2.0827
2026_vs_2019-25,091230,122630,0.8019,0.9442,8.5906
2026_vs_2019-25,091230,132030,0.1449,0.3188,2.3593
2026_vs_2019-25,091230,133690,0.505,0.5823,1.4061
2026_vs_2019-25,091230,143860,0.4655,0.5061,0.6802
2026_vs_2019-25,091230,148070,0.0604,0.3486,3.8818
2026_vs_2019-25,091230,153130,0.0224,0.2848,3.4603
2026_vs_2019-25,091230,161510,0.4399,0.5618,2.0898
2026_vs_2019-25,091230,192090,0.2729,0.4375,2.4203
2026_vs_2019-25,091230,219480,0.5639,0.5503,-0.253
2026_vs_2019-25,091230,229200,0.6955,0.7585,1.7167
2026_vs_2019-25,091230,261220,0.2209,-0.3331,-7.3049
2026_vs_2019-25,091230,261240,-0.4207,-0.3634,0.8665
2026_vs_2019-25,091230,305540,0.5132,0.5429,0.5274
2026_vs_2019-25,102110,114800,-0.9953,-0.9963,-1.5339
2026_vs_2019-25,102110,117680,0.6321,0.607,-0.521
2026_vs_2019-25,102110,122630,0.9972,0.9972,0.0114
2026_vs_2019-25,102110,132030,0.1898,0.384,2.7212
2026_vs_2019-25,102110,133690,0.5075,0.5906,1.526
2026_vs_2019-25,102110,143860,0.5579,0.4988,-1.0508
2026_vs_2019-25,102110,148070,0.0596,0.3693,4.195
2026_vs_2019-25,102110,153130,0.0053,0.2908,3.7636
2026_vs_2019-25,102110,161510,0.7118,0.6472,-1.5404
2026_vs_2019-25,102110,192090,0.2721,0.4624,2.8307
2026_vs_2019-25,102110,219480,0.6724,0.5976,-1.6071
2026_vs_2019-25,102110,229200,0.7206,0.6708,-1.2357
2026_vs_2019-25,102110,261220,0.2848,-0.3643,-8.6335
2026_vs_2019-25,102110,261240,-0.544,-0.4101,2.2271
2026_vs_2019-25,102110,305540,0.6202,0.574,-0.9193
2026_vs_2019-25,114800,117680,-0.6278,-0.5928,0.7133
2026_vs_2019-25,114800,122630,-0.9954,-0.991,4.2994
2026_vs_2019-25,114800,132030,-0.1856,-0.3845,-2.784
2026_vs_2019-25,114800,133690,-0.5046,-0.5906,-1.5763
2026_vs_2019-25,114800,143860,-0.5564,-0.4884,1.1975
2026_vs_2019-25,114800,148070,-0.0628,-0.3797,-4.3102
2026_vs_2019-25,114800,153130,-0.0069,-0.2834,-3.6401
2026_vs_2019-25,114800,161510,-0.7044,-0.6354,1.606
2026_vs_2019-25,114800,192090,-0.2736,-0.4441,-2.5152
2026_vs_2019-25,114800,219480,-0.6672,-0.6068,1.303
2026_vs_2019-25,114800,229200,-0.7193,-0.6637,1.3674
2026_vs_2019-25,114800,261220,-0.2858,0.371,8.7461
2026_vs_2019-25,114800,261240,0.5457,0.4244,-2.0362
2026_vs_2019-25,114800,305540,-0.6204,-0.5568,1.2465
2026_vs_2019-25,117680,122630,0.6321,0.6168,-0.3202
2026_vs_2019-25,117680,132030,0.1453,0.5011,5.1747
2026_vs_2019-25,117680,133690,0.2402,0.3948,2.2068
2026_vs_2019-25,117680,143860,0.375,0.7038,6.1495
2026_vs_2019-25,117680,148070,0.0182,0.2751,3.3797
2026_vs_2019-25,117680,153130,0.0052,0.2234,2.8409
2026_vs_2019-25,117680,161510,0.6148,0.7904,4.5523
2026_vs_2019-25,117680,192090,0.2266,0.2129,-0.1853
2026_vs_2019-25,117680,219480,0.4162,0.5366,1.9996
2026_vs_2019-25,117680,229200,0.5262,0.743,4.7622
2026_vs_2019-25,117680,261220,0.2606,-0.2933,-7.2808
2026_vs_2019-25,117680,261240,-0.3668,-0.3677,-0.014
2026_vs_2019-25,117680,305540,0.5564,0.8219,6.8471
2026_vs_2019-25,122630,132030,0.1872,0.3905,2.8529
2026_vs_2019-25,122630,133690,0.504,0.5938,1.6497
2026_vs_2019-25,122630,143860,0.5579,0.5067,-0.9149
2026_vs_2019-25,122630,148070,0.0634,0.371,4.1734
2026_vs_2019-25,122630,153130,0.0067,0.2938,3.7867
2026_vs_2019-25,122630,161510,0.7091,0.6557,-1.2808
2026_vs_2019-25,122630,192090,0.2748,0.4759,3.0147
2026_vs_2019-25,122630,219480,0.671,0.6036,-1.4547
2026_vs_2019-25,122630,229200,0.7213,0.6761,-1.1319
2026_vs_2019-25,122630,261220,0.2834,-0.3693,-8.6875
2026_vs_2019-25,122630,261240,-0.5457,-0.4114,2.2398
2026_vs_2019-25,122630,305540,0.6199,0.5834,-0.7317
2026_vs_2019-25,132030,133690,0.0411,0.2501,2.7434
2026_vs_2019-25,132030,143860,0.1108,0.3533,3.3003
2026_vs_2019-25,132030,148070,0.1992,0.2977,1.3451
2026_vs_2019-25,132030,153130,0.0621,0.1459,1.085
2026_vs_2019-25,132030,161510,0.1378,0.4291,4.0955
2026_vs_2019-25,132030,192090,0.0692,0.2359,2.1889
2026_vs_2019-25,132030,219480,0.1575,0.4739,4.5586
2026_vs_2019-25,132030,229200,0.1088,0.3601,3.4254
2026_vs_2019-25,132030,261220,0.1202,-0.2019,-4.1646
2026_vs_2019-25,132030,261240,-0.2988,-0.4287,-1.9198
2026_vs_2019-25,132030,305540,0.1188,0.3299,2.8579
2026_vs_2019-25,133690,143860,0.3352,0.3901,0.8078
2026_vs_2019-25,133690,148070,0.0413,0.2355,2.5429
2026_vs_2019-25,133690,153130,0.0064,0.2104,2.6502
2026_vs_2019-25,133690,161510,0.2693,0.3878,1.7019
2026_vs_2019-25,133690,192090,0.2916,0.5945,4.917
2026_vs_2019-25,133690,219480,0.8452,0.7447,-3.5568
2026_vs_2019-25,133690,229200,0.4524,0.536,1.4179
2026_vs_2019-25,133690,261220,0.218,-0.3362,-7.3103
2026_vs_2019-25,133690,261240,-0.1215,0.0618,2.3553
2026_vs_2019-25,133690,305540,0.3302,0.3698,0.5784
2026_vs_2019-25,143860,148070,0.1059,0.2316,1.659
2026_vs_2019-25,143860,153130,0.029,0.1618,1.7169
2026_vs_2019-25,143860,161510,0.3745,0.6356,4.5689
2026_vs_2019-25,143860,192090,0.1726,0.1897,0.2261
2026_vs_2019-25,143860,219480,0.4247,0.493,1.1078
2026_vs_2019-25,143860,229200,0.7754,0.8383,2.3275
2026_vs_2019-25,143860,261220,0.1208,-0.2918,-5.3983
2026_vs_2019-25,143860,261240,-0.3647,-0.2687,1.3666
2026_vs_2019-25,143860,305540,0.4029,0.6786,5.1107
2026_vs_2019-25,148070,153130,0.1898,0.1968,0.0927
2026_vs_2019-25,148070,161510,-0.0082,0.302,4.093
2026_vs_2019-25,148070,192090,-0.1011,0.1038,2.6313
2026_vs_2019-25,148070,219480,0.0957,0.5187,6.1229
2026_vs_2019-25,148070,229200,0.0864,0.2893,2.7022
2026_vs_2019-25,148070,261220,-0.0763,-0.6278,-8.4618
2026_vs_2019-25,148070,261240,-0.1997,-0.4791,-4.0872
2026_vs_2019-25,148070,305540,0.0616,0.2487,2.4609
2026_vs_2019-25,153130,161510,-0.0213,0.2211,3.1498
2026_vs_2019-25,153130,192090,0.0002,0.1745,2.2541
2026_vs_2019-25,153130,219480,0.0262,0.189,2.1127
2026_vs_2019-25,153130,229200,0.0188,0.217,2.5807
2026_vs_2019-25,153130,261220,-0.0234,-0.152,-1.6596
2026_vs_2019-25,153130,261240,-0.0645,-0.0474,0.219
2026_vs_2019-25,153130,305540,0.0221,0.2304,2.7193
2026_vs_2019-25,161510,192090,0.2033,0.2144,0.1481
2026_vs_2019-25,161510,219480,0.5001,0.5714,1.281
2026_vs_2019-25,161510,229200,0.4427,0.603,2.8435
2026_vs_2019-25,161510,261220,0.3001,-0.3545,-8.7033
2026_vs_2019-25,161510,261240,-0.41,-0.3949,0.2301
2026_vs_2019-25,161510,305540,0.3841,0.6697,5.1867
2026_vs_2019-25,192090,219480,0.2804,0.3096,0.4094
2026_vs_2019-25,192090,229200,0.2681,0.3006,0.453
2026_vs_2019-25,192090,261220,0.167,-0.1638,-4.2715
2026_vs_2019-25,192090,261240,-0.0959,0.1989,3.8101
2026_vs_2019-25,192090,305540,0.2119,0.1912,-0.2759
2026_vs_2019-25,219480,229200,0.5437,0.5452,0.0262
2026_vs_2019-25,219480,261220,0.3284,-0.6115,-13.4652
2026_vs_2019-25,219480,261240,-0.4724,-0.4975,-0.42
2026_vs_2019-25,219480,305540,0.4236,0.4644,0.6507
2026_vs_2019-25,229200,261220,0.1875,-0.2745,-6.0337
2026_vs_2019-25,229200,261240,-0.4635,-0.2801,2.7368
2026_vs_2019-25,229200,305540,0.7081,0.7421,0.9176
2026_vs_2019-25,261220,261240,-0.1746,0.4017,7.7046
2026_vs_2019-25,261220,305540,0.1982,-0.2263,-5.5156
2026_vs_2019-25,261240,305540,-0.3821,-0.3243,0.8454
2026lwo_vs_2019-25,069500,091170,0.6543,0.4526,-3.6187
2026lwo_vs_2019-25,069500,091180,0.6865,0.6764,-0.2321
2026lwo_vs_2019-25,069500,091230,0.7993,0.9354,7.4035
2026lwo_vs_2019-25,069500,102110,0.9984,0.9995,7.0738
2026lwo_vs_2019-25,069500,114800,-0.9961,-0.9966,-0.9068
2026lwo_vs_2019-25,069500,117680,0.6331,0.6186,-0.2914
2026lwo_vs_2019-25,069500,122630,0.9979,0.999,4.3204
2026lwo_vs_2019-25,069500,132030,0.1883,0.417,3.1102
2026lwo_vs_2019-25,069500,133690,0.5037,0.5388,0.5917
2026lwo_vs_2019-25,069500,143860,0.5581,0.5567,-0.024
2026lwo_vs_2019-25,069500,148070,0.0625,0.393,4.3281
2026lwo_vs_2019-25,069500,153130,0.0075,0.2707,3.3149
2026lwo_vs_2019-25,069500,161510,0.7126,0.66,-1.2232
2026lwo_vs_2019-25,069500,192090,0.2737,0.4532,2.5508
2026lwo_vs_2019-25,069500,219480,0.6703,0.6105,-1.2451
2026lwo_vs_2019-25,069500,229200,0.7213,0.6592,-1.4575
2026lwo_vs_2019-25,069500,261220,0.2875,-0.3979,-8.7964
2026lwo_vs_2019-25,069500,261240,-0.5459,-0.4646,1.3415
2026lwo_vs_2019-25,069500,305540,0.6208,0.5698,-0.9703
2026lwo_vs_2019-25,091170,091180,0.5004,0.5262,0.4297
2026lwo_vs_2019-25,091170,091230,0.3869,0.3599,-0.3848
2026lwo_vs_2019-25,091170,102110,0.653,0.4544,-3.56
2026lwo_vs_2019-25,091170,114800,-0.6487,-0.4515,3.5138
2026lwo_vs_2019-25,091170,117680,0.5162,0.5851,1.2148
2026lwo_vs_2019-25,091170,122630,0.6495,0.4517,-3.5287
2026lwo_vs_2019-25,091170,132030,0.1214,0.3561,3.0724
2026lwo_vs_2019-25,091170,133690,0.2492,0.3199,0.9439
2026lwo_vs_2019-25,091170,143860,0.3255,0.5158,2.8564
2026lwo_vs_2019-25,091170,148070,0.0144,0.2963,3.5705
2026lwo_vs_2019-25,091170,153130,-0.0173,0.2162,2.9073
2026lwo_vs_2019-25,091170,161510,0.8733,0.8384,-1.6101
2026lwo_vs_2019-25,091170,192090,0.1664,0.2136,0.6015
2026lwo_vs_2019-25,091170,219480,0.4696,0.5042,0.5559
2026lwo_vs_2019-25,091170,229200,0.3934,0.4386,0.6709
2026lwo_vs_2019-25,091170,261220,0.2359,-0.3205,-7.0253
2026lwo_vs_2019-25,091170,261240,-0.4074,-0.2972,1.5463
2026lwo_vs_2019-25,091170,305540,0.317,0.4886,2.5264
2026lwo_vs_2019-25,091180,091230,0.4705,0.5786,1.8355
2026lwo_vs_2019-25,091180,102110,0.6863,0.6784,-0.181
2026lwo_vs_2019-25,091180,114800,-0.6833,-0.6727,0.2396
2026lwo_vs_2019-25,091180,117680,0.4976,0.7186,4.3984
2026lwo_vs_2019-25,091180,122630,0.6855,0.6811,-0.1016
2026lwo_vs_2019-25,091180,132030,0.1072,0.3768,3.5425
2026lwo_vs_2019-25,091180,133690,0.3183,0.3934,1.0561
2026lwo_vs_2019-25,091180,143860,0.3626,0.5028,2.1255
2026lwo_vs_2019-25,091180,148070,0.02,0.3515,4.2597
2026lwo_vs_2019-25,091180,153130,-0.0102,0.1629,2.1416
2026lwo_vs_2019-25,091180,161510,0.5862,0.7826,4.663
2026lwo_vs_2019-25,091180,192090,0.198,0.184,-0.1789
2026lwo_vs_2019-25,091180,219480,0.4595,0.5371,1.2678
2026lwo_vs_2019-25,091180,229200,0.4764,0.5416,1.0822
2026lwo_vs_2019-25,091180,261220,0.2196,-0.3805,-7.6545
2026lwo_vs_2019-25,091180,261240,-0.3437,-0.3596,-0.2219
2026lwo_vs_2019-25,091180,305540,0.4465,0.6435,3.4823
2026lwo_vs_2019-25,091230,102110,0.798,0.935,7.4094
2026lwo_vs_2019-25,091230,114800,-0.7988,-0.9326,-7.1453
2026lwo_vs_2019-25,091230,117680,0.4528,0.5713,1.9775
2026lwo_vs_2019-25,091230,122630,0.8019,0.9317,6.956
2026lwo_vs_2019-25,091230,132030,0.1449,0.3357,2.4941
2026lwo_vs_2019-25,091230,133690,0.505,0.5071,0.0336
2026lwo_vs_2019-25,091230,143860,0.4655,0.5514,1.4229
2026lwo_vs_2019-25,091230,148070,0.0604,0.3637,3.9341
2026lwo_vs_2019-25,091230,153130,0.0224,0.2745,3.1812
2026lwo_vs_2019-25,091230,161510,0.4399,0.5594,1.961
2026lwo_vs_2019-25,091230,192090,0.2729,0.4239,2.116
2026lwo_vs_2019-25,091230,219480,0.5639,0.5371,-0.4726
2026lwo_vs_2019-25,091230,229200,0.6955,0.745,1.2662
2026lwo_vs_2019-25,091230,261220,0.2209,-0.3488,-7.2219
2026lwo_vs_2019-25,091230,261240,-0.4207,-0.424,-0.0496
2026lwo_vs_2019-25,091230,305540,0.5132,0.5309,0.2986
2026lwo_vs_2019-25,102110,114800,-0.9953,-0.997,-2.8606
2026lwo_vs_2019-25,102110,117680,0.6321,0.6176,-0.291
2026lwo_vs_2019-25,102110,122630,0.9972,0.9987,4.9642
2026lwo_vs_2019-25,102110,132030,0.1898,0.4156,3.0704
2026lwo_vs_2019-25,102110,133690,0.5075,0.5367,0.4917
2026lwo_vs_2019-25,102110,143860,0.5579,0.5562,-0.0308
2026lwo_vs_2019-25,102110,148070,0.0596,0.3949,4.3913
2026lwo_vs_2019-25,102110,153130,0.0053,0.2653,3.2701
2026lwo_vs_2019-25,102110,161510,0.7118,0.6616,-1.1671
2026lwo_vs_2019-25,102110,192090,0.2721,0.4483,2.4957
2026lwo_vs_2019-25,102110,219480,0.6724,0.6117,-1.2681
2026lwo_vs_2019-25,102110,229200,0.7206,0.6577,-1.4728
2026lwo_vs_2019-25,102110,261220,0.2848,-0.4024,-8.8268
2026lwo_vs_2019-25,102110,261240,-0.544,-0.4683,1.2506
2026lwo_vs_2019-25,102110,305540,0.6202,0.5703,-0.9485
2026lwo_vs_2019-25,114800,117680,-0.6278,-0.6056,0.4395
2026lwo_vs_2019-25,114800,122630,-0.9954,-0.9953,0.1185
2026lwo_vs_2019-25,114800,132030,-0.1856,-0.4214,-3.2094
2026lwo_vs_2019-25,114800,133690,-0.5046,-0.5383,-0.5685
2026lwo_vs_2019-25,114800,143860,-0.5564,-0.5443,0.2137
2026lwo_vs_2019-25,114800,148070,-0.0628,-0.4049,-4.4978
2026lwo_vs_2019-25,114800,153130,-0.0069,-0.2524,-3.0802
2026lwo_vs_2019-25,114800,161510,-0.7044,-0.656,1.1055
2026lwo_vs_2019-25,114800,192090,-0.2736,-0.4335,-2.2507
2026lwo_vs_2019-25,114800,219480,-0.6672,-0.6224,0.943
2026lwo_vs_2019-25,114800,229200,-0.7193,-0.646,1.6913
2026lwo_vs_2019-25,114800,261220,-0.2858,0.4096,8.9457
2026lwo_vs_2019-25,114800,261240,0.5457,0.4845,-1.0224
2026lwo_vs_2019-25,114800,305540,-0.6204,-0.5563,1.204
2026lwo_vs_2019-25,117680,122630,0.6321,0.6223,-0.1968
2026lwo_vs_2019-25,117680,132030,0.1453,0.5056,5.0355
2026lwo_vs_2019-25,117680,133690,0.2402,0.3561,1.5631
2026lwo_vs_2019-25,117680,143860,0.375,0.6945,5.6743
2026lwo_vs_2019-25,117680,148070,0.0182,0.3004,3.5792
2026lwo_vs_2019-25,117680,153130,0.0052,0.2208,2.6903
2026lwo_vs_2019-25,117680,161510,0.6148,0.7874,4.2684
2026lwo_vs_2019-25,117680,192090,0.2266,0.1821,-0.5699
2026lwo_vs_2019-25,117680,219480,0.4162,0.5374,1.9323
2026lwo_vs_2019-25,117680,229200,0.5262,0.7441,4.5972
2026lwo_vs_2019-25,117680,261220,0.2606,-0.3183,-7.3183
2026lwo_vs_2019-25,117680,261240,-0.3668,-0.3914,-0.3531
2026lwo_vs_2019-25,117680,305540,0.5564,0.8161,6.3482
2026lwo_vs_2019-25,122630,132030,0.1872,0.4149,3.092
2026lwo_vs_2019-25,122630,133690,0.504,0.5363,0.543
2026lwo_vs_2019-25,122630,143860,0.5579,0.5554,-0.0445
2026lwo_vs_2019-25,122630,148070,0.0634,0.3929,4.3157
2026lwo_vs_2019-25,122630,153130,0.0067,0.2724,3.3452
2026lwo_vs_2019-25,122630,161510,0.7091,0.6632,-1.0652
2026lwo_vs_2019-25,122630,192090,0.2748,0.4553,2.5681
2026lwo_vs_2019-25,122630,219480,0.671,0.609,-1.2897
2026lwo_vs_2019-25,122630,229200,0.7213,0.658,-1.485
2026lwo_vs_2019-25,122630,261220,0.2834,-0.4016,-8.7955
2026lwo_vs_2019-25,122630,261240,-0.5457,-0.4656,1.3232
2026lwo_vs_2019-25,122630,305540,0.6199,0.5749,-0.8597
2026lwo_vs_2019-25,132030,133690,0.0411,0.2376,2.4673
2026lwo_vs_2019-25,132030,143860,0.1108,0.356,3.2023
2026lwo_vs_2019-25,132030,148070,0.1992,0.2949,1.2516
2026lwo_vs_2019-25,132030,153130,0.0621,0.1535,1.1353
2026lwo_vs_2019-25,132030,161510,0.1378,0.434,4.0018
2026lwo_vs_2019-25,132030,192090,0.0692,0.2231,1.9334
2026lwo_vs_2019-25,132030,219480,0.1575,0.4734,4.3634
2026lwo_vs_2019-25,132030,229200,0.1088,0.3635,3.3327
2026lwo_vs_2019-25,132030,261220,0.1202,-0.188,-3.8157
2026lwo_vs_2019-25,132030,261240,-0.2988,-0.4403,-2.0162
2026lwo_vs_2019-25,132030,305540,0.1188,0.3253,2.6772
2026lwo_vs_2019-25,133690,143860,0.3352,0.3934,0.8233
2026lwo_vs_2019-25,133690,148070,0.0413,0.2085,2.0901
2026lwo_vs_2019-25,133690,153130,0.0064,0.212,2.5621
2026lwo_vs_2019-25,133690,161510,0.2693,0.3699,1.3754
2026lwo_vs_2019-25,133690,192090,0.2916,0.5692,4.245
2026lwo_vs_2019-25,133690,219480,0.8452,0.7201,-4.0618
2026lwo_vs_2019-25,133690,229200,0.4524,0.4586,0.0954
2026lwo_vs_2019-25,133690,261220,0.218,-0.316,-6.7324
2026lwo_vs_2019-25,133690,261240,-0.1215,0.0523,2.1406
2026lwo_vs_2019-25,133690,305540,0.3302,0.3372,0.0966
2026lwo_vs_2019-25,143860,148070,0.1059,0.2414,1.7174
2026lwo_vs_2019-25,143860,153130,0.029,0.1809,1.8886
2026lwo_vs_2019-25,143860,161510,0.3745,0.6405,4.4822
2026lwo_vs_2019-25,143860,192090,0.1726,0.1844,0.1502
2026lwo_vs_2019-25,143860,219480,0.4247,0.5003,1.1807
2026lwo_vs_2019-25,143860,229200,0.7754,0.8682,3.5822
2026lwo_vs_2019-25,143860,261220,0.1208,-0.3045,-5.3471
2026lwo_vs_2019-25,143860,261240,-0.3647,-0.2822,1.1321
2026lwo_vs_2019-25,143860,305540,0.4029,0.6771,4.866
2026lwo_vs_2019-25,148070,153130,0.1898,0.1904,0.0074
2026lwo_vs_2019-25,148070,161510,-0.0082,0.3264,4.2567
2026lwo_vs_2019-25,148070,192090,-0.1011,0.0913,2.3678
2026lwo_vs_2019-25,148070,219480,0.0957,0.5023,5.5989
2026lwo_vs_2019-25,148070,229200,0.0864,0.288,2.5742
2026lwo_vs_2019-25,148070,261220,-0.0763,-0.606,-7.6828
2026lwo_vs_2019-25,148070,261240,-0.1997,-0.4896,-4.0875
2026lwo_vs_2019-25,148070,305540,0.0616,0.272,2.6663
2026lwo_vs_2019-25,153130,161510,-0.0213,0.2076,2.8458
2026lwo_vs_2019-25,153130,192090,0.0002,0.2062,2.5642
2026lwo_vs_2019-25,153130,219480,0.0262,0.1839,1.9608
2026lwo_vs_2019-25,153130,229200,0.0188,0.2371,2.735
2026lwo_vs_2019-25,153130,261220,-0.0234,-0.1592,-1.6826
2026lwo_vs_2019-25,153130,261240,-0.0645,-0.0354,0.3567
2026lwo_vs_2019-25,153130,305540,0.0221,0.2413,2.7494
2026lwo_vs_2019-25,161510,192090,0.2033,0.1839,-0.2469
2026lwo_vs_2019-25,161510,219480,0.5001,0.597,1.7053
2026lwo_vs_2019-25,161510,229200,0.4427,0.6107,2.8761
2026lwo_vs_2019-25,161510,261220,0.3001,-0.382,-8.7352
2026lwo_vs_2019-25,161510,261240,-0.41,-0.423,-0.193
2026lwo_vs_2019-25,161510,305540,0.3841,0.6552,4.6558
2026lwo_vs_2019-25,192090,219480,0.2804,0.2614,-0.2526
2026lwo_vs_2019-25,192090,229200,0.2681,0.2551,-0.1717
2026lwo_vs_2019-25,192090,261220,0.167,-0.1518,-3.9457
2026lwo_vs_2019-25,192090,261240,-0.0959,0.2181,3.8996
2026lwo_vs_2019-25,192090,305540,0.2119,0.1366,-0.9532
2026lwo_vs_2019-25,219480,229200,0.5437,0.5039,-0.6728
2026lwo_vs_2019-25,219480,261220,0.3284,-0.6044,-12.7726
2026lwo_vs_2019-25,219480,261240,-0.4724,-0.5416,-1.1436
2026lwo_vs_2019-25,219480,305540,0.4236,0.4699,0.7093
2026lwo_vs_2019-25,229200,261220,0.1875,-0.2633,-5.6366
2026lwo_vs_2019-25,229200,261240,-0.4635,-0.3221,2.0581
2026lwo_vs_2019-25,229200,305540,0.7081,0.745,0.961
2026lwo_vs_2019-25,261220,261240,-0.1746,0.4232,7.7055
2026lwo_vs_2019-25,261220,305540,0.1982,-0.2543,-5.6539
2026lwo_vs_2019-25,261240,305540,-0.3821,-0.3398,0.5976
2019_vs_rest,069500,091170,0.6597,0.5733,-2.0158
2019_vs_rest,069500,091180,0.6986,0.5082,-4.3856
2019_vs_rest,069500,091230,0.8075,0.7403,-2.4324
2019_vs_rest,069500,102110,0.9985,0.9973,-4.1145
2019_vs_rest,069500,114800,-0.9961,-0.9955,1.0809
2019_vs_rest,069500,117680,0.628,0.7341,2.874
2019_vs_rest,069500,122630,0.9979,0.9977,-0.819
2019_vs_rest,069500,132030,0.2154,-0.152,-5.3624
2019_vs_rest,069500,133690,0.5127,0.3661,-2.6308
2019_vs_rest,069500,143860,0.5745,0.4415,-2.597
2019_vs_rest,069500,148070,0.092,-0.4035,-7.4967
2019_vs_rest,069500,153130,0.0061,0.0322,0.3759
2019_vs_rest,069500,161510,0.7103,0.7525,1.3106
2019_vs_rest,069500,192090,0.2622,0.4152,2.4993
2019_vs_rest,069500,219480,0.6781,0.5464,-3.0616
2019_vs_rest,069500,229200,0.7361,0.5836,-3.9489
2019_vs_rest,069500,261220,0.2883,0.2749,-0.2106
2019_vs_rest,069500,261240,-0.5431,-0.5871,-0.9308
2019_vs_rest,069500,305540,0.6214,0.6136,-0.1815
2019_vs_rest,091170,091180,0.5139,0.3032,-3.6764
2019_vs_rest,091170,091230,0.3946,0.3188,-1.2529
2019_vs_rest,091170,102110,0.6584,0.5709,-2.0331
2019_vs_rest,091170,114800,-0.6536,-0.574,1.8447
2019_vs_rest,091170,117680,0.5166,0.5137,-0.0564
2019_vs_rest,091170,122630,0.6547,0.573,-1.8951
2019_vs_rest,091170,132030,0.1493,-0.2268,-5.4954
2019_vs_rest,091170,133690,0.2546,0.1706,-1.2687
2019_vs_rest,091170,143860,0.3402,0.2038,-2.1286
2019_vs_rest,091170,148070,0.0321,-0.2608,-4.3119
2019_vs_rest,091170,153130,-0.0209,0.0371,0.8357
2019_vs_rest,091170,161510,0.8786,0.7896,-4.3118
2019_vs_rest,091170,192090,0.1645,0.2015,0.5516
2019_vs_rest,091170,219480,0.4775,0.3503,-2.219
2019_vs_rest,091170,229200,0.403,0.2988,-1.7157
2019_vs_rest,091170,261220,0.2378,0.2082,-0.4492
2019_vs_rest,091170,261240,-0.4113,-0.3547,0.9567
2019_vs_rest,091170,305540,0.3223,0.2301,-1.4395
2019_vs_rest,091180,091230,0.4897,0.2746,-3.6594
2019_vs_rest,091180,102110,0.6984,0.5092,-4.3601
2019_vs_rest,091180,114800,-0.6954,-0.5056,4.3453
2019_vs_rest,091180,117680,0.5022,0.4307,-1.3189
2019_vs_rest,091180,122630,0.698,0.5054,-4.4226
2019_vs_rest,091180,132030,0.1154,0.0096,-1.5321
2019_vs_rest,091180,133690,0.3277,0.1803,-2.2769
2019_vs_rest,091180,143860,0.3849,0.1735,-3.3225
2019_vs_rest,091180,148070,0.0351,-0.2093,-3.569
2019_vs_rest,091180,153130,-0.0149,0.0739,1.2825
2019_vs_rest,091180,161510,0.5978,0.4081,-3.6969
2019_vs_rest,091180,192090,0.1965,0.2225,0.3923
2019_vs_rest,091180,219480,0.4724,0.2627,-3.519
2019_vs_rest,091180,229200,0.4979,0.2572,-4.0855
2019_vs_rest,091180,261220,0.2241,0.1481,-1.1349
2019_vs_rest,091180,261240,-0.3506,-0.2512,1.5761
2019_vs_rest,091180,305540,0.4611,0.2226,-3.926
2019_vs_rest,091230,102110,0.8063,0.7378,-2.4628
2019_vs_rest,091230,114800,-0.8072,-0.7386,2.4702
2019_vs_rest,091230,117680,0.447,0.5819,2.6567
2019_vs_rest,091230,122630,0.8101,0.7404,-2.5347
2019_vs_rest,091230,132030,0.1688,-0.0784,-3.5889
2019_vs_rest,091230,133690,0.5122,0.4412,-1.3252
2019_vs_rest,091230,143860,0.4757,0.3987,-1.3735
2019_vs_rest,091230,148070,0.0921,-0.311,-5.9691
2019_vs_rest,091230,153130,0.0261,-0.009,-0.5056
2019_vs_rest,091230,161510,0.4369,0.5094,1.3479
2019_vs_rest,091230,192090,0.2433,0.5039,4.4147
2019_vs_rest,091230,219480,0.5687,0.5353,-0.6919
2019_vs_rest,091230,229200,0.7058,0.6126,-2.3885
2019_vs_rest,091230,261220,0.2201,0.2425,0.3422
2019_vs_rest,091230,261240,-0.4182,-0.4554,-0.663
2019_vs_rest,091230,305540,0.5055,0.639,2.8818
2019_vs_rest,102110,114800,-0.9953,-0.9943,1.4251
2019_vs_rest,102110,117680,0.627,0.7324,2.8465
2019_vs_rest,102110,122630,0.9972,0.9963,-2.2017
2019_vs_rest,102110,132030,0.2165,-0.1455,-5.2838
2019_vs_rest,102110,133690,0.517,0.3641,-2.7478
2019_vs_rest,102110,143860,0.5743,0.4416,-2.5914
2019_vs_rest,102110,148070,0.0888,-0.4,-7.3907
2019_vs_rest,102110,153130,0.0037,0.0337,0.4316
2019_vs_rest,102110,161510,0.7096,0.7516,1.3016
2019_vs_rest,102110,192090,0.2607,0.4122,2.4717
2019_vs_rest,102110,219480,0.6804,0.546,-3.1303
2019_vs_rest,102110,229200,0.7356,0.5809,-3.9928
2019_vs_rest,102110,261220,0.2854,0.2764,-0.1408
2019_vs_rest,102110,261240,-0.5411,-0.5873,-0.9795
2019_vs_rest,102110,305540,0.6206,0.6145,-0.1427
2019_vs_rest,114800,117680,-0.6221,-0.7371,-3.1093
2019_vs_rest,114800,122630,-0.9953,-0.9966,-2.3883
2019_vs_rest,114800,132030,-0.2122,0.1473,5.2443
2019_vs_rest,114800,133690,-0.5135,-0.3692,2.5952
2019_vs_rest,114800,143860,-0.5728,-0.4391,2.6024
2019_vs_rest,114800,148070,-0.0919,0.3943,7.3375
2019_vs_rest,114800,153130,-0.0057,-0.0279,-0.3204
2019_vs_rest,114800,161510,-0.7018,-0.7482,-1.4127
2019_vs_rest,114800,192090,-0.2622,-0.4134,-2.4673
2019_vs_rest,114800,219480,-0.675,-0.5465,2.9749
2019_vs_rest,114800,229200,-0.7342,-0.5803,3.961
2019_vs_rest,114800,261220,-0.2863,-0.2792,0.1122
2019_vs_rest,114800,261240,0.5427,0.59,1.0062
2019_vs_rest,114800,305540,-0.6207,-0.6163,0.103
2019_vs_rest,117680,122630,0.6267,0.7385,3.044
2019_vs_rest,117680,132030,0.1619,-0.0905,-3.662
2019_vs_rest,117680,133690,0.2392,0.2671,0.4289
2019_vs_rest,117680,143860,0.3775,0.4015,0.409
2019_vs_rest,117680,148070,0.0395,-0.3678,-6.1334
2019_vs_rest,117680,153130,0.0037,0.0172,0.1938
2019_vs_rest,117680,161510,0.6104,0.7001,2.2779
2019_vs_rest,117680,192090,0.2182,0.37,2.4027
2019_vs_rest,117680,219480,0.4144,0.4621,0.8523
2019_vs_rest,117680,229200,0.5296,0.5312,0.0332
2019_vs_rest,117680,261220,0.2618,0.2467,-0.2333
2019_vs_rest,117680,261240,-0.3603,-0.486,-2.214
2019_vs_rest,117680,305540,0.5588,0.5132,-0.9229
2019_vs_rest,122630,132030,0.2145,-0.1492,-5.309
2019_vs_rest,122630,133690,0.5132,0.3664,-2.6356
2019_vs_rest,122630,143860,0.574,0.4437,-2.5474
2019_vs_rest,122630,148070,0.0937,-0.4057,-7.5602
2019_vs_rest,122630,153130,0.0055,0.0324,0.389
2019_vs_rest,122630,161510,0.7066,0.7534,1.4488
2019_vs_rest,122630,192090,0.2632,0.412,2.428
2019_vs_rest,122630,219480,0.6787,0.5516,-2.9678
2019_vs_rest,122630,229200,0.736,0.5842,-3.9331
2019_vs_rest,122630,261220,0.2837,0.2797,-0.0629
2019_vs_rest,122630,261240,-0.5425,-0.5925,-1.0643
2019_vs_rest,122630,305540,0.62,0.6203,0.0074
2019_vs_rest,132030,133690,0.069,-0.3092,-5.6047
2019_vs_rest,132030,143860,0.1428,-0.1506,-4.2596
2019_vs_rest,132030,148070,0.1875,0.3553,2.6206
2019_vs_rest,132030,153130,0.0654,0.0189,-0.6703
2019_vs_rest,132030,161510,0.1653,-0.2287,-5.7612
2019_vs_rest,132030,192090,0.0963,-0.1663,-3.8116
2019_vs_rest,132030,219480,0.1905,-0.2741,-6.8349
2019_vs_rest,132030,229200,0.1394,-0.1771,-4.6034
2019_vs_rest,132030,261220,0.1439,-0.2036,-5.0651
2019_vs_rest,132030,261240,-0.3229,-0.0213,4.5201
2019_vs_rest,132030,305540,0.1329,-0.0648,-2.8618
2019_vs_rest,133690,143860,0.3456,0.2643,-1.2933
2019_vs_rest,133690,148070,0.0555,-0.1859,-3.5127
2019_vs_rest,133690,153130,0.0013,0.1123,1.6067
2019_vs_rest,133690,161510,0.267,0.3121,0.709
2019_vs_rest,133690,192090,0.2817,0.4104,2.1113
2019_vs_rest,133690,219480,0.8466,0.8218,-1.1803
2019_vs_rest,133690,229200,0.463,0.3546,-1.8802
2019_vs_rest,133690,261220,0.2112,0.328,1.8186
2019_vs_rest,133690,261240,-0.1261,-0.0569,1.0066
2019_vs_rest,133690,305540,0.3278,0.3736,0.753
2019_vs_rest,143860,148070,0.1524,-0.3589,-7.6276
2019_vs_rest,143860,153130,0.0324,-0.0189,-0.7393
2019_vs_rest,143860,161510,0.3788,0.3685,-0.173
2019_vs_rest,143860,192090,0.16,0.2668,1.6156
2019_vs_rest,143860,219480,0.4348,0.3692,-1.1282
2019_vs_rest,143860,229200,0.7622,0.8787,5.3178
2019_vs_rest,143860,261220,0.1222,0.1252,0.0441
2019_vs_rest,143860,261240,-0.3675,-0.3592,0.1374
2019_vs_rest,143860,305540,0.4028,0.4436,0.7169
2019_vs_rest,148070,153130,0.1948,0.1172,-1.1476
2019_vs_rest,148070,161510,0.0128,-0.3574,-5.575
2019_vs_rest,148070,192090,-0.0917,-0.2157,-1.8325
2019_vs_rest,148070,219480,0.1213,-0.3298,-6.6958
2019_vs_rest,148070,229200,0.1301,-0.4161,-8.2708
2019_vs_rest,148070,261220,-0.0635,-0.3008,-3.557
2019_vs_rest,148070,261240,-0.236,0.3232,8.2997
2019_vs_rest,148070,305540,0.0848,-0.3186,-5.9838
2019_vs_rest,153130,161510,-0.0278,0.0898,1.6992
2019_vs_rest,153130,192090,-0.0007,0.0298,0.4396
2019_vs_rest,153130,219480,0.0256,0.0556,0.4331
2019_vs_rest,153130,229200,0.0183,0.0184,0.0006
2019_vs_rest,153130,261220,-0.0241,0.0058,0.4307
2019_vs_rest,153130,261240,-0.073,0.07,2.0649
2019_vs_rest,153130,305540,0.02,0.0525,0.4696
2019_vs_rest,161510,192090,0.1927,0.3476,2.415
2019_vs_rest,161510,219480,0.5009,0.4935,-0.1404
2019_vs_rest,161510,229200,0.4407,0.4936,0.9762
2019_vs_rest,161510,261220,0.3007,0.2956,-0.0803
2019_vs_rest,161510,261240,-0.4046,-0.4995,-1.7225
2019_vs_rest,161510,305540,0.3796,0.4602,1.4125
2019_vs_rest,192090,219480,0.2688,0.4274,2.6122
2019_vs_rest,192090,229200,0.2517,0.4025,2.4416
2019_vs_rest,192090,261220,0.1679,0.1672,-0.0113
2019_vs_rest,192090,261240,-0.0783,-0.2706,-2.8685
2019_vs_rest,192090,305540,0.199,0.3784,2.8321
2019_vs_rest,219480,229200,0.55,0.5034,-0.9311
2019_vs_rest,219480,261220,0.3247,0.3896,1.0736
2019_vs_rest,219480,261240,-0.4772,-0.4057,1.2814
2019_vs_rest,219480,305540,0.4187,0.5121,1.7225
2019_vs_rest,229200,261220,0.19,0.1736,-0.2452
2019_vs_rest,229200,261240,-0.462,-0.4886,-0.496
2019_vs_rest,229200,305540,0.7216,0.586,-3.4513
2019_vs_rest,261220,261240,-0.1749,-0.1734,0.022
2019_vs_rest,261220,305540,0.1982,0.2016,0.0513
2019_vs_rest,261240,305540,-0.3797,-0.4227,-0.7391
2020_vs_rest,069500,091170,0.5923,0.8013,6.1016
2020_vs_rest,069500,091180,0.6409,0.7917,4.583
2020_vs_rest,069500,091230,0.7825,0.8648,3.7687
2020_vs_rest,069500,102110,0.9982,0.9989,3.9
2020_vs_rest,069500,114800,-0.9962,-0.996,0.3269
2020_vs_rest,069500,117680,0.5607,0.8453,8.778
2020_vs_rest,069500,122630,0.9983,0.9969,-4.5793
2020_vs_rest,069500,132030,0.1569,0.273,1.767
2020_vs_rest,069500,133690,0.4914,0.5397,0.9539
2020_vs_rest,069500,143860,0.5341,0.6237,1.9585
2020_vs_rest,069500,148070,0.068,0.049,-0.2767
2020_vs_rest,069500,153130,0.0282,-0.0924,-1.7511
2020_vs_rest,069500,161510,0.633,0.8745,8.7724
2020_vs_rest,069500,192090,0.2106,0.4755,4.3943
2020_vs_rest,069500,219480,0.6331,0.7525,3.3633
2020_vs_rest,069500,229200,0.7009,0.7912,2.9788
2020_vs_rest,069500,261220,0.1857,0.4625,4.5292
2020_vs_rest,069500,261240,-0.4935,-0.7505,-6.28
2020_vs_rest,069500,305540,0.5659,0.782,5.9281
2020_vs_rest,091170,091180,0.3993,0.7362,7.526
2020_vs_rest,091170,091230,0.3232,0.5822,4.7903
2020_vs_rest,091170,102110,0.5915,0.8001,6.0687
2020_vs_rest,091170,114800,-0.5907,-0.7878,-5.6061
2020_vs_rest,091170,117680,0.4201,0.794,9.1929
2020_vs_rest,091170,122630,0.5899,0.7931,5.8296
2020_vs_rest,091170,132030,0.091,0.204,1.6749
2020_vs_rest,091170,133690,0.2155,0.3422,1.9958
2020_vs_rest,091170,143860,0.303,0.3935,1.4942
2020_vs_rest,091170,148070,0.0043,0.0659,0.8939
2020_vs_rest,091170,153130,-0.0092,-0.0948,-1.2446
2020_vs_rest,091170,161510,0.8541,0.9246,5.0592
2020_vs_rest,091170,192090,0.1203,0.3157,2.9844
2020_vs_rest,091170,219480,0.386,0.6526,5.4003
2020_vs_rest,091170,229200,0.3497,0.5295,3.2506
2020_vs_rest,091170,261220,0.1552,0.3689,3.3435
2020_vs_rest,091170,261240,-0.3313,-0.691,-7.3252
2020_vs_rest,091170,305540,0.2391,0.5439,5.3
2020_vs_rest,091180,091230,0.4091,0.6595,5.1794
2020_vs_rest,091180,102110,0.6407,0.7926,4.622
2020_vs_rest,091180,114800,-0.6408,-0.7814,-4.1949
2020_vs_rest,091180,117680,0.4101,0.7493,7.7602
2020_vs_rest,091180,122630,0.64,0.7926,4.639
2020_vs_rest,091180,132030,0.0672,0.2138,2.1702
2020_vs_rest,091180,133690,0.297,0.3769,1.3081
2020_vs_rest,091180,143860,0.3295,0.4503,2.0697
2020_vs_rest,091180,148070,0.0012,0.1128,1.6239
2020_vs_rest,091180,153130,0.0083,-0.1087,-1.7019
2020_vs_rest,091180,161510,0.4811,0.7902,7.9346
2020_vs_rest,091180,192090,0.1514,0.3463,3.024
2020_vs_rest,091180,219480,0.3845,0.6223,4.6848
2020_vs_rest,091180,229200,0.4275,0.6235,3.9684
2020_vs_rest,091180,261220,0.1137,0.3946,4.391
2020_vs_rest,091180,261240,-0.2714,-0.6041,-6.1022
2020_vs_rest,091180,305540,0.3887,0.6128,4.3909
2020_vs_rest,091230,102110,0.7812,0.8628,3.7036
2020_vs_rest,091230,114800,-0.7809,-0.868,-4.0191
2020_vs_rest,091230,117680,0.382,0.7039,6.8475
2020_vs_rest,091230,122630,0.7839,0.8696,4.0014
2020_vs_rest,091230,132030,0.1109,0.2594,2.2315
2020_vs_rest,091230,133690,0.4938,0.5444,1.0031
2020_vs_rest,091230,143860,0.4275,0.5959,3.3309
2020_vs_rest,091230,148070,0.0569,0.0876,0.447
2020_vs_rest,091230,153130,0.0318,-0.037,-0.9983
2020_vs_rest,091230,161510,0.3427,0.6993,7.3731
2020_vs_rest,091230,192090,0.2133,0.5045,4.9067
2020_vs_rest,091230,219480,0.5423,0.6416,2.2236
2020_vs_rest,091230,229200,0.6544,0.8455,6.6264
2020_vs_rest,091230,261220,0.1347,0.4192,4.5091
2020_vs_rest,091230,261240,-0.3756,-0.6165,-4.7007
2020_vs_rest,091230,305540,0.4388,0.7774,8.2285
2020_vs_rest,102110,114800,-0.9951,-0.9959,-1.263
2020_vs_rest,102110,117680,0.5603,0.8437,8.7047
2020_vs_rest,102110,122630,0.9973,0.9968,-1.1965
2020_vs_rest,102110,132030,0.1583,0.2754,1.7829
2020_vs_rest,102110,133690,0.4958,0.542,0.9173
2020_vs_rest,102110,143860,0.5328,0.6267,2.0553
2020_vs_rest,102110,148070,0.0662,0.0404,-0.3751
2020_vs_rest,102110,153130,0.0257,-0.0954,-1.7587
2020_vs_rest,102110,161510,0.6344,0.8725,8.6149
2020_vs_rest,102110,192090,0.2091,0.4752,4.4127
2020_vs_rest,102110,219480,0.6356,0.755,3.3884
2020_vs_rest,102110,229200,0.6998,0.7912,3.011
2020_vs_rest,102110,261220,0.1848,0.4596,4.4884
2020_vs_rest,102110,261240,-0.4919,-0.7481,-6.2319
2020_vs_rest,102110,305540,0.5663,0.7793,5.8172
2020_vs_rest,114800,117680,-0.5565,-0.8375,-8.4761
2020_vs_rest,114800,122630,-0.9959,-0.9945,2.1503
2020_vs_rest,114800,132030,-0.1551,-0.268,-1.714
2020_vs_rest,114800,133690,-0.4918,-0.5421,-0.9962
2020_vs_rest,114800,143860,-0.5309,-0.6247,-2.0471
2020_vs_rest,114800,148070,-0.0716,-0.0337,0.5507
2020_vs_rest,114800,153130,-0.0291,0.0933,1.7774
2020_vs_rest,114800,161510,-0.6302,-0.8581,-7.8846
2020_vs_rest,114800,192090,-0.2081,-0.4828,-4.5702
2020_vs_rest,114800,219480,-0.6337,-0.7423,-3.0142
2020_vs_rest,114800,229200,-0.6971,-0.7939,-3.1924
2020_vs_rest,114800,261220,-0.1851,-0.4613,-4.516
2020_vs_rest,114800,261240,0.4965,0.7389,5.8448
2020_vs_rest,114800,305540,-0.5669,-0.7767,-5.711
2020_vs_rest,117680,122630,0.5613,0.8418,8.5861
2020_vs_rest,117680,132030,0.1172,0.2358,1.7762
2020_vs_rest,117680,133690,0.2085,0.3426,2.1072
2020_vs_rest,117680,143860,0.3239,0.5398,3.8826
2020_vs_rest,117680,148070,-0.0014,0.1324,1.95
2020_vs_rest,117680,153130,0.0262,-0.1405,-2.4294
2020_vs_rest,117680,161510,0.5112,0.8844,12.0466
2020_vs_rest,117680,192090,0.1814,0.3962,3.4152
2020_vs_rest,117680,219480,0.3542,0.589,4.4314
2020_vs_rest,117680,229200,0.4831,0.6766,4.2866
2020_vs_rest,117680,261220,0.1973,0.4112,3.4366
2020_vs_rest,117680,261240,-0.2928,-0.674,-7.4827
2020_vs_rest,117680,305540,0.5184,0.6867,3.876
2020_vs_rest,122630,132030,0.1584,0.2661,1.6357
2020_vs_rest,122630,133690,0.4924,0.5379,0.8978
2020_vs_rest,122630,143860,0.5347,0.6223,1.9151
2020_vs_rest,122630,148070,0.0686,0.0509,-0.2568
2020_vs_rest,122630,153130,0.0273,-0.0974,-1.8111
2020_vs_rest,122630,161510,0.6325,0.8695,8.4845
2020_vs_rest,122630,192090,0.2102,0.484,4.5616
2020_vs_rest,122630,219480,0.6361,0.7501,3.2096
2020_vs_rest,122630,229200,0.6991,0.7958,3.2104
2020_vs_rest,122630,261220,0.1849,0.4568,4.4378
2020_vs_rest,122630,261240,-0.4959,-0.7425,-5.9721
2020_vs_rest,122630,305540,0.5647,0.7835,6.0101
2020_vs_rest,132030,133690,-0.0158,0.2151,3.3944
2020_vs_rest,132030,143860,0.0884,0.1779,1.3214
2020_vs_rest,132030,148070,0.2232,0.0972,-1.8766
2020_vs_rest,132030,153130,0.0702,0.0357,-0.5025
2020_vs_rest,132030,161510,0.0977,0.2292,1.9603
2020_vs_rest,132030,192090,0.0319,0.2014,2.4956
2020_vs_rest,132030,219480,0.1216,0.2494,1.9208
2020_vs_rest,132030,229200,0.0885,0.1755,1.283
2020_vs_rest,132030,261220,0.0999,0.1695,1.0281
2020_vs_rest,132030,261240,-0.3058,-0.2785,0.4316
2020_vs_rest,132030,305540,0.0699,0.2753,3.0794
2020_vs_rest,133690,143860,0.3254,0.3651,0.6542
2020_vs_rest,133690,148070,0.0382,0.0637,0.3714
2020_vs_rest,133690,153130,0.0076,0.0106,0.043
2020_vs_rest,133690,161510,0.2271,0.3726,2.3228
2020_vs_rest,133690,192090,0.2394,0.4784,4.0095
2020_vs_rest,133690,219480,0.8585,0.825,-1.6712
2020_vs_rest,133690,229200,0.433,0.5171,1.5756
2020_vs_rest,133690,261220,0.1298,0.3969,4.1932
2020_vs_rest,133690,261240,-0.0801,-0.2835,-3.06
2020_vs_rest,133690,305540,0.2951,0.4432,2.493
2020_vs_rest,143860,148070,0.1061,0.1202,0.2074
2020_vs_rest,143860,153130,0.0517,-0.056,-1.5623
2020_vs_rest,143860,161510,0.3298,0.491,2.8216
2020_vs_rest,143860,192090,0.1404,0.2838,2.1801
2020_vs_rest,143860,219480,0.4161,0.4536,0.6709
2020_vs_rest,143860,229200,0.7531,0.849,3.9488
2020_vs_rest,143860,261220,0.0489,0.2663,3.2443
2020_vs_rest,143860,261240,-0.3322,-0.4925,-2.8115
2020_vs_rest,143860,305540,0.3296,0.6311,5.8093
2020_vs_rest,148070,153130,0.218,-0.1195,-4.9504
2020_vs_rest,148070,161510,-0.0494,0.1433,2.808
2020_vs_rest,148070,192090,-0.1036,-0.0939,0.1414
2020_vs_rest,148070,219480,0.103,0.0878,-0.2211
2020_vs_rest,148070,229200,0.0815,0.1243,0.6282
2020_vs_rest,148070,261220,-0.1337,0.062,2.8475
2020_vs_rest,148070,261240,-0.2264,-0.0266,2.9526
2020_vs_rest,148070,305540,0.0494,0.1379,1.2941
2020_vs_rest,153130,161510,-0.0062,-0.1294,-1.7954
2020_vs_rest,153130,192090,-0.0137,0.1299,2.0917
2020_vs_rest,153130,219480,0.0375,-0.0221,-0.8637
2020_vs_rest,153130,229200,0.03,-0.0201,-0.7252
2020_vs_rest,153130,261220,-0.0415,-0.0196,0.3185
2020_vs_rest,153130,261240,-0.0817,0.0255,1.5571
2020_vs_rest,153130,305540,0.043,-0.0774,-1.7478
2020_vs_rest,161510,192090,0.1492,0.3565,3.2242
2020_vs_rest,161510,219480,0.4022,0.6729,5.6473
2020_vs_rest,161510,229200,0.3658,0.6523,5.7325
2020_vs_rest,161510,261220,0.2084,0.4101,3.2481
2020_vs_rest,161510,261240,-0.3134,-0.728,-8.695
2020_vs_rest,161510,305540,0.2644,0.6773,8.017
2020_vs_rest,192090,219480,0.2236,0.4571,3.8576
2020_vs_rest,192090,229200,0.2161,0.465,4.1163
2020_vs_rest,192090,261220,0.1327,0.269,2.0616
2020_vs_rest,192090,261240,-0.0358,-0.3616,-4.9673
2020_vs_rest,192090,305540,0.1594,0.4054,3.9019
2020_vs_rest,219480,229200,0.5327,0.5897,1.2058
2020_vs_rest,219480,261220,0.2301,0.4817,4.2139
2020_vs_rest,219480,261240,-0.4453,-0.594,-2.9715
2020_vs_rest,219480,305540,0.3832,0.5405,2.9124
2020_vs_rest,229200,261220,0.1084,0.3684,4.0236
2020_vs_rest,229200,261240,-0.4382,-0.5703,-2.579
2020_vs_rest,229200,305540,0.6862,0.7823,3.0497
2020_vs_rest,261220,261240,-0.1023,-0.3814,-4.3332
2020_vs_rest,261220,305540,0.1084,0.3952,4.4784
2020_vs_rest,261240,305540,-0.3283,-0.6021,-5.1497
2021_vs_rest,069500,091170,0.6742,0.4811,-4.2612
2021_vs_rest,069500,091180,0.6807,0.7532,2.1698
2021_vs_rest,069500,091230,0.806,0.7382,-2.4484
2021_vs_rest,069500,102110,0.9984,0.9986,1.1027
2021_vs_rest,069500,114800,-0.9961,-0.9955,1.116
2021_vs_rest,069500,117680,0.6537,0.5037,-3.2965
2021_vs_rest,069500,122630,0.9978,0.9988,4.5089
2021_vs_rest,069500,132030,0.1965,0.1126,-1.2465
2021_vs_rest,069500,133690,0.5209,0.3449,-3.1579
2021_vs_rest,069500,143860,0.5584,0.5591,0.0155
2021_vs_rest,069500,148070,0.0676,0.0095,-0.8438
2021_vs_rest,069500,153130,0.0031,0.0244,0.3077
2021_vs_rest,069500,161510,0.7279,0.5768,-3.8641
2021_vs_rest,069500,192090,0.2653,0.3413,1.214
2021_vs_rest,069500,219480,0.6834,0.5457,-3.2336
2021_vs_rest,069500,229200,0.7259,0.6804,-1.3048
2021_vs_rest,069500,261220,0.2998,0.1724,-1.9587
2021_vs_rest,069500,261240,-0.5467,-0.5425,0.0872
2021_vs_rest,069500,305540,0.63,0.5406,-1.9763
2021_vs_rest,091170,091180,0.5396,0.2684,-4.7587
2021_vs_rest,091170,091230,0.4053,0.2144,-3.0742
2021_vs_rest,091170,102110,0.6728,0.4795,-4.2544
2021_vs_rest,091170,114800,-0.6682,-0.4811,4.1012
2021_vs_rest,091170,117680,0.5195,0.5046,-0.2913
2021_vs_rest,091170,122630,0.6691,0.4802,-4.143
2021_vs_rest,091170,132030,0.1383,-0.0222,-2.3374
2021_vs_rest,091170,133690,0.2828,-0.0678,-5.1951
2021_vs_rest,091170,143860,0.3411,0.2141,-1.9968
2021_vs_rest,091170,148070,0.0369,-0.2064,-3.5688
2021_vs_rest,091170,153130,-0.0125,-0.0544,-0.6083
2021_vs_rest,091170,161510,0.8732,0.8747,0.0906
2021_vs_rest,091170,192090,0.174,0.1073,-0.9869
2021_vs_rest,091170,219480,0.4888,0.2661,-3.794
2021_vs_rest,091170,229200,0.4093,0.2371,-2.7975
2021_vs_rest,091170,261220,0.2314,0.2803,0.7587
2021_vs_rest,091170,261240,-0.422,-0.2627,2.6245
2021_vs_rest,091170,305540,0.3386,0.0901,-3.7991
2021_vs_rest,091180,091230,0.4708,0.4976,0.5073
2021_vs_rest,091180,102110,0.6808,0.7518,2.1212
2021_vs_rest,091180,114800,-0.6766,-0.7508,-2.2013
2021_vs_rest,091180,117680,0.5161,0.404,-2.0673
2021_vs_rest,091180,122630,0.6789,0.7556,2.3005
2021_vs_rest,091180,132030,0.1206,0.0258,-1.3825
2021_vs_rest,091180,133690,0.3257,0.2873,-0.614
2021_vs_rest,091180,143860,0.3629,0.3671,0.0703
2021_vs_rest,091180,148070,0.0246,-0.0121,-0.5324
2021_vs_rest,091180,153130,-0.0159,0.0333,0.7132
2021_vs_rest,091180,161510,0.6264,0.3492,-5.3735
2021_vs_rest,091180,192090,0.1876,0.262,1.1367
2021_vs_rest,091180,219480,0.4725,0.4163,-1.0151
2021_vs_rest,091180,229200,0.4847,0.4564,-0.5268
2021_vs_rest,091180,261220,0.2364,0.1163,-1.7976
2021_vs_rest,091180,261240,-0.3534,-0.304,0.8029
2021_vs_rest,091180,305540,0.454,0.4388,-0.2741
2021_vs_rest,091230,102110,0.8046,0.7381,-2.3951
2021_vs_rest,091230,114800,-0.8052,-0.743,2.2605
2021_vs_rest,091230,117680,0.4779,0.2819,-3.3406
2021_vs_rest,091230,122630,0.809,0.7386,-2.56
2021_vs_rest,091230,132030,0.1491,0.1062,-0.6321
2021_vs_rest,091230,133690,0.5218,0.3367,-3.3107
2021_vs_rest,091230,143860,0.4647,0.4832,0.346
2021_vs_rest,091230,148070,0.0611,0.053,-0.1175
2021_vs_rest,091230,153130,0.0264,-0.0285,-0.7963
2021_vs_rest,091230,161510,0.4551,0.2939,-2.7281
2021_vs_rest,091230,192090,0.2633,0.3577,1.5151
2021_vs_rest,091230,219480,0.5769,0.4186,-3.0683
2021_vs_rest,091230,229200,0.6971,0.6794,-0.4883
2021_vs_rest,091230,261220,0.2395,0.0241,-3.1899
2021_vs_rest,091230,261240,-0.418,-0.4513,-0.5949
2021_vs_rest,091230,305540,0.5242,0.3944,-2.3933
2021_vs_rest,102110,114800,-0.9953,-0.9952,0.1744
2021_vs_rest,102110,117680,0.6524,0.5049,-3.2397
2021_vs_rest,102110,122630,0.9971,0.998,2.879
2021_vs_rest,102110,132030,0.1985,0.1097,-1.3194
2021_vs_rest,102110,133690,0.5245,0.3506,-3.1359
2021_vs_rest,102110,143860,0.5584,0.5579,-0.0115
2021_vs_rest,102110,148070,0.0649,0.0059,-0.8558
2021_vs_rest,102110,153130,0.0011,0.0201,0.2754
2021_vs_rest,102110,161510,0.727,0.5765,-3.8424
2021_vs_rest,102110,192090,0.2634,0.3428,1.2684
2021_vs_rest,102110,219480,0.6853,0.5492,-3.2134
2021_vs_rest,102110,229200,0.7252,0.6798,-1.2996
2021_vs_rest,102110,261220,0.2971,0.1708,-1.9384
2021_vs_rest,102110,261240,-0.5452,-0.536,0.1882
2021_vs_rest,102110,305540,0.6295,0.5384,-2.0082
2021_vs_rest,114800,117680,-0.6493,-0.4922,3.4074
2021_vs_rest,114800,122630,-0.9954,-0.9955,-0.3019
2021_vs_rest,114800,132030,-0.1949,-0.1027,1.3675
2021_vs_rest,114800,133690,-0.5213,-0.3534,3.0257
2021_vs_rest,114800,143860,-0.5577,-0.5498,0.1653
2021_vs_rest,114800,148070,-0.0684,-0.0074,0.885
2021_vs_rest,114800,153130,-0.0033,-0.0202,-0.2452
2021_vs_rest,114800,161510,-0.7197,-0.5711,3.7358
2021_vs_rest,114800,192090,-0.2643,-0.3467,-1.318
2021_vs_rest,114800,219480,-0.6803,-0.5484,3.0928
2021_vs_rest,114800,229200,-0.7245,-0.6754,1.3967
2021_vs_rest,114800,261220,-0.2979,-0.1751,1.8887
2021_vs_rest,114800,261240,0.5468,0.5408,-0.1245
2021_vs_rest,114800,305540,-0.6298,-0.5404,1.9755
2021_vs_rest,117680,122630,0.6522,0.5062,-3.2102
2021_vs_rest,117680,132030,0.1513,0.1087,-0.6276
2021_vs_rest,117680,133690,0.2757,-0.018,-4.3624
2021_vs_rest,117680,143860,0.3961,0.2504,-2.3636
2021_vs_rest,117680,148070,0.0279,-0.0562,-1.2186
2021_vs_rest,117680,153130,0.0027,0.0446,0.6081
2021_vs_rest,117680,161510,0.6157,0.6251,0.2218
2021_vs_rest,117680,192090,0.2449,0.1135,-1.9698
2021_vs_rest,117680,219480,0.4381,0.2608,-2.9414
2021_vs_rest,117680,229200,0.5617,0.2721,-5.1611
2021_vs_rest,117680,261220,0.2587,0.2904,0.4974
2021_vs_rest,117680,261240,-0.3767,-0.31,1.0961
2021_vs_rest,117680,305540,0.5968,0.2581,-6.1453
2021_vs_rest,122630,132030,0.1957,0.1105,-1.2655
2021_vs_rest,122630,133690,0.5212,0.3471,-3.1274
2021_vs_rest,122630,143860,0.5584,0.5577,-0.0159
2021_vs_rest,122630,148070,0.0687,0.0097,-0.8572
2021_vs_rest,122630,153130,0.0029,0.0223,0.282
2021_vs_rest,122630,161510,0.7238,0.5791,-3.6876
2021_vs_rest,122630,192090,0.2666,0.3403,1.1769
2021_vs_rest,122630,219480,0.6841,0.5482,-3.2024
2021_vs_rest,122630,229200,0.7261,0.6795,-1.3365
2021_vs_rest,122630,261220,0.2953,0.1731,-1.8767
2021_vs_rest,122630,261240,-0.5468,-0.5411,0.1169
2021_vs_rest,122630,305540,0.6289,0.5425,-1.9117
2021_vs_rest,132030,133690,0.0446,0.0131,-0.4565
2021_vs_rest,132030,143860,0.1147,0.0716,-0.6299
2021_vs_rest,132030,148070,0.2025,0.165,-0.5616
2021_vs_rest,132030,153130,0.0594,0.0286,-0.4476
2021_vs_rest,132030,161510,0.1505,0.0274,-1.8003
2021_vs_rest,132030,192090,0.0714,0.0515,-0.2896
2021_vs_rest,132030,219480,0.1599,0.1436,-0.2418
2021_vs_rest,132030,229200,0.1133,0.064,-0.7198
2021_vs_rest,132030,261220,0.1288,0.0482,-1.1787
2021_vs_rest,132030,261240,-0.2913,-0.3776,-1.409
2021_vs_rest,132030,305540,0.1277,0.0375,-1.3173
2021_vs_rest,133690,143860,0.3466,0.2547,-1.4662
2021_vs_rest,133690,148070,0.0322,0.1385,1.5526
2021_vs_rest,133690,153130,0.0064,0.04,0.4864
2021_vs_rest,133690,161510,0.3006,-0.0324,-4.9632
2021_vs_rest,133690,192090,0.3012,0.215,-1.3397
2021_vs_rest,133690,219480,0.8512,0.7839,-2.9725
2021_vs_rest,133690,229200,0.4584,0.3901,-1.2084
2021_vs_rest,133690,261220,0.233,0.0547,-2.646
2021_vs_rest,133690,261240,-0.1219,-0.1198,0.0311
2021_vs_rest,133690,305540,0.3386,0.2355,-1.6301
2021_vs_rest,143860,148070,0.0955,0.1937,1.4535
2021_vs_rest,143860,153130,0.0217,0.0241,0.0341
2021_vs_rest,143860,161510,0.3908,0.2558,-2.1903
2021_vs_rest,143860,192090,0.1556,0.29,2.052
2021_vs_rest,143860,219480,0.4466,0.2486,-3.2826
2021_vs_rest,143860,229200,0.7747,0.8093,1.3458
2021_vs_rest,143860,261220,0.1409,-0.0382,-2.6078
2021_vs_rest,143860,261240,-0.3728,-0.3052,1.1068
2021_vs_rest,143860,305540,0.4108,0.3621,-0.8304
2021_vs_rest,148070,153130,0.1957,0.1282,-1.0054
2021_vs_rest,148070,161510,0.0119,-0.2101,-3.263
2021_vs_rest,148070,192090,-0.1032,-0.085,0.266
2021_vs_rest,148070,219480,0.1054,-0.0223,-1.8563
2021_vs_rest,148070,229200,0.0845,0.1064,0.3191
2021_vs_rest,148070,261220,-0.0591,-0.2646,-3.07
2021_vs_rest,148070,261240,-0.2171,0.0011,3.2125
2021_vs_rest,148070,305540,0.0631,0.0485,-0.2126
2021_vs_rest,153130,161510,-0.0168,-0.0604,-0.6332
2021_vs_rest,153130,192090,-0.0035,0.03,0.4852
2021_vs_rest,153130,219480,0.0255,0.0973,1.0451
2021_vs_rest,153130,229200,0.0204,-0.0152,-0.5162
2021_vs_rest,153130,261220,-0.0209,0.0213,0.6116
2021_vs_rest,153130,261240,-0.0698,0.0164,1.2504
2021_vs_rest,153130,305540,0.0203,0.1293,1.5894
2021_vs_rest,161510,192090,0.2122,0.1337,-1.1731
2021_vs_rest,161510,219480,0.5168,0.3193,-3.4921
2021_vs_rest,161510,229200,0.454,0.3294,-2.1376
2021_vs_rest,161510,261220,0.2997,0.3044,0.0748
2021_vs_rest,161510,261240,-0.4175,-0.3354,1.3872
2021_vs_rest,161510,305540,0.4052,0.1584,-3.9149
2021_vs_rest,192090,219480,0.2858,0.2428,-0.6695
2021_vs_rest,192090,229200,0.2581,0.3647,1.7118
2021_vs_rest,192090,261220,0.1805,0.052,-1.8895
2021_vs_rest,192090,261240,-0.0865,-0.1843,-1.4451
2021_vs_rest,192090,305540,0.2024,0.3115,1.695
2021_vs_rest,219480,229200,0.552,0.4434,-2.0978
2021_vs_rest,219480,261220,0.33,0.3054,-0.3959
2021_vs_rest,219480,261240,-0.4753,-0.4404,0.6384
2021_vs_rest,219480,305540,0.4315,0.315,-1.9663
2021_vs_rest,229200,261220,0.1995,0.0544,-2.1406
2021_vs_rest,229200,261240,-0.4653,-0.4411,0.4425
2021_vs_rest,229200,305540,0.7225,0.54,-4.4735
2021_vs_rest,261220,261240,-0.1755,-0.1686,0.1027
2021_vs_rest,261220,305540,0.2044,0.1154,-1.3238
2021_vs_rest,261240,305540,-0.3887,-0.3064,1.3579
2022_vs_rest,069500,091170,0.6514,0.6729,0.5514
2022_vs_rest,069500,091180,0.6915,0.6457,-1.1955
2022_vs_rest,069500,091230,0.7916,0.8468,2.44
2022_vs_rest,069500,102110,0.9984,0.9983,-0.6535
2022_vs_rest,069500,114800,-0.9959,-0.9972,-2.7536
2022_vs_rest,069500,117680,0.6311,0.6501,0.4639
2022_vs_rest,069500,122630,0.9977,0.9988,4.4839
2022_vs_rest,069500,132030,0.1808,0.2316,0.7652
2022_vs_rest,069500,133690,0.4827,0.6227,2.9291
2022_vs_rest,069500,143860,0.5328,0.7278,4.7663
2022_vs_rest,069500,148070,0.0325,0.1765,2.1072
2022_vs_rest,069500,153130,0.0068,-0.0128,-0.2835
2022_vs_rest,069500,161510,0.7158,0.6939,-0.6289
2022_vs_rest,069500,192090,0.2703,0.283,0.1978
2022_vs_rest,069500,219480,0.6591,0.7618,3.0209
2022_vs_rest,069500,229200,0.6994,0.8553,5.9107
2022_vs_rest,069500,261220,0.3027,0.2048,-1.5127
2022_vs_rest,069500,261240,-0.5297,-0.6573,-2.8643
2022_vs_rest,069500,305540,0.6105,0.6958,2.1577
2022_vs_rest,091170,091180,0.5044,0.4677,-0.6931
2022_vs_rest,091170,091230,0.3741,0.4682,1.6553
2022_vs_rest,091170,102110,0.6497,0.6736,0.6125
2022_vs_rest,091170,114800,-0.6441,-0.6787,-0.8878
2022_vs_rest,091170,117680,0.5069,0.5836,1.5797
2022_vs_rest,091170,122630,0.6457,0.6739,0.7199
2022_vs_rest,091170,132030,0.1162,0.1529,0.5402
2022_vs_rest,091170,133690,0.2302,0.3484,1.8664
2022_vs_rest,091170,143860,0.3123,0.4126,1.6695
2022_vs_rest,091170,148070,0.001,0.0624,0.8873
2022_vs_rest,091170,153130,-0.0169,-0.0325,-0.2249
2022_vs_rest,091170,161510,0.8799,0.8277,-2.8113
2022_vs_rest,091170,192090,0.1755,0.1031,-1.0662
2022_vs_rest,091170,219480,0.468,0.5043,0.6867
2022_vs_rest,091170,229200,0.3767,0.4913,2.0443
2022_vs_rest,091170,261220,0.257,0.1125,-2.1642
2022_vs_rest,091170,261240,-0.3921,-0.5037,-2.022
2022_vs_rest,091170,305540,0.3083,0.3774,1.1312
2022_vs_rest,091180,091230,0.4667,0.4925,0.4833
2022_vs_rest,091180,102110,0.6916,0.6418,-1.2969
2022_vs_rest,091180,114800,-0.6876,-0.6462,1.0777
2022_vs_rest,091180,117680,0.5,0.4782,-0.4138
2022_vs_rest,091180,122630,0.6903,0.6472,-1.1259
2022_vs_rest,091180,132030,0.1098,0.0794,-0.4432
2022_vs_rest,091180,133690,0.3041,0.4134,1.8145
2022_vs_rest,091180,143860,0.347,0.4778,2.2837
2022_vs_rest,091180,148070,0.0067,0.0717,0.9407
2022_vs_rest,091180,153130,-0.0207,0.0194,0.5798
2022_vs_rest,091180,161510,0.594,0.5132,-1.6859
2022_vs_rest,091180,192090,0.1968,0.1984,0.0236
2022_vs_rest,091180,219480,0.4612,0.4937,0.6084
2022_vs_rest,091180,229200,0.4619,0.5817,2.3861
2022_vs_rest,091180,261220,0.2421,0.0786,-2.428
2022_vs_rest,091180,261240,-0.3414,-0.388,-0.7757
2022_vs_rest,091180,305540,0.4397,0.4977,1.0744
2022_vs_rest,091230,102110,0.7902,0.8467,2.4877
2022_vs_rest,091230,114800,-0.7919,-0.842,-2.1883
2022_vs_rest,091230,117680,0.4415,0.535,1.7765
2022_vs_rest,091230,122630,0.7943,0.8486,2.4301
2022_vs_rest,091230,132030,0.1344,0.2054,1.0571
2022_vs_rest,091230,133690,0.4909,0.5813,1.8379
2022_vs_rest,091230,143860,0.4378,0.6441,4.2691
2022_vs_rest,091230,148070,0.0282,0.1763,2.1661
2022_vs_rest,091230,153130,0.0168,0.0212,0.0628
2022_vs_rest,091230,161510,0.4353,0.4785,0.7888
2022_vs_rest,091230,192090,0.2761,0.239,-0.5751
2022_vs_rest,091230,219480,0.546,0.6688,2.8288
2022_vs_rest,091230,229200,0.6701,0.8407,5.9569
2022_vs_rest,091230,261220,0.2267,0.1959,-0.4652
2022_vs_rest,091230,261240,-0.3914,-0.5826,-3.6522
2022_vs_rest,091230,305540,0.4935,0.6523,3.446
2022_vs_rest,102110,114800,-0.9952,-0.9958,-1.0205
2022_vs_rest,102110,117680,0.63,0.6497,0.4812
2022_vs_rest,102110,122630,0.9971,0.9978,2.0212
2022_vs_rest,102110,132030,0.1816,0.238,0.8522
2022_vs_rest,102110,133690,0.4854,0.6338,3.1434
2022_vs_rest,102110,143860,0.5327,0.7281,4.7764
2022_vs_rest,102110,148070,0.0277,0.1816,2.2509
2022_vs_rest,102110,153130,0.0052,-0.0179,-0.3337
2022_vs_rest,102110,161510,0.7146,0.6958,-0.5408
2022_vs_rest,102110,192090,0.269,0.2799,0.1706
2022_vs_rest,102110,219480,0.66,0.7709,3.3178
2022_vs_rest,102110,229200,0.6984,0.8577,6.0698
2022_vs_rest,102110,261220,0.2998,0.2039,-1.4798
2022_vs_rest,102110,261240,-0.5271,-0.6598,-2.9785
2022_vs_rest,102110,305540,0.6093,0.6992,2.2803
2022_vs_rest,114800,117680,-0.6249,-0.6508,-0.6289
2022_vs_rest,114800,122630,-0.9951,-0.9972,-4.1024
2022_vs_rest,114800,132030,-0.1776,-0.2332,-0.8383
2022_vs_rest,114800,133690,-0.484,-0.6241,-2.9399
2022_vs_rest,114800,143860,-0.5312,-0.7271,-4.7748
2022_vs_rest,114800,148070,-0.0321,-0.1809,-2.1766
2022_vs_rest,114800,153130,-0.0048,0.0068,0.1682
2022_vs_rest,114800,161510,-0.7062,-0.6957,0.2978
2022_vs_rest,114800,192090,-0.2698,-0.2861,-0.2548
2022_vs_rest,114800,219480,-0.6557,-0.7627,-3.138
2022_vs_rest,114800,229200,-0.6978,-0.8531,-5.8382
2022_vs_rest,114800,261220,-0.3006,-0.2055,1.469
2022_vs_rest,114800,261240,0.5298,0.6572,2.8593
2022_vs_rest,114800,305540,-0.6106,-0.6913,-2.0288
2022_vs_rest,117680,122630,0.6297,0.6525,0.5589
2022_vs_rest,117680,132030,0.1338,0.2264,1.3835
2022_vs_rest,117680,133690,0.2221,0.3471,1.9676
2022_vs_rest,117680,143860,0.3676,0.4271,1.0203
2022_vs_rest,117680,148070,0.0117,0.0444,0.4724
2022_vs_rest,117680,153130,-0.006,0.0511,0.8249
2022_vs_rest,117680,161510,0.6041,0.7074,2.6337
2022_vs_rest,117680,192090,0.2412,0.1319,-1.6368
2022_vs_rest,117680,219480,0.4082,0.4884,1.4521
2022_vs_rest,117680,229200,0.5253,0.5434,0.3667
2022_vs_rest,117680,261220,0.2619,0.2581,-0.059
2022_vs_rest,117680,261240,-0.3681,-0.3829,-0.2486
2022_vs_rest,117680,305540,0.5589,0.5362,-0.4687
2022_vs_rest,122630,132030,0.1789,0.2361,0.8637
2022_vs_rest,122630,133690,0.4817,0.6275,3.0606
2022_vs_rest,122630,143860,0.5323,0.7291,4.8165
2022_vs_rest,122630,148070,0.0333,0.177,2.1019
2022_vs_rest,122630,153130,0.0058,-0.0126,-0.2654
2022_vs_rest,122630,161510,0.7121,0.6922,-0.5673
2022_vs_rest,122630,192090,0.2724,0.278,0.0885
2022_vs_rest,122630,219480,0.659,0.7645,3.1171
2022_vs_rest,122630,229200,0.6989,0.8562,5.9733
2022_vs_rest,122630,261220,0.2987,0.2007,-1.5103
2022_vs_rest,122630,261240,-0.5296,-0.6554,-2.8181
2022_vs_rest,122630,305540,0.6093,0.6963,2.1983
2022_vs_rest,132030,133690,0.0322,0.0757,0.6301
2022_vs_rest,132030,143860,0.0982,0.1908,1.3671
2022_vs_rest,132030,148070,0.1965,0.232,0.538
2022_vs_rest,132030,153130,0.0675,0.034,-0.4854
2022_vs_rest,132030,161510,0.1292,0.2043,1.1163
2022_vs_rest,132030,192090,0.0674,0.0725,0.074
2022_vs_rest,132030,219480,0.1333,0.2737,2.1192
2022_vs_rest,132030,229200,0.0894,0.2154,1.8659
2022_vs_rest,132030,261220,0.0822,0.3523,4.1259
2022_vs_rest,132030,261240,-0.273,-0.4399,-2.7727
2022_vs_rest,132030,305540,0.1163,0.1312,0.2178
2022_vs_rest,133690,143860,0.2907,0.5594,4.8031
2022_vs_rest,133690,148070,-0.008,0.1641,2.5074
2022_vs_rest,133690,153130,0.0153,-0.0451,-0.8726
2022_vs_rest,133690,161510,0.2637,0.3256,0.9793
2022_vs_rest,133690,192090,0.2991,0.2529,-0.7235
2022_vs_rest,133690,219480,0.826,0.9072,4.8577
2022_vs_rest,133690,229200,0.4059,0.6384,4.6905
2022_vs_rest,133690,261220,0.2609,0.0476,-3.1693
2022_vs_rest,133690,261240,-0.054,-0.3571,-4.6139
2022_vs_rest,133690,305540,0.3054,0.4773,2.9456
2022_vs_rest,143860,148070,0.0653,0.2693,3.0431
2022_vs_rest,143860,153130,0.0188,0.0608,0.6073
2022_vs_rest,143860,161510,0.3692,0.417,0.8167
2022_vs_rest,143860,192090,0.1651,0.2098,0.6695
2022_vs_rest,143860,219480,0.383,0.6401,5.1246
2022_vs_rest,143860,229200,0.7692,0.8192,1.9674
2022_vs_rest,143860,261220,0.1229,0.1124,-0.1534
2022_vs_rest,143860,261240,-0.3429,-0.4897,-2.5747
2022_vs_rest,143860,305540,0.3862,0.5221,2.4832
2022_vs_rest,148070,153130,0.2023,0.1508,-0.7678
2022_vs_rest,148070,161510,-0.0152,0.0161,0.4521
2022_vs_rest,148070,192090,-0.1328,-0.011,1.7695
2022_vs_rest,148070,219480,0.0477,0.2149,2.4625
2022_vs_rest,148070,229200,0.0428,0.2244,2.677
2022_vs_rest,148070,261220,-0.0803,-0.0664,0.2016
2022_vs_rest,148070,261240,-0.1843,-0.247,-0.95
2022_vs_rest,148070,305540,0.056,0.0885,0.4711
2022_vs_rest,153130,161510,-0.0291,0.0036,0.4734
2022_vs_rest,153130,192090,-0.0101,0.0207,0.4449
2022_vs_rest,153130,219480,0.0336,-0.0116,-0.6531
2022_vs_rest,153130,229200,0.0168,0.0101,-0.0972
2022_vs_rest,153130,261220,-0.0257,-0.0117,0.2009
2022_vs_rest,153130,261240,-0.0742,-0.0343,0.5776
2022_vs_rest,153130,305540,0.014,0.049,0.507
2022_vs_rest,161510,192090,0.2141,0.1259,-1.3123
2022_vs_rest,161510,219480,0.5128,0.4916,-0.4082
2022_vs_rest,161510,229200,0.4377,0.4946,1.0503
2022_vs_rest,161510,261220,0.3169,0.1959,-1.8728
2022_vs_rest,161510,261240,-0.4157,-0.419,-0.0584
2022_vs_rest,161510,305540,0.3775,0.4383,1.0529
2022_vs_rest,192090,219480,0.2918,0.232,-0.928
2022_vs_rest,192090,229200,0.2637,0.2816,0.2796
2022_vs_rest,192090,261220,0.172,0.1451,-0.3987
2022_vs_rest,192090,261240,-0.0725,-0.2007,-1.889
2022_vs_rest,192090,305540,0.2121,0.205,-0.1068
2022_vs_rest,219480,229200,0.5019,0.7116,4.8891
2022_vs_rest,219480,261220,0.3728,0.1606,-3.3167
2022_vs_rest,219480,261240,-0.4256,-0.6319,-4.187
2022_vs_rest,219480,305540,0.4131,0.5099,1.7799
2022_vs_rest,229200,261220,0.1952,0.1535,-0.6205
2022_vs_rest,229200,261240,-0.4312,-0.6027,-3.4069
2022_vs_rest,229200,305540,0.7005,0.7724,2.2801
2022_vs_rest,261220,261240,-0.1762,-0.1711,0.0745
2022_vs_rest,261220,305540,0.2034,0.1711,-0.4835
2022_vs_rest,261240,305540,-0.3826,-0.4069,-0.4159
2023_vs_rest,069500,091170,0.6592,0.6076,-1.2436
2023_vs_rest,069500,091180,0.6963,0.5781,-2.8906
2023_vs_rest,069500,091230,0.8141,0.6634,-4.9063
2023_vs_rest,069500,102110,0.9986,0.9961,-7.5567
2023_vs_rest,069500,114800,-0.9961,-0.9958,0.5177
2023_vs_rest,069500,117680,0.6433,0.5544,-2.0026
2023_vs_rest,069500,122630,0.9979,0.9976,-0.8565
2023_vs_rest,069500,132030,0.1853,0.2194,0.5125
2023_vs_rest,069500,133690,0.5248,0.2623,-4.5322
2023_vs_rest,069500,143860,0.5616,0.524,-0.7699
2023_vs_rest,069500,148070,0.0213,0.3019,4.1848
2023_vs_rest,069500,153130,-0.0085,0.0863,1.3693
2023_vs_rest,069500,161510,0.7264,0.5464,-4.4376
2023_vs_rest,069500,192090,0.2858,0.1423,-2.1723
2023_vs_rest,069500,219480,0.6754,0.6104,-1.6028
2023_vs_rest,069500,229200,0.7371,0.6635,-2.0889
2023_vs_rest,069500,261220,0.2942,0.2112,-1.2787
2023_vs_rest,069500,261240,-0.5482,-0.5831,-0.7395
2023_vs_rest,069500,305540,0.6524,0.5121,-3.0822
2023_vs_rest,091170,091180,0.5137,0.3671,-2.6328
2023_vs_rest,091170,091230,0.3954,0.3127,-1.3643
2023_vs_rest,091170,102110,0.6575,0.6094,-1.1593
2023_vs_rest,091170,114800,-0.6532,-0.6049,1.1536
2023_vs_rest,091170,117680,0.545,0.2832,-4.6153
2023_vs_rest,091170,122630,0.6541,0.6052,-1.1694
2023_vs_rest,091170,132030,0.119,0.1428,0.3493
2023_vs_rest,091170,133690,0.2638,0.0979,-2.4793
2023_vs_rest,091170,143860,0.3312,0.2731,-0.9233
2023_vs_rest,091170,148070,-0.0167,0.1767,2.816
2023_vs_rest,091170,153130,-0.0284,0.0343,0.9042
2023_vs_rest,091170,161510,0.8789,0.8284,-2.7038
2023_vs_rest,091170,192090,0.1651,0.1817,0.2467
2023_vs_rest,091170,219480,0.4812,0.3468,-2.3461
2023_vs_rest,091170,229200,0.4204,0.2339,-3.0261
2023_vs_rest,091170,261220,0.2416,0.1772,-0.9713
2023_vs_rest,091170,261240,-0.4285,-0.3016,2.1155
2023_vs_rest,091170,305540,0.3566,0.1227,-3.5993
2023_vs_rest,091180,091230,0.4892,0.2923,-3.3725
2023_vs_rest,091180,102110,0.6957,0.5824,-2.7785
2023_vs_rest,091180,114800,-0.6926,-0.58,2.746
2023_vs_rest,091180,117680,0.5127,0.3719,-2.533
2023_vs_rest,091180,122630,0.6955,0.5747,-2.9404
2023_vs_rest,091180,132030,0.113,0.0547,-0.8467
2023_vs_rest,091180,133690,0.3349,0.1236,-3.2298
2023_vs_rest,091180,143860,0.3644,0.3446,-0.3263
2023_vs_rest,091180,148070,0.0055,0.1021,1.3982
2023_vs_rest,091180,153130,-0.0111,-0.0335,-0.3239
2023_vs_rest,091180,161510,0.6026,0.3839,-4.2172
2023_vs_rest,091180,192090,0.2061,0.1129,-1.3792
2023_vs_rest,091180,219480,0.4684,0.3511,-2.0368
2023_vs_rest,091180,229200,0.4922,0.3984,-1.6892
2023_vs_rest,091180,261220,0.2236,0.1733,-0.7559
2023_vs_rest,091180,261240,-0.3606,-0.2626,1.5675
2023_vs_rest,091180,305540,0.4792,0.3047,-2.9876
2023_vs_rest,091230,102110,0.8132,0.6585,-4.9936
2023_vs_rest,091230,114800,-0.8136,-0.6648,4.8448
2023_vs_rest,091230,117680,0.4804,0.2373,-4.059
2023_vs_rest,091230,122630,0.8168,0.6655,-4.9674
2023_vs_rest,091230,132030,0.1578,0.0408,-1.7046
2023_vs_rest,091230,133690,0.5248,0.3102,-3.7785
2023_vs_rest,091230,143860,0.4751,0.3812,-1.6595
2023_vs_rest,091230,148070,0.0325,0.1996,2.4482
2023_vs_rest,091230,153130,-0.0003,0.1096,1.5898
2023_vs_rest,091230,161510,0.4617,0.2162,-4.034
2023_vs_rest,091230,192090,0.2963,0.0534,-3.6325
2023_vs_rest,091230,219480,0.5798,0.408,-3.3014
2023_vs_rest,091230,229200,0.7297,0.5023,-5.4161
2023_vs_rest,091230,261220,0.2425,0.0076,-3.4562
2023_vs_rest,091230,261240,-0.4346,-0.3595,1.287
2023_vs_rest,091230,305540,0.5665,0.2625,-5.3845
2023_vs_rest,102110,114800,-0.9955,-0.9928,3.4143
2023_vs_rest,102110,117680,0.6427,0.5489,-2.1054
2023_vs_rest,102110,122630,0.9973,0.9952,-4.2841
2023_vs_rest,102110,132030,0.188,0.2099,0.3298
2023_vs_rest,102110,133690,0.5287,0.2657,-4.5573
2023_vs_rest,102110,143860,0.5618,0.5207,-0.8395
2023_vs_rest,102110,148070,0.0188,0.297,4.1441
2023_vs_rest,102110,153130,-0.0092,0.0747,1.2122
2023_vs_rest,102110,161510,0.7251,0.5517,-4.2872
2023_vs_rest,102110,192090,0.2835,0.1479,-2.0546
2023_vs_rest,102110,219480,0.6779,0.6075,-1.7334
2023_vs_rest,102110,229200,0.7367,0.6606,-2.1527
2023_vs_rest,102110,261220,0.2923,0.1993,-1.4291
2023_vs_rest,102110,261240,-0.5468,-0.578,-0.6566
2023_vs_rest,102110,305540,0.6516,0.5122,-3.0631
2023_vs_rest,114800,117680,-0.6372,-0.5557,1.8303
2023_vs_rest,114800,122630,-0.9954,-0.9947,1.0397
2023_vs_rest,114800,132030,-0.1815,-0.2261,-0.6711
2023_vs_rest,114800,133690,-0.5262,-0.2584,4.6193
2023_vs_rest,114800,143860,-0.5596,-0.5262,0.6837
2023_vs_rest,114800,148070,-0.0218,-0.3034,-4.2011
2023_vs_rest,114800,153130,0.0083,-0.0883,-1.3964
2023_vs_rest,114800,161510,-0.7175,-0.5447,4.2063
2023_vs_rest,114800,192090,-0.2852,-0.1444,2.133
2023_vs_rest,114800,219480,-0.6725,-0.6063,1.6169
2023_vs_rest,114800,229200,-0.7345,-0.6674,1.9075
2023_vs_rest,114800,261220,-0.2928,-0.2051,1.3492
2023_vs_rest,114800,261240,0.5479,0.5844,0.7754
2023_vs_rest,114800,305540,-0.6509,-0.519,2.9123
2023_vs_rest,117680,122630,0.6421,0.5546,-1.9707
2023_vs_rest,117680,132030,0.1509,0.1038,-0.6897
2023_vs_rest,117680,133690,0.2679,-0.0126,-4.1403
2023_vs_rest,117680,143860,0.3883,0.2679,-1.9497
2023_vs_rest,117680,148070,0.008,0.0637,0.8038
2023_vs_rest,117680,153130,0.0039,-0.0025,-0.0914
2023_vs_rest,117680,161510,0.6411,0.3804,-5.1836
2023_vs_rest,117680,192090,0.2204,0.2956,1.1623
2023_vs_rest,117680,219480,0.4337,0.26,-2.8584
2023_vs_rest,117680,229200,0.5159,0.5958,1.6707
2023_vs_rest,117680,261220,0.2722,0.1606,-1.6912
2023_vs_rest,117680,261240,-0.3788,-0.3114,1.1033
2023_vs_rest,117680,305540,0.5496,0.6202,1.5492
2023_vs_rest,122630,132030,0.1836,0.2249,0.6218
2023_vs_rest,122630,133690,0.5245,0.2685,-4.4302
2023_vs_rest,122630,143860,0.5614,0.5247,-0.7499
2023_vs_rest,122630,148070,0.0229,0.2998,4.1289
2023_vs_rest,122630,153130,-0.0096,0.0864,1.3859
2023_vs_rest,122630,161510,0.7221,0.551,-4.2135
2023_vs_rest,122630,192090,0.2865,0.147,-2.1151
2023_vs_rest,122630,219480,0.6757,0.6156,-1.4905
2023_vs_rest,122630,229200,0.7381,0.6565,-2.3029
2023_vs_rest,122630,261220,0.2897,0.2111,-1.209
2023_vs_rest,122630,261240,-0.5481,-0.5839,-0.7593
2023_vs_rest,122630,305540,0.6527,0.5037,-3.2537
2023_vs_rest,132030,133690,0.0579,-0.1201,-2.5748
2023_vs_rest,132030,143860,0.1044,0.1672,0.9237
2023_vs_rest,132030,148070,0.1552,0.4345,4.4546
2023_vs_rest,132030,153130,0.0097,0.3421,4.9974
2023_vs_rest,132030,161510,0.1432,0.0843,-0.8616
2023_vs_rest,132030,192090,0.0733,0.0288,-0.6429
2023_vs_rest,132030,219480,0.1563,0.1763,0.297
2023_vs_rest,132030,229200,0.1097,0.1088,-0.0135
2023_vs_rest,132030,261220,0.1285,0.0403,-1.2822
2023_vs_rest,132030,261240,-0.2695,-0.4839,-3.6288
2023_vs_rest,132030,305540,0.1227,0.1082,-0.2119
2023_vs_rest,133690,143860,0.3568,0.1117,-3.763
2023_vs_rest,133690,148070,0.0355,0.0777,0.6099
2023_vs_rest,133690,153130,0.0032,-0.0143,-0.2533
2023_vs_rest,133690,161510,0.2888,0.0173,-4.0351
2023_vs_rest,133690,192090,0.3094,0.0949,-3.2392
2023_vs_rest,133690,219480,0.8552,0.7198,-5.3051
2023_vs_rest,133690,229200,0.4956,0.1666,-5.4089
2023_vs_rest,133690,261220,0.2354,0.0107,-3.3041
2023_vs_rest,133690,261240,-0.1583,0.125,4.1114
2023_vs_rest,133690,305540,0.3727,0.1051,-4.1244
2023_vs_rest,143860,148070,0.0796,0.2528,2.5752
2023_vs_rest,143860,153130,0.0116,0.1107,1.4355
2023_vs_rest,143860,161510,0.383,0.2867,-1.5663
2023_vs_rest,143860,192090,0.1822,0.0787,-1.5202
2023_vs_rest,143860,219480,0.4343,0.3252,-1.8404
2023_vs_rest,143860,229200,0.8168,0.5397,-7.8314
2023_vs_rest,143860,261220,0.1279,0.0473,-1.171
2023_vs_rest,143860,261240,-0.3722,-0.341,0.515
2023_vs_rest,143860,305540,0.4371,0.247,-3.1188
2023_vs_rest,148070,153130,0.1233,0.374,3.8804
2023_vs_rest,148070,161510,-0.0242,0.092,1.6786
2023_vs_rest,148070,192090,-0.1092,-0.0707,0.56
2023_vs_rest,148070,219480,0.0723,0.2672,2.9046
2023_vs_rest,148070,229200,0.0558,0.1968,2.0689
2023_vs_rest,148070,261220,-0.0791,-0.0775,0.0229
2023_vs_rest,148070,261240,-0.1324,-0.438,-4.8521
2023_vs_rest,148070,305540,0.0359,0.1399,1.5127
2023_vs_rest,153130,161510,-0.0215,-0.0287,-0.1038
2023_vs_rest,153130,192090,0.015,-0.0499,-0.9358
2023_vs_rest,153130,219480,0.0184,0.072,0.7751
2023_vs_rest,153130,229200,0.0006,0.0624,0.8909
2023_vs_rest,153130,261220,-0.0066,-0.1344,-1.8543
2023_vs_rest,153130,261240,-0.0338,-0.1823,-2.171
2023_vs_rest,153130,305540,0.0023,0.0677,0.9443
2023_vs_rest,161510,192090,0.2013,0.2311,0.4504
2023_vs_rest,161510,219480,0.5159,0.2763,-4.1386
2023_vs_rest,161510,229200,0.4831,0.1724,-5.0872
2023_vs_rest,161510,261220,0.3039,0.2509,-0.8292
2023_vs_rest,161510,261240,-0.4438,-0.2135,3.7496
2023_vs_rest,161510,305540,0.4449,0.0375,-6.3555
2023_vs_rest,192090,219480,0.2954,0.0953,-3.0111
2023_vs_rest,192090,229200,0.2924,0.1206,-2.5945
2023_vs_rest,192090,261220,0.1692,0.1416,-0.4074
2023_vs_rest,192090,261240,-0.1251,0.1008,3.2704
2023_vs_rest,192090,305540,0.2377,0.0863,-2.2464
2023_vs_rest,219480,229200,0.5693,0.4067,-3.0976
2023_vs_rest,219480,261220,0.3357,0.2342,-1.5954
2023_vs_rest,219480,261240,-0.4875,-0.4308,1.0354
2023_vs_rest,219480,305540,0.4508,0.3221,-2.1882
2023_vs_rest,229200,261220,0.2071,0.0587,-2.1812
2023_vs_rest,229200,261240,-0.4693,-0.4392,0.546
2023_vs_rest,229200,305540,0.6691,0.8725,7.7004
2023_vs_rest,261220,261240,-0.1881,-0.0986,1.3184
2023_vs_rest,261220,305540,0.222,0.0766,-2.1483
2023_vs_rest,261240,305540,-0.39,-0.3539,0.6037
2024_vs_rest,069500,091170,0.6643,0.6153,-1.195
2024_vs_rest,069500,091180,0.6865,0.6867,0.0055
2024_vs_rest,069500,091230,0.8042,0.7712,-1.252
2024_vs_rest,069500,102110,0.9985,0.998,-1.9073
2024_vs_rest,069500,114800,-0.9961,-0.9957,0.7166
2024_vs_rest,069500,117680,0.6516,0.537,-2.5636
2024_vs_rest,069500,122630,0.9979,0.9977,-0.8819
2024_vs_rest,069500,132030,0.1808,0.2399,0.8905
2024_vs_rest,069500,133690,0.498,0.5518,1.0701
2024_vs_rest,069500,143860,0.5579,0.5635,0.1187
2024_vs_rest,069500,148070,0.0735,-0.0066,-1.1555
2024_vs_rest,069500,153130,0.0057,0.0642,0.8429
2024_vs_rest,069500,161510,0.7278,0.637,-2.4597
2024_vs_rest,069500,192090,0.3375,-0.0168,-5.2957
2024_vs_rest,069500,219480,0.6787,0.661,-0.4636
2024_vs_rest,069500,229200,0.718,0.7401,0.6804
2024_vs_rest,069500,261220,0.3021,0.1866,-1.77
2024_vs_rest,069500,261240,-0.5789,-0.322,4.7048
2024_vs_rest,069500,305540,0.6338,0.5396,-2.076
2024_vs_rest,091170,091180,0.5032,0.4951,-0.1549
2024_vs_rest,091170,091230,0.418,0.2442,-2.8211
2024_vs_rest,091170,102110,0.6627,0.6146,-1.1697
2024_vs_rest,091170,114800,-0.6584,-0.6118,1.1247
2024_vs_rest,091170,117680,0.5516,0.3566,-3.5656
2024_vs_rest,091170,122630,0.6592,0.6126,-1.1267
2024_vs_rest,091170,132030,0.1117,0.1782,0.9777
2024_vs_rest,091170,133690,0.246,0.275,0.448
2024_vs_rest,091170,143860,0.3268,0.321,-0.0934
2024_vs_rest,091170,148070,0.0162,0.0035,-0.1825
2024_vs_rest,091170,153130,-0.0199,-0.0188,0.0165
2024_vs_rest,091170,161510,0.8698,0.8923,1.4537
2024_vs_rest,091170,192090,0.201,0.0245,-2.5789
2024_vs_rest,091170,219480,0.487,0.4076,-1.4308
2024_vs_rest,091170,229200,0.4045,0.3441,-1.0109
2024_vs_rest,091170,261220,0.2503,0.1648,-1.2869
2024_vs_rest,091170,261240,-0.4401,-0.2364,3.3306
2024_vs_rest,091170,305540,0.3261,0.2807,-0.7202
2024_vs_rest,091180,091230,0.4794,0.4193,-1.0838
2024_vs_rest,091180,102110,0.6859,0.689,0.0846
2024_vs_rest,091180,114800,-0.6826,-0.6867,-0.1099
2024_vs_rest,091180,117680,0.5149,0.4054,-2.0045
2024_vs_rest,091180,122630,0.686,0.6822,-0.1051
2024_vs_rest,091180,132030,0.1071,0.1091,0.0287
2024_vs_rest,091180,133690,0.3167,0.3332,0.2648
2024_vs_rest,091180,143860,0.3623,0.3666,0.0716
2024_vs_rest,091180,148070,0.0361,-0.0894,-1.8093
2024_vs_rest,091180,153130,-0.0144,0.0457,0.8663
2024_vs_rest,091180,161510,0.5906,0.5662,-0.5276
2024_vs_rest,091180,192090,0.2462,-0.031,-4.0641
2024_vs_rest,091180,219480,0.4712,0.3871,-1.4853
2024_vs_rest,091180,229200,0.4732,0.4949,0.408
2024_vs_rest,091180,261220,0.2296,0.1435,-1.2849
2024_vs_rest,091180,261240,-0.3633,-0.2036,2.506
2024_vs_rest,091180,305540,0.4541,0.3968,-1.0066
2024_vs_rest,091230,102110,0.8032,0.7686,-1.3038
2024_vs_rest,091230,114800,-0.8043,-0.7674,1.3923
2024_vs_rest,091230,117680,0.4813,0.3075,-2.9767
2024_vs_rest,091230,122630,0.8069,0.7734,-1.2845
2024_vs_rest,091230,132030,0.1416,0.1694,0.4106
2024_vs_rest,091230,133690,0.4922,0.6008,2.2381
2024_vs_rest,091230,143860,0.4821,0.3797,-1.8129
2024_vs_rest,091230,148070,0.0776,-0.0444,-1.7586
2024_vs_rest,091230,153130,0.027,0.0438,0.2413
2024_vs_rest,091230,161510,0.4799,0.2367,-4.0524
2024_vs_rest,091230,192090,0.3276,0.0335,-4.4116
2024_vs_rest,091230,219480,0.5698,0.5792,0.2024
2024_vs_rest,091230,229200,0.7023,0.6569,-1.2143
2024_vs_rest,091230,261220,0.2267,0.2066,-0.3029
2024_vs_rest,091230,261240,-0.46,-0.1628,4.7927
2024_vs_rest,091230,305540,0.545,0.3245,-3.9507
2024_vs_rest,102110,114800,-0.9954,-0.9947,1.1016
2024_vs_rest,102110,117680,0.6502,0.5384,-2.4991
2024_vs_rest,102110,122630,0.9974,0.9962,-2.7697
2024_vs_rest,102110,132030,0.1814,0.2468,0.9877
2024_vs_rest,102110,133690,0.5021,0.5543,1.0411
2024_vs_rest,102110,143860,0.5578,0.5631,0.1124
2024_vs_rest,102110,148070,0.0717,-0.0152,-1.2518
2024_vs_rest,102110,153130,0.0027,0.0675,0.933
2024_vs_rest,102110,161510,0.7267,0.6383,-2.3937
2024_vs_rest,102110,192090,0.3369,-0.0205,-5.3399
2024_vs_rest,102110,219480,0.6812,0.6633,-0.4722
2024_vs_rest,102110,229200,0.7172,0.7399,0.6973
2024_vs_rest,102110,261220,0.2989,0.1919,-1.6406
2024_vs_rest,102110,261240,-0.5766,-0.3261,4.5901
2024_vs_rest,102110,305540,0.633,0.5411,-2.0253
2024_vs_rest,114800,117680,-0.6469,-0.5276,2.6347
2024_vs_rest,114800,122630,-0.9954,-0.9952,0.3005
2024_vs_rest,114800,132030,-0.1774,-0.2423,-0.976
2024_vs_rest,114800,133690,-0.5,-0.5461,-0.9134
2024_vs_rest,114800,143860,-0.5561,-0.5638,-0.1617
2024_vs_rest,114800,148070,-0.0723,-0.0035,0.9907
2024_vs_rest,114800,153130,-0.0044,-0.0753,-1.022
2024_vs_rest,114800,161510,-0.7191,-0.6312,2.337
2024_vs_rest,114800,192090,-0.3397,0.0318,5.548
2024_vs_rest,114800,219480,-0.6751,-0.6578,0.4494
2024_vs_rest,114800,229200,-0.7163,-0.7366,-0.6194
2024_vs_rest,114800,261220,-0.3006,-0.1774,1.8833
2024_vs_rest,114800,261240,0.5762,0.3333,-4.464
2024_vs_rest,114800,305540,-0.6331,-0.5379,2.0927
2024_vs_rest,117680,122630,0.6509,0.5337,-2.6115
2024_vs_rest,117680,132030,0.1525,0.106,-0.6799
2024_vs_rest,117680,133690,0.2427,0.232,-0.1644
2024_vs_rest,117680,143860,0.3724,0.3904,0.3024
2024_vs_rest,117680,148070,0.0228,-0.0078,-0.4403
2024_vs_rest,117680,153130,-0.0091,0.1116,1.7431
2024_vs_rest,117680,161510,0.6587,0.3987,-5.3021
2024_vs_rest,117680,192090,0.2564,0.1011,-2.3138
2024_vs_rest,117680,219480,0.4348,0.3171,-1.9767
2024_vs_rest,117680,229200,0.5252,0.5341,0.1792
2024_vs_rest,117680,261220,0.2799,0.1333,-2.2085
2024_vs_rest,117680,261240,-0.3929,-0.2108,2.8946
2024_vs_rest,117680,305540,0.5616,0.5322,-0.6034
2024_vs_rest,122630,132030,0.1789,0.2449,0.9947
2024_vs_rest,122630,133690,0.499,0.5479,0.9688
2024_vs_rest,122630,143860,0.5577,0.5642,0.1378
2024_vs_rest,122630,148070,0.0728,0.0046,-0.9831
2024_vs_rest,122630,153130,0.0045,0.0703,0.9485
2024_vs_rest,122630,161510,0.7242,0.6336,-2.4324
2024_vs_rest,122630,192090,0.3399,-0.0258,-5.4659
2024_vs_rest,122630,219480,0.6784,0.6665,-0.311
2024_vs_rest,122630,229200,0.7184,0.7375,0.5847
2024_vs_rest,122630,261220,0.2975,0.1819,-1.7674
2024_vs_rest,122630,261240,-0.5765,-0.3325,4.4834
2024_vs_rest,122630,305540,0.6328,0.5375,-2.0927
2024_vs_rest,132030,133690,0.0371,0.0696,0.4697
2024_vs_rest,132030,143860,0.1039,0.1551,0.7498
2024_vs_rest,132030,148070,0.2039,0.1639,-0.5952
2024_vs_rest,132030,153130,0.0704,-0.0018,-1.0418
2024_vs_rest,132030,161510,0.1294,0.1896,0.8887
2024_vs_rest,132030,192090,0.0864,-0.0194,-1.5259
2024_vs_rest,132030,219480,0.1494,0.2455,1.4398
2024_vs_rest,132030,229200,0.1052,0.1352,0.4387
2024_vs_rest,132030,261220,0.1187,0.1497,0.454
2024_vs_rest,132030,261240,-0.2933,-0.347,-0.8622
2024_vs_rest,132030,305540,0.1235,0.0909,-0.4748
2024_vs_rest,133690,143860,0.343,0.2867,-0.8995
2024_vs_rest,133690,148070,0.0612,-0.114,-2.5297
2024_vs_rest,133690,153130,-0.0092,0.0974,1.5373
2024_vs_rest,133690,161510,0.2705,0.2656,-0.0759
2024_vs_rest,133690,192090,0.3439,0.0212,-4.8547
2024_vs_rest,133690,219480,0.8479,0.8529,0.26
2024_vs_rest,133690,229200,0.4566,0.4304,-0.4692
2024_vs_rest,133690,261220,0.2254,0.1492,-1.1379
2024_vs_rest,133690,261240,-0.1529,0.1211,3.9689
2024_vs_rest,133690,305540,0.3456,0.2345,-1.7472
2024_vs_rest,143860,148070,0.1173,0.0304,-1.2579
2024_vs_rest,143860,153130,0.022,0.0637,0.6022
2024_vs_rest,143860,161510,0.3857,0.3144,-1.1709
2024_vs_rest,143860,192090,0.2311,-0.0988,-4.8139
2024_vs_rest,143860,219480,0.432,0.3995,-0.565
2024_vs_rest,143860,229200,0.7805,0.7498,-1.064
2024_vs_rest,143860,261220,0.1346,-0.0013,-1.9687
2024_vs_rest,143860,261240,-0.3836,-0.2467,2.1943
2024_vs_rest,143860,305540,0.4196,0.3106,-1.8125
2024_vs_rest,148070,153130,0.1943,0.163,-0.4661
2024_vs_rest,148070,161510,-0.0023,-0.0468,-0.64
2024_vs_rest,148070,192090,-0.0898,-0.1705,-1.1828
2024_vs_rest,148070,219480,0.0962,0.0931,-0.0447
2024_vs_rest,148070,229200,0.1048,-0.0375,-2.0542
2024_vs_rest,148070,261220,-0.0689,-0.1719,-1.5057
2024_vs_rest,148070,261240,-0.1825,-0.3448,-2.518
2024_vs_rest,148070,305540,0.0721,-0.005,-1.1104
2024_vs_rest,153130,161510,-0.0255,-0.0139,0.1665
2024_vs_rest,153130,192090,-0.0096,0.0242,0.4855
2024_vs_rest,153130,219480,0.0135,0.1489,1.9651
2024_vs_rest,153130,229200,0.0121,0.1011,1.2852
2024_vs_rest,153130,261220,-0.0292,0.0262,0.7973
2024_vs_rest,153130,261240,-0.0609,-0.169,-1.579
2024_vs_rest,153130,305540,0.0164,0.1395,1.784
2024_vs_rest,161510,192090,0.2488,0.0019,-3.6296
2024_vs_rest,161510,219480,0.5163,0.4199,-1.781
2024_vs_rest,161510,229200,0.464,0.3278,-2.3307
2024_vs_rest,161510,261220,0.3193,0.1714,-2.2702
2024_vs_rest,161510,261240,-0.4353,-0.2622,2.8496
2024_vs_rest,161510,305540,0.4062,0.2679,-2.2509
2024_vs_rest,192090,219480,0.3317,-0.0446,-5.6036
2024_vs_rest,192090,229200,0.3194,0.0271,-4.3739
2024_vs_rest,192090,261220,0.1762,0.1362,-0.59
2024_vs_rest,192090,261240,-0.14,0.1422,4.0872
2024_vs_rest,192090,305540,0.2551,0.0109,-3.5966
2024_vs_rest,219480,229200,0.5553,0.4803,-1.4762
2024_vs_rest,219480,261220,0.3416,0.1193,-3.3968
2024_vs_rest,219480,261240,-0.4911,-0.2936,3.3808
2024_vs_rest,219480,305540,0.4408,0.3008,-2.3432
2024_vs_rest,229200,261220,0.1958,0.1267,-1.0218
2024_vs_rest,229200,261240,-0.4935,-0.2481,4.1352
2024_vs_rest,229200,305540,0.7133,0.6746,-1.0758
2024_vs_rest,261220,261240,-0.1883,-0.0221,2.425
2024_vs_rest,261220,305540,0.2096,0.1058,-1.5328
2024_vs_rest,261240,305540,-0.4011,-0.2374,2.6318
2025_vs_rest,069500,091170,0.6673,0.5859,-1.9282
2025_vs_rest,069500,091180,0.7018,0.6094,-2.3357
2025_vs_rest,069500,091230,0.7859,0.8578,3.2143
2025_vs_rest,069500,102110,0.9982,0.9994,7.4097
2025_vs_rest,069500,114800,-0.9959,-0.9968,-1.7518
2025_vs_rest,069500,117680,0.655,0.5256,-2.8682
2025_vs_rest,069500,122630,0.9976,0.9992,7.4545
2025_vs_rest,069500,132030,0.1953,0.1423,-0.7816
2025_vs_rest,069500,133690,0.4901,0.5786,1.7812
2025_vs_rest,069500,143860,0.584,0.4133,-3.2833
2025_vs_rest,069500,148070,0.0755,-0.0295,-1.5083
2025_vs_rest,069500,153130,0.011,-0.0507,-0.8854
2025_vs_rest,069500,161510,0.7285,0.6305,-2.628
2025_vs_rest,069500,192090,0.2801,0.2405,-0.6086
2025_vs_rest,069500,219480,0.6767,0.649,-0.7078
2025_vs_rest,069500,229200,0.73,0.6932,-1.0706
2025_vs_rest,069500,261220,0.3099,0.1523,-2.3939
2025_vs_rest,069500,261240,-0.579,-0.3839,3.6772
2025_vs_rest,069500,305540,0.6273,0.5979,-0.6741
2025_vs_rest,091170,091180,0.5083,0.4434,-1.2028
2025_vs_rest,091170,091230,0.3896,0.3751,-0.2434
2025_vs_rest,091170,102110,0.6664,0.5839,-1.9479
2025_vs_rest,091170,114800,-0.6615,-0.5833,1.8343
2025_vs_rest,091170,117680,0.5415,0.3686,-3.1477
2025_vs_rest,091170,122630,0.6628,0.5832,-1.8713
2025_vs_rest,091170,132030,0.1168,0.139,0.3228
2025_vs_rest,091170,133690,0.2432,0.2921,0.7563
2025_vs_rest,091170,143860,0.3203,0.3629,0.6906
2025_vs_rest,091170,148070,0.0204,-0.0407,-0.8768
2025_vs_rest,091170,153130,-0.0152,-0.0577,-0.6107
2025_vs_rest,091170,161510,0.8754,0.8575,-1.0301
2025_vs_rest,091170,192090,0.1612,0.2016,0.6001
2025_vs_rest,091170,219480,0.4816,0.4094,-1.2926
2025_vs_rest,091170,229200,0.3839,0.4635,1.3924
2025_vs_rest,091170,261220,0.2542,0.0756,-2.6408
2025_vs_rest,091170,261240,-0.42,-0.3344,1.4325
2025_vs_rest,091170,305540,0.3176,0.3194,0.0287
2025_vs_rest,091180,091230,0.48,0.426,-0.9738
2025_vs_rest,091180,102110,0.7019,0.6092,-2.3449
2025_vs_rest,091180,114800,-0.6984,-0.6087,2.2558
2025_vs_rest,091180,117680,0.5152,0.3984,-2.1231
2025_vs_rest,091180,122630,0.7011,0.6108,-2.2823
2025_vs_rest,091180,132030,0.1102,0.0878,-0.324
2025_vs_rest,091180,133690,0.3173,0.3301,0.2052
2025_vs_rest,091180,143860,0.3811,0.2241,-2.4849
2025_vs_rest,091180,148070,0.0257,-0.0309,-0.8115
2025_vs_rest,091180,153130,-0.0025,-0.0836,-1.1656
2025_vs_rest,091180,161510,0.5838,0.6029,0.4222
2025_vs_rest,091180,192090,0.1974,0.2005,0.0464
2025_vs_rest,091180,219480,0.4715,0.3976,-1.3086
2025_vs_rest,091180,229200,0.4906,0.3698,-2.1315
2025_vs_rest,091180,261220,0.2352,0.0895,-2.1502
2025_vs_rest,091180,261240,-0.3593,-0.2538,1.6721
2025_vs_rest,091180,305540,0.442,0.4773,0.6433
2025_vs_rest,091230,102110,0.7842,0.8578,3.2843
2025_vs_rest,091230,114800,-0.7855,-0.8558,-3.1207
2025_vs_rest,091230,117680,0.4537,0.4468,-0.1229
2025_vs_rest,091230,122630,0.789,0.8566,3.035
2025_vs_rest,091230,132030,0.146,0.1283,-0.2586
2025_vs_rest,091230,133690,0.4958,0.5528,1.1272
2025_vs_rest,091230,143860,0.493,0.3203,-2.9816
2025_vs_rest,091230,148070,0.0677,0.0168,-0.7308
2025_vs_rest,091230,153130,0.0265,-0.0255,-0.7448
2025_vs_rest,091230,161510,0.4514,0.3825,-1.1961
2025_vs_rest,091230,192090,0.2892,0.1878,-1.5435
2025_vs_rest,091230,219480,0.5609,0.5827,0.4644
2025_vs_rest,091230,229200,0.7061,0.6642,-1.1348
2025_vs_rest,091230,261220,0.2355,0.1449,-1.3488
2025_vs_rest,091230,261240,-0.4458,-0.303,2.3898
2025_vs_rest,091230,305540,0.5155,0.5066,-0.1714
2025_vs_rest,102110,114800,-0.995,-0.9964,-2.4838
2025_vs_rest,102110,117680,0.6538,0.5269,-2.8127
2025_vs_rest,102110,122630,0.9967,0.9992,9.857
2025_vs_rest,102110,132030,0.1971,0.1426,-0.8045
2025_vs_rest,102110,133690,0.4942,0.5807,1.7492
2025_vs_rest,102110,143860,0.5844,0.4133,-3.2919
2025_vs_rest,102110,148070,0.0726,-0.0299,-1.4711
2025_vs_rest,102110,153130,0.0078,-0.0466,-0.7814
2025_vs_rest,102110,161510,0.7278,0.6319,-2.5748
2025_vs_rest,102110,192090,0.2785,0.24,-0.5918
2025_vs_rest,102110,219480,0.679,0.6504,-0.7363
2025_vs_rest,102110,229200,0.7297,0.6928,-1.0707
2025_vs_rest,102110,261220,0.3069,0.1554,-2.301
2025_vs_rest,102110,261240,-0.5775,-0.3825,3.6666
2025_vs_rest,102110,305540,0.6267,0.5975,-0.6695
2025_vs_rest,114800,117680,-0.6494,-0.5231,2.779
2025_vs_rest,114800,122630,-0.9952,-0.996,-1.3316
2025_vs_rest,114800,132030,-0.1935,-0.136,0.8487
2025_vs_rest,114800,133690,-0.49,-0.5824,-1.8642
2025_vs_rest,114800,143860,-0.5832,-0.41,3.3231
2025_vs_rest,114800,148070,-0.075,0.0208,1.3761
2025_vs_rest,114800,153130,-0.01,0.0473,0.8224
2025_vs_rest,114800,161510,-0.7192,-0.6318,2.3189
2025_vs_rest,114800,192090,-0.2815,-0.2328,0.7471
2025_vs_rest,114800,219480,-0.6718,-0.6547,0.4396
2025_vs_rest,114800,229200,-0.7291,-0.6873,1.2041
2025_vs_rest,114800,261220,-0.3081,-0.1551,2.3238
2025_vs_rest,114800,261240,0.5784,0.3882,-3.5886
2025_vs_rest,114800,305540,-0.6261,-0.601,0.5767
2025_vs_rest,117680,122630,0.654,0.5272,-2.8125
2025_vs_rest,117680,132030,0.145,0.1413,-0.0538
2025_vs_rest,117680,133690,0.219,0.3445,1.9591
2025_vs_rest,117680,143860,0.3933,0.2642,-2.0806
2025_vs_rest,117680,148070,0.015,0.0469,0.4574
2025_vs_rest,117680,153130,0.0145,-0.0694,-1.2054
2025_vs_rest,117680,161510,0.6465,0.4266,-4.4955
2025_vs_rest,117680,192090,0.2234,0.2485,0.3814
2025_vs_rest,117680,219480,0.4211,0.3928,-0.4857
2025_vs_rest,117680,229200,0.5386,0.4586,-1.5296
2025_vs_rest,117680,261220,0.2795,0.1371,-2.1385
2025_vs_rest,117680,261240,-0.3961,-0.2163,2.8576
2025_vs_rest,117680,305540,0.5465,0.6061,1.2817
2025_vs_rest,122630,132030,0.194,0.1427,-0.758
2025_vs_rest,122630,133690,0.4908,0.5753,1.6961
2025_vs_rest,122630,143860,0.5842,0.4176,-3.2125
2025_vs_rest,122630,148070,0.0769,-0.0288,-1.5179
2025_vs_rest,122630,153130,0.0108,-0.0534,-0.9205
2025_vs_rest,122630,161510,0.7252,0.6312,-2.5107
2025_vs_rest,122630,192090,0.2807,0.2464,-0.5291
2025_vs_rest,122630,219480,0.6781,0.6466,-0.8057
2025_vs_rest,122630,229200,0.7304,0.6955,-1.021
2025_vs_rest,122630,261220,0.3059,0.1526,-2.3268
2025_vs_rest,122630,261240,-0.5794,-0.3851,3.6641
2025_vs_rest,122630,305540,0.6265,0.5967,-0.6821
2025_vs_rest,132030,133690,0.0528,-0.0063,-0.8482
2025_vs_rest,132030,143860,0.1197,0.0595,-0.8697
2025_vs_rest,132030,148070,0.228,0.0267,-2.9455
2025_vs_rest,132030,153130,0.0894,-0.1206,-3.0224
2025_vs_rest,132030,161510,0.1382,0.1298,-0.1216
2025_vs_rest,132030,192090,0.0528,0.1575,1.5196
2025_vs_rest,132030,219480,0.1839,0.0438,-2.0388
2025_vs_rest,132030,229200,0.1123,0.0874,-0.3609
2025_vs_rest,132030,261220,0.1334,0.0472,-1.2475
2025_vs_rest,132030,261240,-0.3372,-0.1246,3.2358
2025_vs_rest,132030,305540,0.1325,0.0592,-1.0612
2025_vs_rest,133690,143860,0.3344,0.3556,0.3463
2025_vs_rest,133690,148070,0.0642,-0.132,-2.8255
2025_vs_rest,133690,153130,0.0204,-0.0771,-1.4013
2025_vs_rest,133690,161510,0.2578,0.3526,1.5001
2025_vs_rest,133690,192090,0.2629,0.4668,3.3956
2025_vs_rest,133690,219480,0.8304,0.9153,5.3012
2025_vs_rest,133690,229200,0.4486,0.4974,0.9017
2025_vs_rest,133690,261220,0.2099,0.3033,1.4352
2025_vs_rest,133690,261240,-0.1474,0.0039,2.1853
2025_vs_rest,133690,305540,0.323,0.3645,0.6748
2025_vs_rest,143860,148070,0.1181,-0.0184,-1.9658
2025_vs_rest,143860,153130,0.0424,-0.0987,-2.0287
2025_vs_rest,143860,161510,0.376,0.3584,-0.2923
2025_vs_rest,143860,192090,0.173,0.1678,-0.0773
2025_vs_rest,143860,219480,0.4233,0.4485,0.4459
2025_vs_rest,143860,229200,0.7707,0.8135,1.652
2025_vs_rest,143860,261220,0.1278,0.0521,-1.0942
2025_vs_rest,143860,261240,-0.3795,-0.2751,1.68
2025_vs_rest,143860,305540,0.4283,0.2537,-2.8462
2025_vs_rest,148070,153130,0.19,0.2,0.1495
2025_vs_rest,148070,161510,-0.002,-0.0687,-0.9575
2025_vs_rest,148070,192090,-0.0843,-0.268,-2.7272
2025_vs_rest,148070,219480,0.1138,-0.0374,-2.1754
2025_vs_rest,148070,229200,0.0937,0.0131,-1.1595
2025_vs_rest,148070,261220,-0.0695,-0.1626,-1.3553
2025_vs_rest,148070,261240,-0.2072,-0.1578,0.7328
2025_vs_rest,148070,305540,0.064,0.0491,-0.214
2025_vs_rest,153130,161510,-0.0228,-0.0373,-0.2082
2025_vs_rest,153130,192090,0.0226,-0.1864,-3.0291
2025_vs_rest,153130,219480,0.0321,-0.0098,-0.6008
2025_vs_rest,153130,229200,0.0306,-0.0996,-1.8729
2025_vs_rest,153130,261220,-0.021,-0.0472,-0.3776
2025_vs_rest,153130,261240,-0.0569,-0.1113,-0.7854
2025_vs_rest,153130,305540,0.0386,-0.0854,-1.7821
2025_vs_rest,161510,192090,0.1992,0.2322,0.4958
2025_vs_rest,161510,219480,0.5108,0.4504,-1.1287
2025_vs_rest,161510,229200,0.4414,0.449,0.1362
2025_vs_rest,161510,261220,0.3172,0.1415,-2.6685
2025_vs_rest,161510,261240,-0.429,-0.295,2.2178
2025_vs_rest,161510,305540,0.3901,0.3589,-0.5205
2025_vs_rest,192090,219480,0.2598,0.4088,2.414
2025_vs_rest,192090,229200,0.2742,0.2191,-0.8419
2025_vs_rest,192090,261220,0.1655,0.1874,0.3234
2025_vs_rest,192090,261240,-0.1311,0.1206,3.629
2025_vs_rest,192090,305540,0.2178,0.1805,-0.557
2025_vs_rest,219480,229200,0.5415,0.5782,0.7662
2025_vs_rest,219480,261220,0.3363,0.2998,-0.5825
2025_vs_rest,219480,261240,-0.4994,-0.3383,2.8162
2025_vs_rest,219480,305540,0.4237,0.4231,-0.0103
2025_vs_rest,229200,261220,0.1975,0.09,-1.576
2025_vs_rest,229200,261240,-0.481,-0.3581,2.1452
2025_vs_rest,229200,305540,0.7379,0.5419,-4.861
2025_vs_rest,261220,261240,-0.2027,0.0349,3.4474
2025_vs_rest,261220,305540,0.22,0.0479,-2.5197
2025_vs_rest,261240,305540,-0.4023,-0.2813,1.9696
