,sd_bp_2019_25,sd_bp_2026,sd_bp_2026_lwo,vol20_med_2019_25_bp,vol20_med_2026_bp,ratio_sd,ratio_sd_lwo,ratio_vol20_median,max_ratio_any_year_2019_25
122630,254.428,844.996,767.9,214.884,741.998,3.321,3.018,3.453,1.428
114800,130.845,430.872,378.173,109.707,378.593,3.293,2.89,3.451,1.443
069500,128.127,423.313,377.776,107.581,365.898,3.304,2.948,3.401,1.445
102110,127.583,423.215,375.568,107.297,364.342,3.317,2.944,3.396,1.435
229200,180.245,395.931,368.424,154.51,376.001,2.197,2.044,2.433,1.235
091180,170.411,360.961,358.114,142.486,340.75,2.118,2.101,2.391,1.451
091230,198.241,505.374,450.894,174.74,415.818,2.549,2.274,2.38,1.217
117680,188.606,328.332,321.485,163.794,316.15,1.741,1.705,1.93,1.257
161510,122.17,210.872,212.264,94.47,181.707,1.726,1.737,1.923,1.687
305540,237.748,396.803,390.854,198.38,352.292,1.669,1.644,1.776,1.259
143860,178.32,302.618,302.395,159.852,280.58,1.697,1.696,1.755,1.319
132030,100.893,222.52,229.105,89.625,154.116,2.206,2.271,1.72,1.309
261220,284.745,427.787,428.698,198.992,316.785,1.502,1.506,1.592,1.867
091170,163.334,242.089,244.438,138.7,207.482,1.482,1.497,1.496,1.445
153130,1.282,1.379,1.387,0.948,1.362,1.075,1.082,1.437,1.36
261240,54.648,68.847,70.249,47.241,63.61,1.26,1.285,1.346,1.241
148070,37.807,43.564,43.582,30.994,39.623,1.152,1.153,1.278,1.488
192090,128.602,120.867,113.989,106.623,103.139,0.94,0.886,0.967,1.206
219480,121.738,88.315,86.36,86.237,82.94,0.725,0.709,0.962,1.515
133690,135.347,118.201,108.89,109.259,101.048,0.873,0.805,0.925,1.307
