ticker,down_over_up,block_ci_lo,block_ci_hi,iid_ci_lo,iid_ci_hi,iid_call,block_call,iid_width,block_width
069500,1.324,1.104,1.624,1.113,1.56,down>up,down>up,0.447,0.52
091170,0.665,0.565,0.928,0.56,0.905,up>down,up>down,0.345,0.363
091180,0.527,0.412,0.782,0.399,0.745,up>down,up>down,0.346,0.37
091230,0.731,0.586,0.929,0.613,1.013,includes_1,up>down,0.4,0.343
102110,1.491,1.263,1.664,1.33,1.73,down>up,down>up,0.4,0.401
114800,0.966,0.852,1.095,0.865,1.087,includes_1,includes_1,0.222,0.243
117680,0.574,0.406,0.804,0.396,0.74,up>down,up>down,0.344,0.398
122630,1.312,1.145,1.531,1.162,1.522,down>up,down>up,0.36,0.386
132030,0.911,0.742,1.146,0.739,1.173,includes_1,includes_1,0.434,0.404
133690,1.361,1.116,1.592,1.175,1.57,down>up,down>up,0.395,0.476
143860,0.855,0.67,1.119,0.68,1.176,includes_1,includes_1,0.496,0.449
148070,0.951,0.695,1.302,0.703,1.416,includes_1,includes_1,0.713,0.607
153130,0.814,0.624,1.248,0.607,1.175,includes_1,includes_1,0.568,0.624
161510,1.103,0.875,1.259,0.919,1.254,includes_1,includes_1,0.335,0.384
192090,0.657,0.479,0.89,0.521,0.868,up>down,up>down,0.347,0.411
219480,1.49,1.144,2.137,1.05,2.087,down>up,down>up,1.037,0.993
229200,1.219,1.055,1.339,1.075,1.368,down>up,down>up,0.293,0.284
261220,1.296,0.915,1.933,0.845,1.736,includes_1,includes_1,0.891,1.018
261240,1.152,0.934,1.36,0.973,1.408,includes_1,includes_1,0.435,0.426
305540,0.762,0.596,1.011,0.608,0.975,up>down,includes_1,0.367,0.415
