date,ticker,name,asset_scope,ret_pct,rz,universe_median_abs_pct
2024-01-30,153130,KODEX 단기채권,bond,-0.47,-34.0,0.47
2024-10-02,192090,TIGER 차이나CSI300,foreign_equity,10.83,12.1,0.95
2023-06-07,153130,KODEX 단기채권,bond,0.13,7.8,0.34
2020-04-22,261220,KODEX WTI원유선물(H),commodity,-29.97,-7.2,0.86
2023-06-08,153130,KODEX 단기채권,bond,-0.09,-7.1,0.32
2024-10-08,192090,TIGER 차이나CSI300,foreign_equity,-6.76,-6.9,0.78
2026-01-30,132030,KODEX 골드선물(H),commodity,-7.61,-6.7,0.9
2020-08-12,132030,KODEX 골드선물(H),commodity,-4.77,-6.6,0.98
2024-09-27,192090,TIGER 차이나CSI300,foreign_equity,5.32,6.5,0.46
2021-10-05,143860,TIGER 헬스케어,domestic_equity,-7.51,-6.2,1.07
2021-10-29,148070,KIWOOM 국고채10년,bond,-1.62,-6.1,0.97
2025-10-22,132030,KODEX 골드선물(H),commodity,-4.15,-6.0,1.01
2024-10-11,192090,TIGER 차이나CSI300,foreign_equity,-6.52,-6.0,0.32
2020-10-12,153130,KODEX 단기채권,bond,0.04,5.9,0.59
2024-10-30,117680,KODEX 철강,domestic_equity,-9.1,-5.8,0.8
2022-08-26,153130,KODEX 단기채권,bond,-0.08,-5.7,0.29
2025-12-24,261240,KODEX 미국달러선물,currency,-2.05,-5.7,0.37
2019-09-16,148070,KIWOOM 국고채10년,bond,-1.0,-5.5,0.8
2019-10-04,148070,KIWOOM 국고채10년,bond,1.05,5.5,0.77
2024-10-24,117680,KODEX 철강,domestic_equity,10.15,5.4,0.74
2022-03-29,153130,KODEX 단기채권,bond,-0.03,-5.4,0.68
2020-10-13,153130,KODEX 단기채권,bond,-0.03,-5.0,0.47
2022-11-04,192090,TIGER 차이나CSI300,foreign_equity,3.94,4.9,0.72
2019-05-07,192090,TIGER 차이나CSI300,foreign_equity,-5.23,-4.8,0.87
2026-03-12,261220,KODEX WTI원유선물(H),commodity,10.57,4.7,0.64
2023-12-05,132030,KODEX 골드선물(H),commodity,-2.38,-4.7,0.64
2025-10-01,153130,KODEX 단기채권,bond,0.04,4.7,0.35
2025-10-14,117680,KODEX 철강,domestic_equity,6.64,4.7,1.01
2021-02-08,091180,KODEX 자동차,domestic_equity,-7.02,-4.6,0.95
2022-03-02,261220,KODEX WTI원유선물(H),commodity,11.38,4.6,0.8
2024-09-24,192090,TIGER 차이나CSI300,foreign_equity,3.64,4.6,0.83
2021-08-11,091230,TIGER 반도체,domestic_equity,-3.73,-4.6,0.73
2025-10-28,132030,KODEX 골드선물(H),commodity,-3.21,-4.5,0.98
2021-08-09,132030,KODEX 골드선물(H),commodity,-3.07,-4.5,0.53
2023-01-05,091170,KODEX 은행,domestic_equity,6.32,4.5,0.74
2025-05-07,132030,KODEX 골드선물(H),commodity,4.09,4.3,0.75
2026-02-26,091230,TIGER 반도체,domestic_equity,8.87,4.2,0.77
2023-07-25,192090,TIGER 차이나CSI300,foreign_equity,3.64,4.2,0.41
2024-04-23,132030,KODEX 골드선물(H),commodity,-2.64,-4.2,0.32
2022-03-28,148070,KIWOOM 국고채10년,bond,-1.3,-4.2,0.52
2024-10-25,091170,KODEX 은행,domestic_equity,4.06,4.2,0.71
2023-01-26,091180,KODEX 자동차,domestic_equity,4.41,4.1,0.91
2021-07-20,261220,KODEX WTI원유선물(H),commodity,-5.03,-4.1,0.56
2020-01-06,132030,KODEX 골드선물(H),commodity,2.23,4.1,0.86
2025-05-15,261240,KODEX 미국달러선물,currency,-1.73,-4.1,0.77
2023-03-23,261240,KODEX 미국달러선물,currency,-2.04,-4.1,0.44
2020-08-07,305540,TIGER 2차전지테마,domestic_equity,6.5,4.0,0.56
2022-09-29,153130,KODEX 단기채권,bond,0.06,4.0,0.25
2023-10-05,261220,KODEX WTI원유선물(H),commodity,-4.79,-4.0,0.44
2021-01-11,132030,KODEX 골드선물(H),commodity,-3.52,-4.0,0.63
2025-04-14,261240,KODEX 미국달러선물,currency,-1.84,-4.0,0.81
2025-10-17,132030,KODEX 골드선물(H),commodity,3.26,4.0,0.58
2024-02-16,161510,PLUS 고배당주,domestic_equity,2.7,4.0,1.07
2024-09-11,091170,KODEX 은행,domestic_equity,-4.96,-4.0,0.89
2024-04-08,132030,KODEX 골드선물(H),commodity,2.53,3.9,0.74
2022-05-17,153130,KODEX 단기채권,bond,-0.02,-3.9,0.87
2024-10-31,091170,KODEX 은행,domestic_equity,-3.28,-3.9,1.06
2024-09-13,117680,KODEX 철강,domestic_equity,5.8,3.9,0.6
2025-01-31,261240,KODEX 미국달러선물,currency,1.6,3.9,0.97
2021-11-12,117680,KODEX 철강,domestic_equity,4.88,3.9,1.07
2023-10-16,132030,KODEX 골드선물(H),commodity,1.92,3.9,0.8
2023-07-24,117680,KODEX 철강,domestic_equity,5.99,3.9,0.65
2019-10-28,148070,KIWOOM 국고채10년,bond,-0.81,-3.8,0.5
2020-10-05,261220,KODEX WTI원유선물(H),commodity,-5.74,-3.8,0.95
2019-12-06,091230,TIGER 반도체,domestic_equity,4.73,3.8,0.33
2019-07-03,132030,KODEX 골드선물(H),commodity,2.54,3.8,1.03
2022-10-05,192090,TIGER 차이나CSI300,foreign_equity,2.25,3.8,0.69
2020-01-10,305540,TIGER 2차전지테마,domestic_equity,4.15,3.7,0.45
2021-11-01,148070,KIWOOM 국고채10년,bond,0.88,3.7,0.6
2023-04-04,143860,TIGER 헬스케어,domestic_equity,4.72,3.7,0.54
2024-08-27,148070,KIWOOM 국고채10년,bond,-0.88,-3.7,0.69
2025-04-25,133690,TIGER 미국나스닥100,foreign_equity,3.66,3.7,0.81
2025-09-10,091170,KODEX 은행,domestic_equity,4.29,3.7,0.91
2025-01-23,153130,KODEX 단기채권,bond,0.04,3.7,0.5
2024-11-07,132030,KODEX 골드선물(H),commodity,-2.82,-3.7,0.32
2020-11-19,261240,KODEX 미국달러선물,currency,1.02,3.7,0.64
2020-01-29,133690,TIGER 미국나스닥100,foreign_equity,1.85,3.7,0.49
2019-05-31,261220,KODEX WTI원유선물(H),commodity,-5.19,-3.7,0.3
2020-01-22,091180,KODEX 자동차,domestic_equity,2.96,3.7,0.95
2020-08-10,091180,KODEX 자동차,domestic_equity,8.43,3.7,0.52
2021-07-26,192090,TIGER 차이나CSI300,foreign_equity,-3.41,-3.7,0.85
2019-04-25,261240,KODEX 미국달러선물,currency,1.0,3.6,0.42
2019-10-23,143860,TIGER 헬스케어,domestic_equity,5.33,3.6,0.61
2024-06-04,261220,KODEX WTI원유선물(H),commodity,-4.27,-3.6,0.72
2024-07-17,091230,TIGER 반도체,domestic_equity,-4.23,-3.6,0.86
2024-07-12,133690,TIGER 미국나스닥100,foreign_equity,-2.15,-3.6,0.6
2023-03-20,132030,KODEX 골드선물(H),commodity,2.97,3.6,0.61
2022-05-04,153130,KODEX 단기채권,bond,0.03,3.6,0.4
2019-12-13,261240,KODEX 미국달러선물,currency,-1.25,-3.6,0.97
2019-10-08,305540,TIGER 2차전지테마,domestic_equity,4.04,3.6,0.77
2021-03-19,261220,KODEX WTI원유선물(H),commodity,-7.11,-3.6,0.68
2022-04-14,153130,KODEX 단기채권,bond,0.03,3.6,0.52
2023-12-04,132030,KODEX 골드선물(H),commodity,1.97,3.6,0.54
2021-11-15,143860,TIGER 헬스케어,domestic_equity,4.83,3.6,0.65
2025-01-07,261240,KODEX 미국달러선물,currency,-1.17,-3.5,0.29
2022-03-18,261220,KODEX WTI원유선물(H),commodity,9.08,3.5,0.36
2024-06-10,132030,KODEX 골드선물(H),commodity,-3.5,-3.5,0.68
2025-06-13,261220,KODEX WTI원유선물(H),commodity,7.87,3.5,0.9
2025-10-31,091180,KODEX 자동차,domestic_equity,3.49,3.5,0.98
2019-08-16,219480,KODEX 미국S&P500선물(H),foreign_equity,-2.18,-3.5,0.53
2022-10-07,192090,TIGER 차이나CSI300,foreign_equity,-2.35,-3.5,0.81
2020-10-26,229200,KODEX 코스닥150,domestic_equity,-3.51,-3.5,0.87
2021-03-12,148070,KIWOOM 국고채10년,bond,-0.63,-3.4,0.9
2019-05-15,305540,TIGER 2차전지테마,domestic_equity,3.6,3.4,0.86
2020-07-16,192090,TIGER 차이나CSI300,foreign_equity,-4.66,-3.4,0.69
2025-10-02,114800,KODEX 인버스,domestic_equity,-3.19,-3.4,0.94
2026-01-27,091230,TIGER 반도체,domestic_equity,6.16,3.4,1.07
2022-01-17,153130,KODEX 단기채권,bond,-0.02,-3.4,0.75
2022-06-16,153130,KODEX 단기채권,bond,-0.05,-3.4,0.33
2024-02-26,161510,PLUS 고배당주,domestic_equity,-2.91,-3.4,0.68
2021-10-28,148070,KIWOOM 국고채10년,bond,0.78,3.4,0.8
2024-10-28,091170,KODEX 은행,domestic_equity,-2.81,-3.4,0.83
2019-06-27,229200,KODEX 코스닥150,domestic_equity,-3.23,-3.4,0.71
2019-08-21,148070,KIWOOM 국고채10년,bond,-0.53,-3.4,0.36
2020-02-11,305540,TIGER 2차전지테마,domestic_equity,4.54,3.4,0.8
2019-08-08,117680,KODEX 철강,domestic_equity,2.58,3.4,0.72
2020-09-18,261240,KODEX 미국달러선물,currency,-1.16,-3.4,0.62
2019-10-29,153130,KODEX 단기채권,bond,-0.02,-3.4,0.25
2020-03-30,261220,KODEX WTI원유선물(H),commodity,-10.03,-3.4,0.86
2023-03-03,305540,TIGER 2차전지테마,domestic_equity,5.78,3.3,0.49
2021-02-15,091230,TIGER 반도체,domestic_equity,5.08,3.3,0.79
2021-07-15,261220,KODEX WTI원유선물(H),commodity,-3.98,-3.3,0.76
2021-06-14,132030,KODEX 골드선물(H),commodity,-2.13,-3.3,0.47
2020-12-29,143860,TIGER 헬스케어,domestic_equity,6.19,3.3,0.8
2024-01-04,143860,TIGER 헬스케어,domestic_equity,-4.39,-3.3,0.92
2024-11-15,305540,TIGER 2차전지테마,domestic_equity,-7.62,-3.3,0.78
2025-07-17,143860,TIGER 헬스케어,domestic_equity,3.99,3.3,0.53
2023-11-07,091170,KODEX 은행,domestic_equity,-2.74,-3.3,0.9
2024-07-02,091180,KODEX 자동차,domestic_equity,-4.16,-3.3,0.84
2026-08-11,153130,KODEX 단기채권,bond,0.05,3.3,0.93
2026-01-22,305540,TIGER 2차전지테마,domestic_equity,7.98,3.3,1.03
2025-10-29,153130,KODEX 단기채권,bond,-0.01,-3.3,0.86
2023-10-06,091170,KODEX 은행,domestic_equity,3.02,3.3,0.35
2021-12-17,133690,TIGER 미국나스닥100,foreign_equity,-3.39,-3.3,0.68
2023-11-03,261240,KODEX 미국달러선물,currency,-1.56,-3.3,0.96
2023-07-11,114800,KODEX 인버스,domestic_equity,-1.95,-3.2,0.96
2025-09-04,192090,TIGER 차이나CSI300,foreign_equity,-2.5,-3.2,0.47
2025-05-28,305540,TIGER 2차전지테마,domestic_equity,7.66,3.2,0.91
2024-10-18,192090,TIGER 차이나CSI300,foreign_equity,3.74,3.2,0.57
2026-05-18,153130,KODEX 단기채권,bond,0.05,3.2,0.83
2022-11-02,192090,TIGER 차이나CSI300,foreign_equity,2.15,3.2,0.55
2022-05-03,153130,KODEX 단기채권,bond,-0.02,-3.2,0.5
2021-04-27,117680,KODEX 철강,domestic_equity,6.27,3.2,0.37
2020-01-03,132030,KODEX 골드선물(H),commodity,1.43,3.2,0.6
2021-06-11,153130,KODEX 단기채권,bond,-0.02,-3.2,0.65
2020-08-03,305540,TIGER 2차전지테마,domestic_equity,5.6,3.2,0.44
2019-07-18,148070,KIWOOM 국고채10년,bond,0.58,3.2,0.73
2020-05-28,153130,KODEX 단기채권,bond,0.03,3.2,0.87
2019-10-01,143860,TIGER 헬스케어,domestic_equity,5.35,3.2,0.39
2019-09-02,148070,KIWOOM 국고채10년,bond,-0.55,-3.2,0.45
2019-05-24,261220,KODEX WTI원유선물(H),commodity,-4.1,-3.2,0.55
2021-07-22,261220,KODEX WTI원유선물(H),commodity,4.93,3.2,1.07
2024-07-05,143860,TIGER 헬스케어,domestic_equity,4.69,3.2,0.48
2024-03-22,261240,KODEX 미국달러선물,currency,1.19,3.2,0.41
2024-02-14,161510,PLUS 고배당주,domestic_equity,-1.7,-3.2,1.02
2022-10-12,148070,KIWOOM 국고채10년,bond,1.51,3.2,0.77
2023-12-11,132030,KODEX 골드선물(H),commodity,-1.55,-3.2,0.41
2022-02-08,148070,KIWOOM 국고채10년,bond,-0.84,-3.2,0.54
2019-04-18,102110,TIGER 200,domestic_equity,-1.63,-3.1,1.06
2020-02-03,219480,KODEX 미국S&P500선물(H),foreign_equity,-1.43,-3.1,0.25
2019-12-03,219480,KODEX 미국S&P500선물(H),foreign_equity,-1.09,-3.1,0.54
2021-05-03,143860,TIGER 헬스케어,domestic_equity,-4.56,-3.1,0.8
2021-08-25,153130,KODEX 단기채권,bond,-0.02,-3.1,0.39
2026-06-24,143860,TIGER 헬스케어,domestic_equity,6.87,3.1,0.69
2026-01-13,091180,KODEX 자동차,domestic_equity,6.79,3.1,0.94
2024-05-03,261240,KODEX 미국달러선물,currency,-1.03,-3.1,0.55
2024-10-04,261240,KODEX 미국달러선물,currency,1.13,3.1,0.55
2020-11-11,261220,KODEX WTI원유선물(H),commodity,5.07,3.1,1.08
2021-05-25,192090,TIGER 차이나CSI300,foreign_equity,3.16,3.1,0.91
2026-04-10,192090,TIGER 차이나CSI300,foreign_equity,2.04,3.1,0.87
2025-10-23,091180,KODEX 자동차,domestic_equity,-2.76,-3.1,0.99
2021-11-29,261220,KODEX WTI원유선물(H),commodity,-5.71,-3.1,0.77
2023-06-02,261240,KODEX 미국달러선물,currency,-1.24,-3.1,0.99
2024-04-01,132030,KODEX 골드선물(H),commodity,1.76,3.1,0.28
2021-11-22,091230,TIGER 반도체,domestic_equity,4.27,3.1,0.68
2024-08-26,261240,KODEX 미국달러선물,currency,-0.89,-3.1,0.74
2024-05-02,261220,KODEX WTI원유선물(H),commodity,-3.46,-3.1,0.63
2024-01-02,143860,TIGER 헬스케어,domestic_equity,4.75,3.1,0.78
2024-04-29,117680,KODEX 철강,domestic_equity,3.02,3.1,0.99
2020-11-04,261220,KODEX WTI원유선물(H),commodity,4.74,3.0,0.64
2020-09-16,261220,KODEX WTI원유선물(H),commodity,4.09,3.0,0.48
2020-10-22,229200,KODEX 코스닥150,domestic_equity,-2.99,-3.0,1.05
2019-10-07,143860,TIGER 헬스케어,domestic_equity,4.89,3.0,0.3
2022-10-21,148070,KIWOOM 국고채10년,bond,-1.93,-3.0,0.49
2021-12-01,091180,KODEX 자동차,domestic_equity,3.57,3.0,0.64
2023-04-10,305540,TIGER 2차전지테마,domestic_equity,6.84,3.0,0.77
2022-12-20,148070,KIWOOM 국고채10년,bond,-1.65,-3.0,1.01
2024-01-23,091170,KODEX 은행,domestic_equity,3.26,3.0,0.52
2023-09-15,091170,KODEX 은행,domestic_equity,2.93,3.0,0.96
2024-09-25,161510,PLUS 고배당주,domestic_equity,-2.88,-3.0,0.83
2024-07-26,091170,KODEX 은행,domestic_equity,4.6,3.0,0.51
2024-07-18,133690,TIGER 미국나스닥100,foreign_equity,-1.63,-3.0,0.68
2026-01-09,261220,KODEX WTI원유선물(H),commodity,3.72,3.0,0.84
2026-07-16,091230,TIGER 반도체,domestic_equity,-9.2,-3.0,0.79
2026-08-13,153130,KODEX 단기채권,bond,0.05,3.0,0.65
