definition,k,dedup_k200,n_common_days,anchor_2020-03_max_n,anchor_2024-08-05_max_n,anchor_2026-03-04_max_n,anchor_2026-07/08_max_n
rz3_shift1,3,False,99,16,15,13,7
rz3_shift1,3,True,91,13,12,10,4
rz3_shift1,5,False,52,16,15,13,7
rz3_shift1,5,True,40,13,12,10,4
rz3_shift1,8,False,32,16,15,13,7
rz3_shift1,8,True,20,13,12,10,4
q99_per_etf,3,False,35,15,13,12,7
q99_per_etf,3,True,30,12,10,9,4
q99_per_etf,5,False,22,15,13,12,7
q99_per_etf,5,True,15,12,10,9,4
q99_per_etf,8,False,10,15,13,12,7
q99_per_etf,8,True,7,12,10,9,4
abs_3pct,3,False,339,17,15,14,13
abs_3pct,3,True,327,14,12,11,10
abs_3pct,5,False,175,17,15,14,13
abs_3pct,5,True,136,14,12,11,10
abs_3pct,8,False,78,17,15,14,13
abs_3pct,8,True,49,14,12,11,10
