date,ticker,name,ret_pct,rz,in_c075
2024-10-02,192090,TIGER 차이나CSI300,10.83,12.1,False
2020-04-22,261220,KODEX WTI원유선물(H),-29.97,-7.2,True
2024-10-08,192090,TIGER 차이나CSI300,-6.76,-6.9,True
2020-08-12,132030,KODEX 골드선물(H),-4.77,-6.6,False
2024-09-27,192090,TIGER 차이나CSI300,5.32,6.5,True
2025-10-22,132030,KODEX 골드선물(H),-4.15,-6.0,True
2024-10-11,192090,TIGER 차이나CSI300,-6.52,-6.0,True
2024-10-30,117680,KODEX 철강,-9.1,-5.8,False
2025-12-24,261240,KODEX 미국달러선물,-2.05,-5.7,True
2019-09-16,148070,KIWOOM 국고채10년,-1.0,-5.5,False
2019-10-04,148070,KIWOOM 국고채10년,1.05,5.5,True
2024-01-29,161510,PLUS 고배당주,3.14,5.4,False
2020-07-06,192090,TIGER 차이나CSI300,6.91,5.4,True
2024-10-24,117680,KODEX 철강,10.15,5.4,False
2022-11-04,192090,TIGER 차이나CSI300,3.94,4.9,True
2024-05-16,261240,KODEX 미국달러선물,-1.65,-4.9,False
2026-01-29,132030,KODEX 골드선물(H),6.23,4.7,True
2026-03-12,261220,KODEX WTI원유선물(H),10.57,4.7,True
2023-12-05,132030,KODEX 골드선물(H),-2.38,-4.7,True
2021-08-11,091230,TIGER 반도체,-3.73,-4.6,False
2021-02-08,091180,KODEX 자동차,-7.02,-4.6,False
2022-03-02,261220,KODEX WTI원유선물(H),11.38,4.6,False
2024-09-24,192090,TIGER 차이나CSI300,3.64,4.6,False
2021-08-09,132030,KODEX 골드선물(H),-3.07,-4.5,False
2025-10-28,132030,KODEX 골드선물(H),-3.21,-4.5,False
2023-01-05,091170,KODEX 은행,6.32,4.5,True
2020-04-27,091170,KODEX 은행,9.13,4.3,False
2020-04-10,132030,KODEX 골드선물(H),5.04,4.3,True
2025-05-07,132030,KODEX 골드선물(H),4.09,4.3,True
2020-11-03,261220,KODEX WTI원유선물(H),6.75,4.3,False
2023-07-25,192090,TIGER 차이나CSI300,3.64,4.2,True
2024-10-25,091170,KODEX 은행,4.06,4.2,True
2022-03-28,148070,KIWOOM 국고채10년,-1.3,-4.2,True
2024-04-23,132030,KODEX 골드선물(H),-2.64,-4.2,True
2023-03-23,261240,KODEX 미국달러선물,-2.04,-4.1,True
2025-05-15,261240,KODEX 미국달러선물,-1.73,-4.1,False
2021-01-19,091180,KODEX 자동차,7.49,4.1,True
2022-11-29,192090,TIGER 차이나CSI300,3.94,4.1,False
2021-07-20,261220,KODEX WTI원유선물(H),-5.03,-4.1,True
2023-01-26,091180,KODEX 자동차,4.41,4.1,False
2020-08-07,305540,TIGER 2차전지테마,6.5,4.0,True
2025-04-14,261240,KODEX 미국달러선물,-1.84,-4.0,True
2023-10-05,261220,KODEX WTI원유선물(H),-4.79,-4.0,True
2024-02-16,161510,PLUS 고배당주,2.7,4.0,False
2021-01-11,132030,KODEX 골드선물(H),-3.52,-4.0,True
2025-10-17,132030,KODEX 골드선물(H),3.26,4.0,True
2024-09-11,091170,KODEX 은행,-4.96,-4.0,False
2024-04-08,132030,KODEX 골드선물(H),2.53,3.9,True
2023-07-24,117680,KODEX 철강,5.99,3.9,False
2023-10-16,132030,KODEX 골드선물(H),1.92,3.9,True
2025-01-31,261240,KODEX 미국달러선물,1.6,3.9,False
2020-04-07,132030,KODEX 골드선물(H),4.04,3.9,False
2021-03-02,133690,TIGER 미국나스닥100,3.86,3.9,True
2024-09-13,117680,KODEX 철강,5.8,3.9,False
2024-10-31,091170,KODEX 은행,-3.28,-3.9,False
2020-10-05,261220,KODEX WTI원유선물(H),-5.74,-3.8,True
2019-12-06,091230,TIGER 반도체,4.73,3.8,True
2022-10-05,192090,TIGER 차이나CSI300,2.25,3.8,True
2020-09-28,229200,KODEX 코스닥150,4.47,3.8,False
2025-04-25,133690,TIGER 미국나스닥100,3.66,3.7,True
2020-11-19,261240,KODEX 미국달러선물,1.02,3.7,True
2025-09-10,091170,KODEX 은행,4.29,3.7,True
2024-11-07,132030,KODEX 골드선물(H),-2.82,-3.7,True
2020-01-29,133690,TIGER 미국나스닥100,1.85,3.7,True
2019-05-31,261220,KODEX WTI원유선물(H),-5.19,-3.7,True
2020-03-26,148070,KIWOOM 국고채10년,1.37,3.7,False
2023-04-04,143860,TIGER 헬스케어,4.72,3.7,True
2020-08-10,091180,KODEX 자동차,8.43,3.7,False
2021-07-26,192090,TIGER 차이나CSI300,-3.41,-3.7,False
2025-01-13,261220,KODEX WTI원유선물(H),4.75,3.7,False
2020-01-10,305540,TIGER 2차전지테마,4.15,3.7,True
2026-01-19,091180,KODEX 자동차,8.06,3.7,True
2020-08-05,305540,TIGER 2차전지테마,5.82,3.6,True
2023-04-11,091180,KODEX 자동차,4.04,3.6,True
2023-12-04,132030,KODEX 골드선물(H),1.97,3.6,True
2024-07-12,133690,TIGER 미국나스닥100,-2.15,-3.6,False
2019-10-08,305540,TIGER 2차전지테마,4.04,3.6,False
2021-11-15,143860,TIGER 헬스케어,4.83,3.6,False
2021-03-19,261220,KODEX WTI원유선물(H),-7.11,-3.6,True
2022-09-16,192090,TIGER 차이나CSI300,-2.57,-3.6,False
2023-03-20,132030,KODEX 골드선물(H),2.97,3.6,False
2019-10-23,143860,TIGER 헬스케어,5.33,3.6,False
2019-04-25,261240,KODEX 미국달러선물,1.0,3.6,True
2024-07-17,091230,TIGER 반도체,-4.23,-3.6,False
2024-06-04,261220,KODEX WTI원유선물(H),-4.27,-3.6,True
2024-06-10,132030,KODEX 골드선물(H),-3.5,-3.5,True
2022-10-07,192090,TIGER 차이나CSI300,-2.35,-3.5,True
2020-12-04,261240,KODEX 미국달러선물,-1.19,-3.5,False
2025-01-07,261240,KODEX 미국달러선물,-1.17,-3.5,True
2025-10-31,091180,KODEX 자동차,3.49,3.5,True
2022-03-18,261220,KODEX WTI원유선물(H),9.08,3.5,True
2019-08-16,219480,KODEX 미국S&P500선물(H),-2.18,-3.5,True
2020-10-26,229200,KODEX 코스닥150,-3.51,-3.5,False
2024-02-26,161510,PLUS 고배당주,-2.91,-3.4,False
2020-09-18,261240,KODEX 미국달러선물,-1.16,-3.4,True
2020-11-09,192090,TIGER 차이나CSI300,3.25,3.4,True
2019-05-15,305540,TIGER 2차전지테마,3.6,3.4,False
2020-07-16,192090,TIGER 차이나CSI300,-4.66,-3.4,False
2024-10-28,091170,KODEX 은행,-2.81,-3.4,True
2020-02-11,305540,TIGER 2차전지테마,4.54,3.4,True
2019-08-08,117680,KODEX 철강,2.58,3.4,False
2020-03-30,261220,KODEX WTI원유선물(H),-10.03,-3.4,False
2022-05-30,261240,KODEX 미국달러선물,-1.49,-3.4,False
2022-04-27,192090,TIGER 차이나CSI300,3.2,3.4,False
2023-11-03,261240,KODEX 미국달러선물,-1.56,-3.3,False
2021-12-17,133690,TIGER 미국나스닥100,-3.39,-3.3,True
2026-01-22,305540,TIGER 2차전지테마,7.98,3.3,True
2023-10-06,091170,KODEX 은행,3.02,3.3,True
2020-12-29,143860,TIGER 헬스케어,6.19,3.3,False
2021-06-14,132030,KODEX 골드선물(H),-2.13,-3.3,True
2021-02-15,091230,TIGER 반도체,5.08,3.3,True
2020-05-06,261220,KODEX WTI원유선물(H),20.29,3.3,False
2024-07-02,091180,KODEX 자동차,-4.16,-3.3,False
2023-03-03,305540,TIGER 2차전지테마,5.78,3.3,True
2021-07-15,261220,KODEX WTI원유선물(H),-3.98,-3.3,False
2024-11-15,305540,TIGER 2차전지테마,-7.62,-3.3,False
2025-07-17,143860,TIGER 헬스케어,3.99,3.3,True
2025-09-04,192090,TIGER 차이나CSI300,-2.5,-3.2,True
2025-05-28,305540,TIGER 2차전지테마,7.66,3.2,False
2022-11-02,192090,TIGER 차이나CSI300,2.15,3.2,True
2020-08-03,305540,TIGER 2차전지테마,5.6,3.2,True
2024-07-05,143860,TIGER 헬스케어,4.69,3.2,True
2024-10-18,192090,TIGER 차이나CSI300,3.74,3.2,True
2019-05-24,261220,KODEX WTI원유선물(H),-4.1,-3.2,False
2023-12-11,132030,KODEX 골드선물(H),-1.55,-3.2,True
2024-03-22,261240,KODEX 미국달러선물,1.19,3.2,True
2022-10-12,148070,KIWOOM 국고채10년,1.51,3.2,True
2019-10-01,143860,TIGER 헬스케어,5.35,3.2,True
2021-04-27,117680,KODEX 철강,6.27,3.2,True
2020-01-03,132030,KODEX 골드선물(H),1.43,3.2,False
2020-06-03,117680,KODEX 철강,8.2,3.2,False
2026-08-05,219480,KODEX 미국S&P500선물(H),1.93,3.2,False
2020-05-19,091180,KODEX 자동차,7.71,3.1,False
2022-01-24,091170,KODEX 은행,-2.45,-3.1,False
2024-04-29,117680,KODEX 철강,3.02,3.1,True
2024-01-02,143860,TIGER 헬스케어,4.75,3.1,False
2024-05-03,261240,KODEX 미국달러선물,-1.03,-3.1,True
2024-10-04,261240,KODEX 미국달러선물,1.13,3.1,True
2021-05-03,143860,TIGER 헬스케어,-4.56,-3.1,False
2019-12-03,219480,KODEX 미국S&P500선물(H),-1.09,-3.1,True
2026-04-10,192090,TIGER 차이나CSI300,2.04,3.1,True
2026-01-13,091180,KODEX 자동차,6.79,3.1,True
2020-08-06,305540,TIGER 2차전지테마,5.01,3.1,False
2021-05-25,192090,TIGER 차이나CSI300,3.16,3.1,False
2020-02-03,219480,KODEX 미국S&P500선물(H),-1.43,-3.1,True
2023-06-02,261240,KODEX 미국달러선물,-1.24,-3.1,False
2021-05-14,192090,TIGER 차이나CSI300,3.12,3.1,False
2021-11-22,091230,TIGER 반도체,4.27,3.1,False
2026-06-24,143860,TIGER 헬스케어,6.87,3.1,True
2024-05-02,261220,KODEX WTI원유선물(H),-3.46,-3.1,True
2021-11-29,261220,KODEX WTI원유선물(H),-5.71,-3.1,True
2024-04-01,132030,KODEX 골드선물(H),1.76,3.1,True
2024-01-23,091170,KODEX 은행,3.26,3.0,True
2021-04-28,229200,KODEX 코스닥150,-3.0,-3.0,True
2020-11-04,261220,KODEX WTI원유선물(H),4.74,3.0,False
2021-12-01,091180,KODEX 자동차,3.57,3.0,False
2026-07-16,091230,TIGER 반도체,-9.2,-3.0,True
2024-07-18,133690,TIGER 미국나스닥100,-1.63,-3.0,False
2026-01-09,261220,KODEX WTI원유선물(H),3.72,3.0,True
2022-12-20,148070,KIWOOM 국고채10년,-1.65,-3.0,True
2019-10-07,143860,TIGER 헬스케어,4.89,3.0,True
2024-07-26,091170,KODEX 은행,4.6,3.0,True
2023-04-10,305540,TIGER 2차전지테마,6.84,3.0,True
2020-10-22,229200,KODEX 코스닥150,-2.99,-3.0,False
2026-08-19,192090,TIGER 차이나CSI300,-3.89,-3.0,False
2020-09-16,261220,KODEX WTI원유선물(H),4.09,3.0,True
2022-10-21,148070,KIWOOM 국고채10년,-1.93,-3.0,True
