id,scope,tickers,statement,status,evidence,rq,h0,h1,source_agent
HC-069500-1,ETF,069500,069500 의 상위 5 |robust-z| 극단일은 모두 universe 공통 충격일이다,OBSERVED,"top5 날짜 같은부호 |rz|>2 ETF 10~15개, universe median -11.5%~+6.6% 동반; out20/extremes.csv, common_shock_days.csv",,,,A2-1
HC-069500-2,ETF,069500,급락 극단일의 거래량 배수가 급등 극단일보다 크다,TESTABLE,top5 중 하락 3일 volx 3.59/4.86/4.32 vs 상승 2일 1.53/0.94 (volume/직전20일 median shift1),|rz|>3 일 중 하락일과 상승일의 volume ratio 분포가 다른가?,두 분포의 median 차이 없음,하락일 volume ratio median 이 더 크다,A2-1
HC-102110-1,pair,069500;102110,069500 과 102110 의 일간 추적차는 매우 작고(std 8bp) 누적으로 102110 이 약 1%p 앞선다,OBSERVED,"TD std 8.0bp (exw 7.8bp), 누적 로그차 1.01%p, Pearson 0.9990, 8년 중 7년 102110 우위; logret.parquet",,,,A2-1
HC-102110-2,pair,069500;102110,069500-102110 의 큰 일간 차이는 분배 시기에 집중된다,TESTABLE,|TD|>50bp 4일; 2023-12-14/15 +69bp/-65bp 반전쌍,|TD| 상위 5% 일이 분기말 전후 ±5거래일에 몰려 있는가?,상위 5% TD 일의 분기말 근접 비율 = 전체 일의 근접 비율,근접 비율이 더 높다,A2-1
HC-229200-1,pair,229200;069500,229200 의 KOSPI200 대비 베타는 시기에 따라 크게 변한다(2022~23 >1.3; 2025~26 <0.8),TESTABLE,연도별 OLS 기울기 1.41(2022) 1.34(2023) 0.76(2025) 0.63(2026); 전체 0.81 R2 0.47,126일 rolling 베타가 시간에 따라 안정적인가?,연도별 베타가 동일(구조 변화 없음),2025 이후 베타가 이전보다 유의하게 낮다,A2-1
HC-229200-2,ETF,229200,229200 은 KOSPI200 보다 업종 ETF(143860·091230·305540)와 상관이 높다,OBSERVED,Spearman 143860 0.756 > 091230 0.659 ≈ 305540 0.656 ≈ 069500 0.647; corr_spearman.csv (exw 동일 순위),,,,A2-1
HC-229200-3,ETF,229200,2026-01-26 은 229200 고유 충격일이다,SEED,"+10.7%, rz +8.5, universe median -0.09%, 같은부호 |rz|>2 3개, volx 12.4",,,,A2-1
HC-122630-1,pair,122630;069500,122630 의 일간 수익률은 069500 의 약 2배다,OBSERVED,OLS 1.986 / Huber 2.002 / R2 0.996 / exw 2.003; 연도별 1.95~2.02,,,,A2-1
HC-122630-2,pair,122630;069500,레버리지 누적 괴리(실제 - 2x지수 누적)는 변동성이 높고 추세가 약할수록 음수가 된다,TESTABLE,2025 2.58배(강추세) vs 2021 0.43배(횡보); 전체 10.25배 vs 2x누적 8.99배 vs 이상적 일간2배복리 13.52배,126일 rolling 괴리가 rolling 분산과 음의 관계인가?,괴리와 rolling 분산 상관 = 0,상관 < 0,A2-1
HC-114800-1,pair,114800;069500,114800 의 일간 수익률은 069500 의 약 -1배다,OBSERVED,OLS -1.016 / Huber -1.018 / R2 0.991 / exw -1.010; 연도별 -1.00~-1.03,,,,A2-1
HC-114800-2,ETF,114800,인버스의 극단일은 부호 보정 시 전부 공통 충격일이다,TESTABLE,top5 |rz| 일 같은부호 |rz|>2 ETF 1~2개지만 universe median 은 매번 반대 부호(+3.0% +6.6% -11.5% +7.3% -6.8%),114800 의 |rz|>4 일 중 -1x(universe median) 과 같은 방향인 비율은?,비율 = 비극단일의 같은 비율,극단일에서 더 높다,A2-1
HC-114800-3,ETF,114800,2025~26 상승장에서 인버스는 큰 drawdown 을 겪었다,OBSERVED,2025 초 이후 -82.9% / 2026 내 -63.9% (2026-01-02→06-22); 069500 같은 기간 +376.8%; 전체 max_dd -90.7% 2020-03-19→2026-06-22,,,,A2-1
HC-091230-1,single,091230;069500,2026 이후 091230 과 069500 의 상관·beta 가 2019~2025 대비 높다,TESTABLE,roll126 corr 0.55(2023-09)→0.96(2026-08); 2026 ann vol 80% vs 25~38%,2026 구간 069500 대비 상관이 이전 구간보다 큰가?,두 구간 상관 차이 없음,"2026 상관이 더 큼 (Fisher z, exw 병기)",A2-2
HC-091230-2,single,091230,반도체 극단일은 거래량 폭증을 동반하지 않는다,OBSERVED,|rz|>4 일 vr>=2 동반률 15% vs 전체일 15.7%,,,,A2-2
HC-091170-1,single,091170;069500,2026 들어 091170 의 069500 beta·상관이 구조적으로 낮아졌다,TESTABLE,연도 beta 0.63(2025)→0.24(2026); roll126 corr 현재 0.28(최저),2026 beta 가 2019~2025 보다 낮은가?,구간 beta 동일,"2026 beta 낮음 (구간 더미 상호작용 OLS, exw 병기)",A2-2
HC-091170-2,single,091170,은행 극단일은 거의 전부 공통 충격일이다,OBSERVED,상위5 |robust-z| 모두 universe median 동방향 >=4%,,,,A2-2
HC-091180-1,single,091180,자동차 고유 극단일은 거래량 급증을 동반한다,OBSERVED,2021-01-08 vr 9.26; |rz|>4 동반률 36% vs 전체 15.3%,,,,A2-2
HC-091180-2,single,091180,"고유 급등일(시장 med |r|<1%, 본인 rz>4) 이후 fwd20 은 음(되돌림)이다",TESTABLE,2026-05-21 fwd20 -11.2%; 2021-01-08 fwd5 -3.6%,고유 급등 이후 20일 수익률 평균이 0 보다 작은가?,fwd20 평균 = 무조건부 평균,더 작음 (표본 적음 → bootstrap),A2-2
HC-305540-1,single,305540,2차전지 고유 급등은 단기 되돌림을 동반한다,OBSERVED,2023-11-06 +19.6%→fwd5 -20.8%; 2026-06-29 +13.5%→fwd5 -11.9%,,,,A2-2
HC-305540-2,pair,305540;117680;091230,305540 은 반도체보다 철강과 더 강하게 동조한다,TESTABLE,Spearman 117680 0.55 vs 091230 0.46,"069500 잔차 기준에서도 corr(305540,117680) > corr(305540,091230)?",차이 없음,"철강 쪽이 큼 (bootstrap CI, exw 병기)",A2-2
HC-143860-1,pair,143860;229200;069500,143860 은 069500 보다 229200 으로 더 잘 설명된다,TESTABLE,Spearman 229200 0.76 vs 069500 0.48; R2(069500) 0.26,229200 단일요인 R2 > 069500 단일요인 R2?,차이 없음,"229200 쪽이 큼 (bootstrap, exw 병기)",A2-2
HC-143860-2,single,143860,극단일 거래량 배수가 큰 것은 low_liquidity 기저 효과다,SEED,"|rz|>4 일 vr>=2 동반률 44%; med_volume 60,531",,,,A2-2
HC-117680-1,etf,117680,2026년 고변동은 시장 공통 요인보다 업종 고유 잔차 변동이 커져서다,TESTABLE,2026 ann vol 52.1% vs 2025 32.5%; spearman vs 069500 0.556,069500 회귀 잔차 연환산 vol 이 2026년에 2021~25 평균보다 큰가,잔차 vol 차이 없음,2026 잔차 vol 이 유의하게 큼,A2-3
HC-117680-2,etf,117680,2024-10-24(+9.7%)→10-30(-9.5%) 고립 왕복은 시장과 무관한 고유 충격,OBSERVED,specific z 6.2/-5.6; univ median -0.6/-0.5%; vr 1.23/0.59,,,,A2-3
HC-117680-3,etf,117680,저유동성 때문에 069500 대비 하루 늦게 반응하는 성분이 있다,SEED,lag-1 corr (117680 t vs 069500 t-1) 0.076 (5개 중 최대); med_volume 58k; low_liquidity flag,,,,A2-3
HC-161510-1,etf,161510;091170;069500,161510 일간 수익률은 시장(069500)보다 은행(091170)에 더 많이 설명된다,TESTABLE,spearman 091170 0.830 vs 069500 0.603,091170 단독 회귀 R2 가 069500 단독 R2 보다 큰가(전체·exw),R2 차이 없음,091170 R2 가 더 큼,A2-3
HC-161510-2,etf,161510,조정가격(추정)에서 분배락 음 gap 은 뚜렷하지 않다,OBSERVED,시가 gap 하위 6일 모두 위기일(2020-03-23 -7.1% 등); 월평균 대비 069500 차 4월 -0.5bp; 5/6월 -16.5/-18.6bp,,,,A2-3
HC-161510-3,etf,161510,저변동 체제와 위기 체제가 갈리는 변동성 군집이 5개 중 가장 강하다,SEED,acf_abs1 0.374; kurt full 10.8 / trim3 4.3; 연 vol 2023 13.1% vs 2026 33.5%,,,,A2-3
HC-219480-1,etf,219480,219480 의 음 lag1 자기상관은 저유동성 종가 노이즈에서 온다,TESTABLE,acf_r1 -0.107; med_volume 26.5k(최저); low_liquidity flag,거래량 하위 tercile 일의 r_t·r_t+1 음상관이 상위 tercile 보다 강한가,tercile 간 차이 없음,저거래량 tercile 에서 더 음,A2-3
HC-219480-2,pair,219480;069500,비동기 기대와 달리 069500 과 동일일 상관이 높고 lag-1 은 0 근처,OBSERVED,spearman 0.610; lag-1 -0.051 / -0.035,,,,A2-3
HC-219480-3,pair,219480;133690;261240,133690-219480 차이는 원/달러(261240)로 상당 부분 설명된다,TESTABLE,차이 vs 261240 corr 0.575 (closing_print_anomaly 제외; 포함 0.369); R2 0.702→0.811; 환 계수 0.889,261240 추가 시 R2 가 유의하게 오르고 연도별로 안정적인가,ΔR2=0,ΔR2>0,A2-3
HC-133690-1,pair,133690;219480;261240,비헤지 환노출이 위기일 꼬리를 완충한다,TESTABLE,kurt full 5.08 vs 219480 10.54; 261240 계수 0.889,common_shock_days 하락일에 (133690 - 1.139*219480) 잔차가 양인가,잔차 평균 = 0,잔차 평균 > 0,A2-3
HC-133690-2,etf,133690,max_dd 가 2020-03 이 아니라 2022 금리 상승기에 발생,OBSERVED,peak 2022-01-04 trough 2022-12-29 -31.0% recovered 2023-06-29,,,,A2-3
HC-133690-3,etf,133690,거래량-변동 연동이 5개 중 가장 강하다,SEED,"corr(|r|,dlog volume) 0.264",,,,A2-3
HC-192090-1,etf,192090,중국 휴장 중 KRX 거래일 수익률은 중국 재개 첫날 일부 되돌려진다,TESTABLE,"2024-10-02 +10.3% (univ median -0.3%, vr 17.8x) → 10-08 -7.0% (vr 15.1x)",중국 휴장 구간 누적 r 와 재개일 r 의 상관이 음인가,상관 = 0,상관 < 0,A2-3
HC-192090-2,etf,192090,우주 내 가장 독립적인 주식 ETF(공통 충격 참여 최소),OBSERVED,spearman vs 069500 0.269; common_shock_days 12/55; 상위5 robust-z 중 고유 3,,,,A2-3
HC-192090-3,etf,192090,변동성 군집이 약해 과거 변동성의 미래 예측력이 낮다,SEED,acf_abs20 0.010; 20D vol p90/p10 2.40,,,,A2-3
HC-148070-1,ETF,148070;069500,069500 과의 상관은 2019~2021 과 2022~2026 에서 부호가 다르다,TESTABLE,연도별 Spearman 2019 -0.44/2020 -0.10/2021 -0.04 vs 2022 +0.15/2023 +0.24/2026 +0.36,두 하위기간의 일간 Spearman 상관이 다른가?,rho(2019-21) = rho(2022-26),rho(2019-21) < rho(2022-26),A2-4
HC-148070-2,ETF,148070,변동성 레짐이 월 단위로 지속된다(금리 사이클형),OBSERVED,acf_abs20 0.155 ~ acf_abs1 0.162; 60D vol 2.7%~11.9%(2022-11-11),,,,A2-4
HC-153130-1,ETF,153130;148070,2024-01-30/31 은 금리 이벤트가 아닌 단일 ETF 가격 이상(원인 미확인)이다,OBSERVED,01-30 -0.47% -> 01-31 +0.50%; 148070 같은날 +0.75%; vol ratio 0.58; universe median -0.15%,,,,A2-4
HC-153130-2,ETF,153130,틱 이산성 때문에 z-score 극단일 수가 부풀려진다,TESTABLE,0 수익률 16.8%; |dClose|<=5원 45.7%; |robust-z|>3 77일 대부분 |r|<0.1%; kurt 322.9 vs trim3 6.06,1틱(5원) 이하 변화를 0 으로 간주해도 |rz|>3 일수가 유지되는가?,극단일 수 변화 없음,극단일 수가 유의하게 감소,A2-4
HC-132030-1,ETF,132030;069500,주식 stress 구간에서 금-주식 상관이 calm 보다 높다,TESTABLE,Spearman stress 0.466 vs calm 0.134; 069500 z<-3 29일 평균 -1.56%(양 28%),stress/calm 구간 Spearman 상관이 다른가?,rho_stress = rho_calm,rho_stress > rho_calm,A2-4
HC-132030-2,ETF,132030,2026 금 변동성 레짐은 표본 내 전례 없는 수준이다,OBSERVED,2026 ann vol 35.3% vs 2019-25 12.6-21.0%; 60D vol max 53.3%(2026-04-09); max_dd -30.5% 미회복,,,,A2-4
HC-261220-1,ETF,261220;069500,2026 원유-주식 상관 부호는 2019-2025 와 다르다,TESTABLE,연도별 Spearman 2019-25 +0.11~+0.42 vs 2026 -0.38; 2026-03-09 +25.7% 당일 universe median -3.20%,2026 상관이 이전 기간과 다른가(극단일 제외 후에도)?,rho_2026 = rho_2019-25,rho_2026 < rho_2019-25,A2-4
HC-261220-2,ETF,261220,2020-03-09 / 04-22 의 -30%(단순) 는 가격제한폭 도달일이다,OBSERVED,두 날 log -0.3563 동일; vol ratio 28.4배 / 5.9배; max_dd -86.5% 2019-04-23->2020-04-28,,,,A2-4
HC-261240-1,ETF,261240;069500,달러선물은 주식 위기일에 양(+)의 평균 수익률을 보인다,TESTABLE,"069500 z<-3 29일 평균 +0.80%(_exw +0.85%) 양 86%; Spearman stress -0.642, 전체 -0.519",069500 z<-3 일의 261240 평균 수익률이 0 보다 큰가?,평균 <= 0,평균 > 0,A2-4
HC-261240-2,ETF,261240,2019-03-14/15 한 쌍(price_anomaly_unverified)이 tail 지표를 지배한다,OBSERVED,kurt 300.3->3.86(쌍 제외); ann_vol 13.49%->8.92%; max_up 19.87%->3.05%,,,,A2-4
