reference,type,exists,size,sha256
analysis/robustness/d0122/cluster_leave_one_etf_out.csv,table,True,3726,76b278f634177c4b58b33b43b6dd813741c8fb82638dee124fa4396711d8b854
analysis/robustness/d0122/rolling_corr_window_estimator_summary.csv,table,True,2807,1d368ce432c9e6db3d2c48b06667357bcc3003d9a461b764b0f95dd135f13fde
analysis/robustness/robustness_final.py,script,True,23634,ef36c961380462348c659bcd958cafd04073763f384a4b4c936dde2238ba22bb
analysis/scripts/universe_final.py,script,True,33001,2a32baaa9274d5e6d2fca5cf0b60b0cf83781dc6e0169bb1058aa76a12f88bef
config/event_anchors.csv,table,True,891,c19a1bb6934f2b03eaed4507b0b381fa71a56814089965c44ae62fc87ebd3831
config/universe.csv,table,True,16728,f842dfe7ee65fc916d419150bb1efad4ba14676abb789c9c0fba14278f49cc4e
data/raw/MANIFEST.csv,table,True,8350,7b02727f3472c2b6d2515c7315b30bc22166c03ce479ba64b53eeb85a6dcf445
figures/etf/069500/04_rolling_vol.png,figure,True,89203,731c3defad9956bb4e7a1d46922a9a163050a3a0063260486336615fcf71649f
figures/etf/102110/07_benchmark_scatter.png,figure,True,45846,b4327ed5ff09c8c016da0606c651c26ae84758ba361469ac2deecf1009304fdb
figures/etf/114800/07_benchmark_scatter.png,figure,True,49615,e8b8d313b85438a4c6c1648969cf5815f2d3722e1d19fcbd74ecea0831508946
figures/etf/122630/07_benchmark_scatter.png,figure,True,48480,f516f9435050e49487f1bb643fb10ee595c0d3651cc8afda4cea637c4dcc3709
figures/etf/122630/08_rolling_corr_beta.png,figure,True,49531,f5a7efe5ec84cbb68879e268e41dc6ec2d1799ac84227f2f66a31127dcbe3b1a
figures/etf/148070/07_benchmark_scatter.png,figure,True,99847,61ca95fa4c789298432e7406f61c3509c890c816acb18b63a89b36c70fe27811
figures/etf/153130/03_distribution_tail.png,figure,True,69767,286272d37f713119b9b99ca3f0614172a20ef39350855e4816af4acca4c964ba
figures/etf/261240/03_distribution_tail.png,figure,True,69674,3aa53d4493604ef9d432ed0b206cc6ad525b0f7a830b562d3493bb72c3210828
figures/etf/261240/11_event_window.png,figure,True,110195,f87dd8567dc206f46060ef6dead9051f115670aec753446bd8f81b7645515a90
figures/robustness/cluster_ari_heatmap.png,figure,True,113353,4fe5632731af56fa84c091e33808ff03b3a10ccc44ee5f51d31239b81f6e80f0
figures/robustness/forest_claims.png,figure,True,85191,4b4a8914e53c1f12bc39321f8001b95e1202a6cb5701a3e6ead4db4dfbe81484
figures/robustness/kurtosis_variants.png,figure,True,71464,a856d1f9fb1a9587b99150797b37a92ef7cff0433a0f8d04828157f6f9c86e87
figures/robustness/shock_definition_grid.png,figure,True,58909,4166519c9e7fc6c078924c7d953f8e967eedd62e773b95488dab2538f83ebc25
figures/robustness/vol_ratio_2026.png,figure,True,112982,f437734230f48f3513cb711359ded90eaff3be8a401469865c1721bb417c01cb
figures/universe/01_vol_ranking.png,figure,True,122595,9537b8d41e6547b95df0aa594206143e1dd0e456df6b020422f222cc6b0f224a
figures/universe/02_vol_year_heatmap.png,figure,True,257886,57891d50561ef633f6dc6c76a01e2de5a2e73ae2b61e0df1d1cf15944498258d
figures/universe/03_quantile_interval.png,figure,True,91452,56a0d27342a738d5e7535cb7a3667a38315c373f7d6b994925258bec019bcc16
figures/universe/05_corr_spearman_clustered.png,figure,True,300936,8bc02cf2c7b12510e21d904c23a81f1716b4dd44eb0f94522e62c7f39839dcc5
figures/universe/06_dendrogram.png,figure,True,119541,b2a75f7bc8b38e709da04498533a639eb15e21889405eb06a5f8c1c7a6df9c90
figures/universe/07_period_diff_corr.png,figure,True,220906,da6762b018c5427ac482156551cb081fb542acfe71e8ea924ff0c312577680b8
figures/universe/08_rolling_corr_dispersion.png,figure,True,263963,ef7dec75e8b1194a3fd233bfa157d84861527ee322644d1565ad9de60cf711ea
figures/universe/09_pca_scree_loading.png,figure,True,149815,2596c241172ac0c2a30609670f4f92dfb0bfb72db35bb9e6aa94d37c215477b5
figures/universe/10_shock_definition_sensitivity_dedup.png,figure,True,62940,1252e1f4f4d408b44331b140e92ead7e3be716150205f34504a2fa5262630c2f
figures/universe/11_breadth_timeline.png,figure,True,98884,157b7bc01df750ea1cf3064eddd8ca58f30d7add8f10cce40d449c34098ad317
figures/universe/12_shock_participation_sign.png,figure,True,240091,3883bfaf0e4ba48996a7e592ad14b4e2262e08c7a383f554cb06ced267daac7d
figures/universe/13_shock_participation_scatter.png,figure,True,91111,8ff2b2b61be89ad31cdd9450641a19e4578f223003de2e26dd01119eb6f37a95
figures/universe/14_empirical_peer_rolling.png,figure,True,180271,7bb59d70ec749d71d0c3366c25abf22771e31a38a387a07f0bed60605028aa49
figures/universe/15_wti_equity_sign_flip.png,figure,True,143086,9f6f80ff5d582034053c25149ac532140d0f670b8950dbb0cac5ac70f22ab5cc
figures/universe/16_rolling_beta_geared.png,figure,True,177131,cf52baaed5b51981a4f2911bc13943785a95be61caee617f6786bb6b1b3aedec
figures/universe/17_empirical_peer_scatter.png,figure,True,324141,1d5dc772238b1e0a30dfd774312cfb0d439b7221295a3c04942e8e3cff43f71b
notebooks/00_raw_eda/,dir,True,,
notebooks/final_eda/,dir,True,,
notebooks/final_eda/01_069500_final_eda.ipynb,notebook,True,1176548,b6c4ea4c6fa9116df638f82d56b9e84ee2607d1d6a90f6e7944151e7fd26df9f
notebooks/final_eda/02_102110_final_eda.ipynb,notebook,True,1168124,9ce0c92ac1a5f233cd5e4e6fe6b840c9c961c53c1f46c26ec3855caef0a623ce
notebooks/final_eda/03_229200_final_eda.ipynb,notebook,True,1299211,7aea82672b51ac61229bdd32ffd6200428ed24ea22ce50ec6f8631d9a9489f08
notebooks/final_eda/04_122630_final_eda.ipynb,notebook,True,1212856,12cdfafe97c5b2c7bb1b2bc9e84180bfd57cde881f6d4ec4642d51bfeaa3ee4e
notebooks/final_eda/05_114800_final_eda.ipynb,notebook,True,1108704,9c852cd7b7e281e1e88776371bb487fddafdbb6829072bc04fb66340203f9966
notebooks/final_eda/06_091230_final_eda.ipynb,notebook,True,1272915,739458aad7fc36aa3d62533523b2683da8769f6f1a79fca08bd5c444c53744da
notebooks/final_eda/07_091170_final_eda.ipynb,notebook,True,1322982,63bc4e7f4cddb0ea41a09702dd556ab13594829ed5f197c1ccfbc5a3425ac2ea
notebooks/final_eda/08_091180_final_eda.ipynb,notebook,True,1272334,b3ba6dace217b74efecb79673f61bbded57923f15c523a1d9624f38069e65f01
notebooks/final_eda/09_305540_final_eda.ipynb,notebook,True,1288863,254744dee99f232396d967046ecb54ae6824980693047b35746530687c10f767
notebooks/final_eda/10_143860_final_eda.ipynb,notebook,True,1318663,4321ada7865ea6d93b50fed6710de4ed0a6c8abe70f20f42257baac6f59039f4
notebooks/final_eda/11_117680_final_eda.ipynb,notebook,True,1293323,d61f78f64aedf81c07a54f09d739e0f9552c140c9881dbb232a013f873502470
notebooks/final_eda/12_161510_final_eda.ipynb,notebook,True,1225132,e45be201c43c4e11981ac6ac1fc7a5a737acf883c62f5375b27e5e17c567d338
notebooks/final_eda/13_219480_final_eda.ipynb,notebook,True,1389964,68f9bddccb9e350b076185fc7384ed988dec3de30eefef190ab9b2248c71efef
notebooks/final_eda/14_133690_final_eda.ipynb,notebook,True,1412041,08ae4aa9576162e5453aed525f314ee42e7015e389ead20df965f73e84b4c373
notebooks/final_eda/15_192090_final_eda.ipynb,notebook,True,1281701,19f1f844bc9f1131ad6c9de30348b15156f8ca388e7163f9cedf9bbbcbc06456
notebooks/final_eda/16_148070_final_eda.ipynb,notebook,True,1346487,d098d251a870786489030282386ed0689c9e987538453e67111cb8e53f478598
notebooks/final_eda/17_153130_final_eda.ipynb,notebook,True,1115450,b8fbd177d0380edcad34bee208be5818fddafc49caab9ddfb6523b9c5efdbf50
notebooks/final_eda/18_132030_final_eda.ipynb,notebook,True,1277116,c8a5b24c6aa91a1d9b2d119c2b49654776e42df16788c60755ed7da2a889052f
notebooks/final_eda/19_261220_final_eda.ipynb,notebook,True,1226204,10ecafde23295260874ecdb8a8f5b19e1b7413aaec484b9546b543c8a78ad372
notebooks/final_eda/20_261240_final_eda.ipynb,notebook,True,1166490,a020c7ff2ee522136f3b935e334ce93d4f01a96f99733216022176084a55b233
notebooks/universe/universe_eda.ipynb,notebook,True,4216736,1383f147be2c733cc510f1f47fab3229c53f7cd1dc1b731c0083e95d36dd7535
reports/CANONICAL_PATCH_NOTE.md,report,True,8325,591c0f12569bce5947ad63d3368d51ee16f895ff9df748ec3eef77db7bd1fb9c
reports/CLAIM_EVIDENCE_MATRIX.csv,table,True,8094,e3d3c77bf366cb1925c5065a0649da926330e6ffb717a673fca3a86d1fefaa0e
reports/CLOSURE_MANIFEST.json,table,True,3805,aa11757be65aa6efb1bd627cf165867761ccb8f974dd4c9a878bc1a5274f61e9
reports/EDA_EVIDENCE_CLOSURE.md,report,True,8271,b44a328802579c96778613d531bdd156dc5f9f200c8a90552c44c0d4068b5ebc
reports/ETF_RELATION_MAP_FINAL.md,report,True,12088,143d2965a95718d40a788e46d6be39840ac63ed0ae8a0d171a04c1ef32232c04
reports/ROBUSTNESS_MATRIX.csv,table,True,16341,6e7c126cdcd5cab98e13d72f9a95b7429a4ba1f3fbe198b3552ca91d911cce3d
reports/ROBUSTNESS_MATRIX_C_ADDENDUM.csv,table,True,1745,6491c962139f04618f46c5e5f24995ec7089394680004616a83b54cf9440653d
reports/SHOCK_MAP_FINAL.md,report,True,4798,4427caf09c90983bc6db5de30f1e69dcfc05afb7321cc2e0a4bdcc4804cb3e87
reports/review_reference_check.csv,table,True,,(self)
reports/tables/etf_final_stats.csv,table,True,7520,eb18f6f4867c085a2345632b380ae468cb4f085e389d4be61d2ac26a424bef0b
reports/tables/universe_claim_checks.csv,table,True,820,e325f8aab9efdf7fab03a7edd32bb7acd229b5005af1006210c2d64293cbaefd
reports/tables/universe_clusters.csv,table,True,785,57e4f12c92322854979d83001545906762829e1e2ee55b5f39a268561b896683
reports/tables/universe_corr_period_diff.csv,table,True,7815,7738f8a4ba6db1c1c01b45596e3b1d062a06ef8cb28b340968eb989772388827
reports/tables/universe_fx_pairs_by_period.csv,table,True,159,98644333086d851d4c626a688ea59f134a741cf3e8d02c247e6804862b257abf
reports/tables/universe_peer_stability.csv,table,True,502,f7ed22f4c2c87a5e06526d520457818dc112b3469feb44c2eac51da012373f20
reports/tables/universe_rolling_beta60.csv,table,True,52312,4ce2faa6597d6984105f11b5c19a6a8f6d374a4ca84a2a18113662cac69af510
reports/tables/universe_rolling_state.csv,table,True,101487,63b1b2555fe44d1109c426e19e4672ebb48aa25821d0d10043fc51454284dce4
reports/tables/universe_shock_anchor_survival.csv,table,True,562,c5fa2df29dcb4cb9df597820d988da4cce37382b80be41e95a681489fc02221b
reports/tables/universe_shock_definition_sensitivity.csv,table,True,197,02675746850758201c21ef7d40f56fa562f070c1a36df7add47b6775419b9748
reports/tables/universe_vol_rank.csv,table,True,809,e4957c6ad847ee125cd386099c18b69829ecefc4acc5abf2450a2cc9cd337397
reports/tables/universe_vol_ratio_2026.csv,table,True,609,1bc5f1f798502109a4f2f18476a7d8a44c22eccff0f6f5808db31808ba422dd1
scripts/run_all_final.sh,script,True,2406,06a2ea67a376e0d0f5074596a209d19fd3fac679d16350e68f2594e6f1c1f313
