slot,ticker,name,asset_scope,category,peer_group,leverage_inverse,start,end,n_obs,ann_vol,mean_ret,skew,ex_kurt,ex_kurt_trim3,p01,p99,max_dd,max_dd_date,recovery_days,zero_vol_ratio,vol_of_vol,acf_absret_lag1,acf_sqret_lag1,n_pos_z3,n_neg_z3,n_abs_z3,beta_vs_benchmark,corr_vs_benchmark,pca_pc1_ratio,price_policy,has_volume,rows_raw,n_duplicate_dates,run_limitations,profile_status
1,069500,KODEX 200,domestic_equity,broad_market,KOSPI200_1x,none,2019-01-02,2026-10-02,1903,0.2846148914981725,0.0008458535447415605,0.16386709377196712,19.00509608575706,7.931091293731884,-0.05968022696127901,0.052879226262199916,-0.4080955854541525,2026-07-30,,0.0,0.756566348225456,0.3799733105374805,0.28190699432623867,12,21,33,1.0010705354907166,0.9989929885825984,0.5415189764264966,"FDR Close — 조정가격 수익률(추정): FDR Close 는 분배 소급조정으로 추정(069500/KS200 누적비 1.155 ≈ TR 1.163), O/H/L 조정 일관성 미보장 — KNOWN_LIMITATION",True,1903,0,adjusted_close_estimated,OK
2,102110,TIGER 200,domestic_equity,broad_market,KOSPI200_1x,none,2019-01-02,2026-10-02,1903,0.28402422304188174,0.0008511710112727913,0.24280038304864648,19.83972109604335,7.923849091659454,-0.05852657632153525,0.0517401908584879,-0.40628189443659635,2026-07-30,,0.0,0.759729293461729,0.37825106224986094,0.2798336639447031,14,21,35,0.9969197532599304,0.9989929885825986,0.5495485801577317,"FDR Close — 조정가격 수익률(추정): FDR Close 는 분배 소급조정으로 추정(069500/KS200 누적비 1.155 ≈ TR 1.163), O/H/L 조정 일관성 미보장 — KNOWN_LIMITATION",True,1903,0,adjusted_close_estimated,OK
3,229200,KODEX 코스닥150,domestic_equity,broad_market,KOSDAQ150_1x,none,2019-01-02,2026-10-02,1903,0.3346288687823843,0.0001703440666219185,0.02579735373115057,6.544683576993403,3.9476947347987004,-0.05619905031004215,0.05778449515502287,-0.49739336492890995,2026-07-30,,0.0,0.5075015049230633,0.33483763811716594,0.3483109790878703,9,21,30,0.806451920135396,0.6859187809557916,0.43457765316582864,"FDR Close — 조정가격 수익률(추정): FDR Close 는 분배 소급조정으로 추정(069500/KS200 누적비 1.155 ≈ TR 1.163), O/H/L 조정 일관성 미보장 — KNOWN_LIMITATION",True,1903,0,adjusted_close_estimated,OK
4,122630,KODEX 레버리지,domestic_equity,leveraged_inverse,KOSPI200_geared,2x,2019-01-02,2026-10-02,1903,0.5664680537155712,0.0012236179888242265,-0.3250394521504952,15.87237761517352,7.975122917832186,-0.12443591980550052,0.10510661003110822,-0.6837029288702929,2026-07-30,,0.0,0.7490531922126308,0.37345006084894944,0.3039114564609404,11,22,33,1.986003034403531,0.9978427458428528,0.5709265603850279,"FDR Close — 조정가격 수익률(추정): FDR Close 는 분배 소급조정으로 추정(069500/KS200 누적비 1.155 ≈ TR 1.163), O/H/L 조정 일관성 미보장 — KNOWN_LIMITATION",True,1903,0,adjusted_close_estimated,OK
5,114800,KODEX 인버스,domestic_equity,leveraged_inverse,KOSPI200_geared,-1x,2019-01-02,2026-10-02,1903,0.29054356610166904,-0.0010602581298041118,-1.0863907497671759,24.394660644437074,7.560862058986348,-0.054051347105747424,0.058828386151070326,-0.9071895424836601,2026-06-22,,0.0,0.7533318200946759,0.3635030996422882,0.21186595595127392,20,14,34,-1.016361004547435,-0.9956216925175961,0.4968469914608004,"FDR Close — 조정가격 수익률(추정): FDR Close 는 분배 소급조정으로 추정(069500/KS200 누적비 1.155 ≈ TR 1.163), O/H/L 조정 일관성 미보장 — KNOWN_LIMITATION",True,1903,0,adjusted_close_estimated,OK
6,091230,TIGER 반도체,domestic_equity,sector,KR_sector,none,2019-01-02,2026-10-02,1903,0.3895904277449195,0.001185019397724742,0.24950565818109735,10.426713180063254,4.182626333487617,-0.071735848512157,0.059730487013064486,-0.4972364432897787,2026-07-30,,0.0,0.5571656897383858,0.2906076261498258,0.23593044111885045,12,21,33,1.1807819462923854,0.862619052198699,0.42517472876291845,"FDR Close — 조정가격 수익률(추정): FDR Close 는 분배 소급조정으로 추정(069500/KS200 누적비 1.155 ≈ TR 1.163), O/H/L 조정 일관성 미보장 — KNOWN_LIMITATION",True,1903,0,adjusted_close_estimated,OK
7,091170,KODEX 은행,domestic_equity,sector,KR_sector,none,2019-01-02,2026-10-02,1903,0.27377865726789796,0.000588704346143817,-0.013271838904370137,4.312827805273696,3.0753566903727627,-0.0451475475500032,0.04959224815586462,-0.47441775169631395,2020-03-19,377.0,0.0,0.43263104931780744,0.2382628498135115,0.3161118463409969,24,17,41,0.5145129536814234,0.5348775172899981,0.40881025473767907,"FDR Close — 조정가격 수익률(추정): FDR Close 는 분배 소급조정으로 추정(069500/KS200 누적비 1.155 ≈ TR 1.163), O/H/L 조정 일관성 미보장 — KNOWN_LIMITATION",True,1903,0,adjusted_close_estimated,OK
8,091180,KODEX 자동차,domestic_equity,sector,KR_sector,none,2019-01-02,2026-10-02,1903,0.31257820471111775,0.0004419634671994926,-0.005958128609837989,6.608840673023257,3.8371589158162767,-0.051660662042837334,0.058953356618257714,-0.47676648473226135,2020-03-23,141.0,0.0,0.5058594649183492,0.22135434242969887,0.2596868189590525,21,17,38,0.7278028771065255,0.662693475673302,0.484779441284031,"FDR Close — 조정가격 수익률(추정): FDR Close 는 분배 소급조정으로 추정(069500/KS200 누적비 1.155 ≈ TR 1.163), O/H/L 조정 일관성 미보장 — KNOWN_LIMITATION",True,1903,0,adjusted_close_estimated,OK
9,305540,TIGER 2차전지테마,domestic_equity,theme,KR_sector,none,2019-01-02,2026-10-02,1903,0.40847353803881054,0.0004790845792724469,-0.0782701099204708,6.381047549898403,2.6879743506337332,-0.06398771028832248,0.06613451575692925,-0.7250284752141831,2025-05-23,,0.0,0.4659151671518032,0.2542096989791548,0.3527330171906949,14,18,32,0.8205480454582728,0.5717388549780532,0.3930509500205726,"FDR Close — 조정가격 수익률(추정): FDR Close 는 분배 소급조정으로 추정(069500/KS200 누적비 1.155 ≈ TR 1.163), O/H/L 조정 일관성 미보장 — KNOWN_LIMITATION",True,1903,0,adjusted_close_estimated,OK
10,143860,TIGER 헬스케어,domestic_equity,sector,KR_sector,none,2019-01-02,2026-10-02,1903,0.3076727348703893,1.4591936268229034e-05,-0.15088036808220776,5.313540786612535,3.120360512983451,-0.05203384646961659,0.05122366968259995,-0.5623473200172439,2023-10-23,858.0,0.0,0.4008100099322195,0.2366832185294405,0.3352543260025019,15,21,36,0.5495527178582228,0.5083677214090282,0.4877783626599164,"FDR Close — 조정가격 수익률(추정): FDR Close 는 분배 소급조정으로 추정(069500/KS200 누적비 1.155 ≈ TR 1.163), O/H/L 조정 일관성 미보장 — KNOWN_LIMITATION",True,1903,0,adjusted_close_estimated,OK
11,117680,KODEX 철강,domestic_equity,sector,KR_sector,none,2019-01-02,2026-10-02,1903,0.32729176182906045,0.00035809358637875396,-0.38433439386589563,5.369088993590994,2.68020025436475,-0.058061468464919025,0.0579116725770499,-0.5546467352982654,2020-03-19,351.0,0.0,0.4560638325896026,0.27186523466523155,0.278662445762017,16,19,35,0.6830509660770365,0.5939852427427526,0.860723379256304,"FDR Close — 조정가격 수익률(추정): FDR Close 는 분배 소급조정으로 추정(069500/KS200 누적비 1.155 ≈ TR 1.163), O/H/L 조정 일관성 미보장 — KNOWN_LIMITATION",True,1903,0,adjusted_close_estimated,OK
12,161510,PLUS 고배당주,domestic_equity,strategy,KR_sector,none,2019-01-02,2026-10-02,1903,0.21157076113394255,0.0005910687836848992,-0.6499120239376532,10.825887610323486,4.248343035642338,-0.03888514819068794,0.03440287105694086,-0.47505472980758157,2020-03-19,377.0,0.0,0.5659070886901313,0.37414431668345816,0.45821347674782825,19,19,38,0.486652909758606,0.6546682744149491,0.5503108369184991,"FDR Close — 조정가격 수익률(추정): FDR Close 는 분배 소급조정으로 추정(069500/KS200 누적비 1.155 ≈ TR 1.163), O/H/L 조정 일관성 미보장 — KNOWN_LIMITATION",True,1903,0,adjusted_close_estimated,OK
13,219480,KODEX 미국S&P500선물(H),foreign_equity,broad_market,US_equity,none,2019-01-02,2026-10-02,1903,0.18874350034138335,0.0005428587986681494,-0.49113902389698494,10.544608797628127,4.560962324809331,-0.033305804578717665,0.030671897469243904,-0.34810992290475007,2020-03-23,149.0,0.0,0.5959220375081952,0.32618147397621655,0.27886333341233527,9,28,37,0.7448463035833376,0.8379493567355516,0.5079729775963113,"FDR Close — 조정가격 수익률(추정): FDR Close 는 분배 소급조정으로 추정(069500/KS200 누적비 1.155 ≈ TR 1.163), O/H/L 조정 일관성 미보장 — KNOWN_LIMITATION",True,1903,0,adjusted_close_estimated,OK
14,133690,TIGER 미국나스닥100,foreign_equity,broad_market,US_equity,none,2019-01-02,2026-10-02,1903,0.21233574488885545,0.0009411816050918165,-0.300349369433781,5.082995416009496,2.704097842192522,-0.036772580242681985,0.034683122091417704,-0.3102568266709974,2022-12-29,182.0,0.0,0.46619902619212056,0.25656877888882185,0.3116618987758673,13,18,31,0.942689949692371,0.8379493567355515,0.3806570624787765,"FDR Close — 조정가격 수익률(추정): FDR Close 는 분배 소급조정으로 추정(069500/KS200 누적비 1.155 ≈ TR 1.163), O/H/L 조정 일관성 미보장 — KNOWN_LIMITATION",True,1903,0,adjusted_close_estimated,OK
15,192090,TIGER 차이나CSI300,foreign_equity,broad_market,CN_equity,none,2019-01-02,2026-10-02,1903,0.2029945816355147,0.0003456393398098552,0.04355230025986782,6.106996664240727,3.143141187595872,-0.03372085766133795,0.03425642948859865,-0.4143004851666269,2024-02-02,650.0,0.0,0.41111812864512937,0.19571116360712887,0.2553589837657636,18,15,33,0.1976009713582236,0.2770526117984563,0.7379289420254753,"FDR Close — 조정가격 수익률(추정): FDR Close 는 분배 소급조정으로 추정(069500/KS200 누적비 1.155 ≈ TR 1.163), O/H/L 조정 일관성 미보장 — KNOWN_LIMITATION",True,1903,0,adjusted_close_estimated,OK
16,148070,KIWOOM 국고채10년,bond,rates,KR_rates,none,2019-01-02,2026-10-02,1903,0.060952140037316395,3.138198481140654e-06,-0.2218213927136747,3.0245401720295337,2.045539057604702,-0.010777864977012061,0.01023489821172998,-0.20294318051094185,2022-10-21,899.0,0.0,0.426225474318816,0.16209804983719484,0.13907465875874736,9,17,26,1.8719657277113968,0.09962558834423393,0.7715378582751233,"FDR Close — 조정가격 수익률(추정): FDR Close 는 분배 소급조정으로 추정(069500/KS200 누적비 1.155 ≈ TR 1.163), O/H/L 조정 일관성 미보장 — KNOWN_LIMITATION",True,1903,0,adjusted_close_estimated,OK
17,153130,KODEX 단기채권,bond,money_market,KR_rates,none,2019-01-02,2026-10-02,1903,0.0032438589671626573,8.08478349763177e-05,0.6210995286862272,322.9022180561357,6.061730343180187,-0.00022112035343955225,0.00046098078770860705,-0.004658311433260898,2024-01-30,1.0,0.0,1.2570617530594113,0.4098577993844594,0.4951443260959653,59,12,71,0.00530205105040521,0.09962558834423393,0.7216257907268575,"FDR Close — 조정가격 수익률(추정): FDR Close 는 분배 소급조정으로 추정(069500/KS200 누적비 1.155 ≈ TR 1.163), O/H/L 조정 일관성 미보장 — KNOWN_LIMITATION",True,1903,0,adjusted_close_estimated,OK
18,132030,KODEX 골드선물(H),commodity,commodity,commodity,none,2019-01-02,2026-10-02,1903,0.18762276033974654,0.0004830424906710821,-1.1330750060606436,15.735500572919172,3.665245086943818,-0.030213948876474744,0.03060614881208258,-0.3049027237354086,2026-07-01,,0.0,0.5310641255982745,0.3134480942148509,0.44653260755079927,14,20,34,,,0.41783104077617217,"FDR Close — 조정가격 수익률(추정): FDR Close 는 분배 소급조정으로 추정(069500/KS200 누적비 1.155 ≈ TR 1.163), O/H/L 조정 일관성 미보장 — KNOWN_LIMITATION",True,1903,0,adjusted_close_estimated,OK
19,261220,KODEX WTI원유선물(H),commodity,commodity,commodity,none,2019-01-02,2026-10-02,1903,0.4788201454108297,0.0002712171252213416,-1.788986335656935,27.366197534355727,7.610644020655828,-0.08565951431621671,0.07182998107973286,-0.8645607961921247,2020-04-28,2141.0,0.0,0.6900442146971598,0.28819372322843845,0.14041873056266865,10,21,31,,,0.537539876393836,"FDR Close — 조정가격 수익률(추정): FDR Close 는 분배 소급조정으로 추정(069500/KS200 누적비 1.155 ≈ TR 1.163), O/H/L 조정 일관성 미보장 — KNOWN_LIMITATION",True,1903,0,adjusted_close_estimated,OK
20,261240,KODEX 미국달러선물,fx,currency,fx,none,2019-01-02,2026-10-02,1903,0.13489561623830715,0.00020139553842985609,0.2251348846063999,300.30048514647365,2.4234991613930212,-0.017192098027354632,0.013878681333238403,-0.19737732656514384,2020-12-07,624.0,0.0,1.0654642038070583,0.39916481030871764,0.4976015624709317,15,17,32,,,0.45871596303321843,"FDR Close — 조정가격 수익률(추정): FDR Close 는 분배 소급조정으로 추정(069500/KS200 누적비 1.155 ≈ TR 1.163), O/H/L 조정 일관성 미보장 — KNOWN_LIMITATION",True,1903,0,adjusted_close_estimated;dq_flagged_dates,OK
