date,ticker,r_pct,rz,others_med_absrz,econ_q95,econ_q95_or_50bp,scale_artifact
2019-09-16,148070,-1.006,-5.85,0.87,True,True,False
2019-10-04,148070,1.042,6.23,0.78,True,True,False
2020-01-10,305540,4.068,4.06,0.68,False,True,False
2020-01-29,133690,1.832,4.11,0.51,False,True,False
2020-02-26,219480,-3.534,-5.69,0.68,True,True,False
2020-02-26,133690,-3.111,-5.2,0.68,True,True,False
2020-03-03,133690,3.923,4.96,0.31,True,True,False
2020-04-07,132030,3.961,4.01,0.99,True,True,False
2020-04-10,132030,4.919,4.61,0.55,True,True,False
2020-04-22,261220,-35.63,-8.3,0.41,True,True,False
2020-04-27,091170,8.733,4.41,0.92,True,True,False
2020-07-06,192090,6.683,5.37,0.6,True,True,False
2020-08-05,305540,5.654,4.49,0.67,True,True,False
2020-08-07,305540,6.3,4.72,0.26,True,True,False
2020-08-12,132030,-4.89,-7.31,0.74,True,True,False
2020-08-14,305540,-4.205,-4.31,0.87,False,True,False
2020-10-12,153130,0.035,5.9,0.35,True,True,True
2020-10-13,153130,-0.03,-4.49,0.54,False,False,True
2020-11-03,261220,6.53,4.26,0.96,True,True,False
2020-11-10,132030,-4.159,-4.13,0.95,True,True,False
2020-12-08,143860,-7.84,-5.05,0.97,True,True,False
2021-01-08,091180,11.988,7.18,0.51,True,True,False
2021-01-11,132030,-3.58,-4.61,0.64,True,True,False
2021-01-19,091180,7.22,4.2,0.71,True,True,False
2021-02-08,091180,-7.281,-4.85,0.9,True,True,False
2021-03-02,133690,3.784,4.35,0.55,True,True,False
2021-03-04,133690,-3.696,-4.54,0.99,True,True,False
2021-05-06,161510,4.044,4.01,0.54,True,True,False
2021-08-09,132030,-3.121,-4.53,0.79,True,True,False
2021-08-11,091230,-3.798,-4.55,0.83,False,True,False
2021-10-28,148070,0.78,4.03,0.89,True,True,False
2021-10-28,153130,-0.02,-4.94,0.89,False,False,True
2021-11-01,148070,0.881,4.5,0.56,True,True,False
2022-02-03,219480,4.248,4.9,0.95,True,True,False
2022-03-02,261220,10.776,5.3,0.82,True,True,False
2022-03-15,192090,-5.031,-5.2,0.67,True,True,False
2022-03-28,148070,-1.307,-4.29,0.34,True,True,False
2022-03-29,153130,-0.035,-5.39,0.85,True,True,True
2022-08-26,153130,-0.079,-5.66,0.36,True,True,True
2022-11-04,192090,3.862,5.05,0.55,True,True,False
2022-11-29,192090,3.863,4.56,0.92,True,True,False
2023-01-05,091170,6.126,4.53,0.5,True,True,False
2023-01-26,091180,4.319,4.15,0.75,True,True,False
2023-03-23,261240,-2.06,-4.2,0.28,True,True,False
2023-06-07,153130,0.126,8.21,0.51,True,True,True
2023-06-08,153130,-0.088,-7.44,0.51,True,True,True
2023-07-24,117680,5.821,4.19,0.92,True,True,False
2023-07-25,192090,3.58,4.72,0.66,True,True,False
2023-10-05,261220,-4.906,-4.23,0.56,False,True,False
2023-10-10,132030,2.133,4.13,0.93,False,True,False
2023-10-16,132030,1.905,4.09,0.59,False,True,False
2023-12-05,132030,-2.408,-5.08,0.68,True,True,False
2024-01-25,192090,2.727,4.58,0.63,True,True,False
2024-01-29,161510,3.092,5.07,0.96,True,True,False
2024-01-30,153130,-0.467,-34.16,0.5,True,True,True
2024-01-31,153130,0.495,35.82,0.89,True,True,True
2024-02-16,161510,2.667,4.08,0.94,False,True,False
2024-04-08,132030,2.494,4.03,0.53,True,True,False
2024-04-23,132030,-2.677,-4.81,0.32,True,True,False
2024-05-16,153130,0.045,5.09,0.85,True,True,True
2024-05-16,261240,-1.664,-5.04,0.85,True,True,False
2024-05-17,229200,-4.742,-4.61,0.67,True,True,False
2024-05-17,143860,-6.848,-4.47,0.67,True,True,False
2024-08-19,261240,-1.771,-5.86,0.81,True,True,False
2024-09-13,117680,5.636,4.07,0.72,True,True,False
2024-09-24,192090,3.573,4.17,0.7,True,True,False
2024-09-27,192090,5.184,5.79,0.35,True,True,False
2024-10-02,192090,10.281,10.56,0.92,True,True,False
2024-10-08,192090,-7.003,-6.35,0.66,True,True,False
2024-10-11,192090,-6.745,-5.78,0.27,True,True,False
2024-10-24,117680,9.664,5.16,0.73,True,True,False
2024-10-30,117680,-9.538,-6.03,0.77,True,True,False
2024-12-05,091170,-5.767,-5.1,0.68,True,True,False
2025-01-02,153130,0.065,6.15,0.49,True,True,True
2025-01-23,153130,0.041,4.66,0.37,True,True,True
2025-04-14,261240,-1.861,-4.02,0.61,True,True,False
2025-05-15,261240,-1.749,-4.49,0.82,True,True,False
2025-07-08,091170,7.025,6.05,0.58,True,True,False
2025-07-16,091170,-4.542,-4.77,0.67,True,True,False
2025-07-28,091170,-5.598,-6.04,0.46,True,True,False
2025-09-10,091170,4.2,4.04,0.64,True,True,False
2025-10-01,153130,0.041,4.7,0.46,True,True,True
2025-10-16,091180,4.93,5.45,0.69,True,True,False
2025-10-22,132030,-4.24,-4.4,0.74,True,True,False
2025-11-06,091170,3.8,4.56,0.42,True,True,False
2025-11-06,161510,3.01,4.15,0.42,True,True,False
2025-11-12,143860,5.472,4.78,0.7,True,True,False
2025-12-24,261240,-2.073,-5.79,0.25,True,True,False
2026-01-28,229200,7.218,4.54,0.77,True,True,False
2026-01-28,261240,-1.478,-4.87,0.77,True,True,False
2026-01-29,132030,6.047,4.48,0.55,True,True,False
2026-02-26,091230,8.495,4.03,0.85,True,True,False
2026-03-12,261220,10.047,4.88,0.53,True,True,False
2026-05-18,153130,0.049,4.03,0.5,True,True,True
2026-06-29,143860,10.287,5.27,0.87,True,True,False
