,mcorr,disp
2019-07-26,0.4450302888306436,0.008333859337717723
2019-07-29,0.4520775526694729,0.00839776064730618
2019-07-30,0.45284208341417187,0.008375210942767991
2019-07-31,0.4514816667430749,0.008361028865860647
2019-08-01,0.4497743892101022,0.00835985464125858
2019-08-02,0.45606236900319586,0.008430214309121345
2019-08-05,0.4729173529631257,0.008655346915620414
2019-08-06,0.4808844480704781,0.00865698382765121
2019-08-07,0.4773218326809226,0.008706275492854016
2019-08-08,0.4785981854819531,0.00874555723808321
2019-08-09,0.4758285007221191,0.008743381967535354
2019-08-12,0.47593743145059303,0.008731824527874514
2019-08-13,0.4796702648904744,0.008701749027159823
2019-08-14,0.48169411641314197,0.008706427929467967
2019-08-16,0.4809335745821099,0.008698711966859455
2019-08-19,0.48269855402222833,0.008683275473536433
2019-08-20,0.4838600387365122,0.008701284759087791
2019-08-21,0.48380709154634727,0.008694631122465388
2019-08-22,0.48477181482475445,0.00867897313884932
2019-08-23,0.4909306220594209,0.008675983416555698
2019-08-26,0.5070235924843428,0.00873453781337712
2019-08-27,0.5067053632284186,0.008744986178641029
2019-08-28,0.5076709710953108,0.00882697905776744
2019-08-29,0.504127433596997,0.008785192972347674
2019-08-30,0.5083768951140685,0.008799280495495538
2019-09-02,0.5015430323084806,0.008817159984821712
2019-09-03,0.5026065747827212,0.008797125443112876
2019-09-04,0.5070252334362332,0.008792043565727577
2019-09-05,0.5093488799354261,0.008771337570742289
2019-09-06,0.5093887376756181,0.008743952552403829
2019-09-09,0.5077935416214908,0.008766550973391324
2019-09-10,0.5036462477566566,0.008805592378692752
2019-09-11,0.5069798060682948,0.00878017377719973
2019-09-16,0.508514235353195,0.008784167162362884
2019-09-17,0.49452029780308465,0.008788051993134103
2019-09-18,0.4946925255772685,0.008778793471144183
2019-09-19,0.4944966517719722,0.00874972386987515
2019-09-20,0.49241163173088054,0.008743028745910661
2019-09-23,0.4882215735088556,0.008754097200098277
2019-09-24,0.4803605692528396,0.008796617593706979
2019-09-25,0.48348489902511005,0.00884239451569704
2019-09-26,0.4783371268259539,0.008839329378614036
2019-09-27,0.47753065568379827,0.008859162752886505
2019-09-30,0.47548321790884995,0.008864533996430767
2019-10-01,0.47360972089751013,0.008947023679995269
2019-10-02,0.4797758551071136,0.008962567877617546
2019-10-04,0.48054878145180824,0.008970989579161445
2019-10-07,0.4778880874920637,0.009058533880407643
2019-10-08,0.47918744792667667,0.0091074277812354
2019-10-10,0.4799510503038761,0.009130440009898199
2019-10-11,0.48021296991027346,0.009147461562684435
2019-10-14,0.48121336368142936,0.009172963472764983
2019-10-15,0.4806367200266722,0.009166053695935041
2019-10-16,0.4818159423636679,0.009126230091176475
2019-10-17,0.4817699171059165,0.009131821372065337
2019-10-18,0.4817846256154496,0.009144202277789965
2019-10-21,0.4820442048986479,0.009144340489289696
2019-10-22,0.48509625803746703,0.009130696235739004
2019-10-23,0.47826547331238156,0.009226563176467268
2019-10-24,0.4733093452182708,0.009202203677484812
2019-10-25,0.47117635567717703,0.009255604583515539
2019-10-28,0.4700911608177947,0.009281890442866298
2019-10-29,0.4706671277461109,0.009274298742383173
2019-10-30,0.4724772248380373,0.009201107264896726
2019-10-31,0.4709117862149124,0.009195230519941323
2019-11-01,0.4601187716289239,0.009129102946021778
2019-11-04,0.46445868730178685,0.009097123093004604
2019-11-05,0.4596882246621682,0.009055155709983824
2019-11-06,0.4617794039239584,0.009042427923588798
2019-11-07,0.45593937594179235,0.009007813335377509
2019-11-08,0.4543312475031111,0.008988481762637612
2019-11-11,0.4554454162021054,0.00896739976853477
2019-11-12,0.45686588609894624,0.008923503453609306
2019-11-13,0.462266336835203,0.008874670069741276
2019-11-14,0.4629019457268739,0.008866084209179014
2019-11-15,0.4630324483568923,0.008856089072019225
2019-11-18,0.46463069805108065,0.008815258152096293
2019-11-19,0.4639158569660932,0.00882901880522226
2019-11-20,0.46443231470954754,0.008832847765361192
2019-11-21,0.4641031806667941,0.008835763021281338
2019-11-22,0.4656511818345345,0.008797993908360276
2019-11-25,0.4713449283862232,0.008765551114873567
2019-11-26,0.47660282752102834,0.008724549937650978
2019-11-27,0.4790246337035501,0.008684481111347201
2019-11-28,0.4834755036983192,0.008648835627362265
2019-11-29,0.48878590616025763,0.008632980481766462
2019-12-02,0.482777689487488,0.008590766108484362
2019-12-03,0.4820974515606888,0.008567993517952868
2019-12-04,0.48249986863290845,0.008579224249088444
2019-12-05,0.4822521893824208,0.008593165799667016
2019-12-06,0.4829139666260661,0.00864086488980537
2019-12-09,0.48339255360463934,0.008645311953693441
2019-12-10,0.4832371441095512,0.008649750954575736
2019-12-11,0.4817730820668877,0.008643386490232281
2019-12-12,0.483718779945554,0.008652463749693575
2019-12-13,0.48574114365638704,0.008679188894770257
2019-12-16,0.4856668189641606,0.008677795020956749
2019-12-17,0.4866448329987844,0.008708792619410361
2019-12-18,0.4867303095136368,0.00871880224098841
2019-12-19,0.4899669240736397,0.00862866742200461
2019-12-20,0.490235356281723,0.008597447734719332
2019-12-23,0.4899510396776911,0.00857135679642714
2019-12-24,0.49080207698430317,0.008570435839627305
2019-12-26,0.49308176884108906,0.00857539974398358
2019-12-27,0.4996740690700903,0.008530797756575809
2019-12-30,0.49940186970112604,0.008531373698943424
2020-01-02,0.4799131526732695,0.008527608678975028
2020-01-03,0.478628685126145,0.008468974578248986
2020-01-06,0.48279359928192034,0.008488317973435987
2020-01-07,0.48293295144953063,0.008455789633201056
2020-01-08,0.4905344861464887,0.00848930014231497
2020-01-09,0.49526462684564027,0.008543828979181713
2020-01-10,0.4959921050906897,0.008572431558135888
2020-01-13,0.4962797627569658,0.008551317347620957
2020-01-14,0.49568971979022425,0.008552771534571823
2020-01-15,0.4907760983517869,0.008560511367982176
2020-01-16,0.49139661139400953,0.008567644579791702
2020-01-17,0.4922276502481212,0.008540548769915463
2020-01-20,0.493371210730148,0.008541556717765247
2020-01-21,0.49800324361225434,0.008486615572435291
2020-01-22,0.49939025620823874,0.008512764559319059
2020-01-23,0.4918645815809805,0.008486804162261951
2020-01-28,0.5175050363164335,0.008557194893931834
2020-01-29,0.5168444898295517,0.008575336486287227
2020-01-30,0.5196674659039907,0.008581647306588386
2020-01-31,0.5131166338562811,0.008551548146713071
2020-02-03,0.49631430474013827,0.008383520642904868
2020-02-04,0.48639915703197634,0.008413875248919638
2020-02-05,0.49046676616565693,0.008355801560374222
2020-02-06,0.4996183908192306,0.0083621416221986
2020-02-07,0.500206815808056,0.008350957134498115
2020-02-10,0.5010303251782442,0.008349328304885597
2020-02-11,0.4991743720034022,0.008398241148655065
2020-02-12,0.49792075554824405,0.008379423894068
2020-02-13,0.4987670810558305,0.008384255002585042
2020-02-14,0.49716422306655106,0.008377887500527276
2020-02-17,0.49560832438480645,0.008355560657897037
2020-02-18,0.5008094631998744,0.008352821181307177
2020-02-19,0.500839918072529,0.008338581655311483
2020-02-20,0.4987622283672316,0.008361183469551007
2020-02-21,0.4856939967822815,0.008313287521292399
2020-02-24,0.5172376625532636,0.008366365919048706
2020-02-25,0.5116736754508072,0.00835692711193185
2020-02-26,0.5038289219341583,0.008430039023247148
2020-02-27,0.49927686933477744,0.008474133055775344
2020-02-28,0.5341658440275788,0.008507611534770669
2020-03-02,0.530243797610018,0.008640430298164877
2020-03-03,0.5218864568162542,0.008675686112941752
2020-03-04,0.5188542885240324,0.0087107384108562
2020-03-05,0.5209941186300322,0.008745891717329153
2020-03-06,0.5321798015562612,0.008741970286789896
2020-03-09,0.5698373931137647,0.008780161833157
2020-03-10,0.5692993813847276,0.008790824267879183
2020-03-11,0.5741916288907352,0.008839712406394655
2020-03-12,0.6074874238604762,0.008859056057888672
2020-03-13,0.6198336248372011,0.008958376674077695
2020-03-16,0.6156605838500944,0.009119305540105585
2020-03-17,0.5995528158209528,0.009310691086305306
2020-03-18,0.6331131288959359,0.00939862766789996
2020-03-19,0.6383194581257229,0.009752831704825072
2020-03-20,0.661181538115443,0.009948487380934177
2020-03-23,0.6747215821548013,0.010114641065982866
2020-03-24,0.7056184278791425,0.010254927338288923
2020-03-25,0.7050306312768566,0.010461550117383426
2020-03-26,0.7047583485281136,0.01044276582455622
2020-03-27,0.7018992966962102,0.010538016435738118
2020-03-30,0.6987836250658002,0.010626506174861152
2020-03-31,0.6958753093417016,0.01073531772844182
2020-04-01,0.6968323096267457,0.01082698699915911
2020-04-02,0.6962568724964322,0.010872740152592746
2020-04-03,0.6961954220308938,0.01087717650274381
2020-04-06,0.703226922666286,0.010853151383609184
2020-04-07,0.7041194791589613,0.010880145734559147
2020-04-08,0.7038568332106325,0.010904166089507178
2020-04-09,0.7027310344641443,0.010978409148258707
2020-04-10,0.7008780363277302,0.011055127546103046
2020-04-13,0.702541629250809,0.01107956858111543
2020-04-14,0.7039492547752246,0.011084616089570343
2020-04-16,0.704299469132045,0.011083054358120419
2020-04-17,0.7051841880728207,0.0111147131054161
2020-04-20,0.7061269507979597,0.01107167362933536
2020-04-21,0.7066807772272738,0.011054362415150027
2020-04-22,0.7054440288152144,0.011094112901742148
2020-04-23,0.7054245206345137,0.011099186967941075
2020-04-24,0.7061620885962268,0.011122529065698097
2020-04-27,0.7057908358369873,0.011239460964561682
2020-04-28,0.7050459346641761,0.011255035085359327
2020-04-29,0.7039744290186548,0.011296478398150797
2020-05-04,0.7053112585887278,0.011341808553717738
2020-05-06,0.7067346122620983,0.011362129619401667
2020-05-07,0.7067583819417019,0.011371879019476207
2020-05-08,0.7073635396540751,0.011408969284304507
2020-05-11,0.7075300047932825,0.011416533657096667
2020-05-12,0.706686621711651,0.011467467606346484
2020-05-13,0.7042999941439734,0.011590531913013543
2020-05-14,0.7050505022327228,0.011587091426114695
2020-05-15,0.7047748887062811,0.011637364763649705
2020-05-18,0.704732751141268,0.011670054313652476
2020-05-19,0.7036219493389638,0.011753935727174675
2020-05-20,0.7015312280156051,0.011820867710823347
2020-05-21,0.7012091216004368,0.011850689095503625
2020-05-22,0.7019413767576406,0.01184023920094627
2020-05-25,0.7021985055433836,0.011881778939427979
2020-05-26,0.7031298167847029,0.01193169217341824
2020-05-27,0.7004019774797777,0.01202097787720214
2020-05-28,0.6974038670947955,0.012121340214348122
2020-05-29,0.6963847838565498,0.012175494343467106
2020-06-01,0.6976749174049511,0.012226182652413793
2020-06-02,0.6967983501467192,0.012265257444854193
2020-06-03,0.6919832919408567,0.012425249497563623
2020-06-04,0.6912679164158728,0.012442186778252897
2020-06-05,0.6913586413561553,0.012474523445949194
2020-06-08,0.6913576920524998,0.012478917538086175
2020-06-09,0.6908853550549099,0.012520169136025616
2020-06-10,0.6904297762927945,0.012538250541040769
2020-06-11,0.6886228372644545,0.012614642001932694
2020-06-12,0.6892723529224737,0.012669974199133634
2020-06-15,0.6964333760898461,0.012760580640823685
2020-06-16,0.7062523388892279,0.012828061664211467
2020-06-17,0.7052657457764101,0.01290373894034632
2020-06-18,0.705040903362151,0.012917533598310322
2020-06-19,0.705321489018086,0.012898455661332547
2020-06-22,0.7044806032437675,0.012962603390792653
2020-06-23,0.7044242925821772,0.012953076636125894
2020-06-24,0.7032914042280097,0.012972925912679371
2020-06-25,0.7043924418966193,0.012997863953283303
2020-06-26,0.7056583240168355,0.012952915188422065
2020-06-29,0.7076935502858357,0.01293066229988535
2020-06-30,0.7074436276470255,0.012915073957305524
2020-07-01,0.7053013259517094,0.012982844415462467
2020-07-02,0.7053980635588027,0.012955827213099498
2020-07-03,0.7056863143947059,0.012883974090875688
2020-07-06,0.703010538595499,0.01293412024218591
2020-07-07,0.7021557019520671,0.012969269945179468
2020-07-08,0.7021960755129897,0.01296444936290343
2020-07-09,0.7022142423498123,0.012984928669782523
2020-07-10,0.7019653519518487,0.013018594226570923
2020-07-13,0.7023985015069355,0.013060712628645745
2020-07-14,0.7024581517519014,0.01305530509702245
2020-07-15,0.7016043545527344,0.013104454192621556
2020-07-16,0.699871723415697,0.013136340080378624
2020-07-17,0.700288028403029,0.013137826729095362
2020-07-20,0.6978048826364387,0.013109454587203122
2020-07-21,0.6971474321853127,0.013137336762149546
2020-07-22,0.6951643085903805,0.013195221982163876
2020-07-23,0.6948944094835043,0.013191341998875679
2020-07-24,0.6956294710900643,0.013179394449611024
2020-07-27,0.6945037493168653,0.013180404997736494
2020-07-28,0.6947514805604177,0.013196067308748581
2020-07-29,0.6927078194984022,0.013181297584519767
2020-07-30,0.6920957301750209,0.013212098670930521
2020-07-31,0.6911851988861064,0.013262704258981763
2020-08-03,0.6899295040120387,0.0133131925185774
2020-08-04,0.6902466033911742,0.01332232824582785
2020-08-05,0.6891456382438566,0.013411676771206046
2020-08-06,0.6879313537632381,0.013498253803719072
2020-08-07,0.6869196735926634,0.013587750452436254
2020-08-10,0.6832338976314237,0.01371558698738463
2020-08-11,0.6820723155414884,0.013790354780229303
2020-08-12,0.6811509418902453,0.013824443737393983
2020-08-13,0.6807016837500128,0.013801223709681013
2020-08-14,0.6774767604799203,0.013809630559737033
2020-08-18,0.6764982742883627,0.013879427830663803
2020-08-19,0.6776106944660355,0.01383643275975308
2020-08-20,0.6803279006875378,0.013872209202657183
2020-08-21,0.6755288651328413,0.013846793122706695
2020-08-24,0.6773910700696663,0.0137663810359307
2020-08-25,0.6797377345801977,0.013712876020538813
2020-08-26,0.6808000456540912,0.01367866230199775
2020-08-27,0.6799538519444596,0.013697470889319113
2020-08-28,0.6778807186108154,0.013704360906348415
2020-08-31,0.670524997811056,0.013665984483979885
2020-09-01,0.6709319125451153,0.013639008794494279
2020-09-02,0.6696176893431505,0.013587482216331877
2020-09-03,0.6591138410701719,0.01357568178312392
2020-09-04,0.6551192262547085,0.013545008466652353
2020-09-07,0.6542756802619899,0.013450111178465207
2020-09-08,0.660320744932875,0.013285188772078385
2020-09-09,0.6464509313320839,0.013208346682831044
2020-09-10,0.6405249358710342,0.01280386666891419
2020-09-11,0.6256320396591294,0.012560981005158657
2020-09-14,0.6062757192585503,0.012442993509035888
2020-09-15,0.5709714466872927,0.012273517963793671
2020-09-16,0.5615676905142389,0.01208470147377789
2020-09-17,0.5637047839007536,0.012082696023365092
2020-09-18,0.564612801232794,0.012018230115460517
2020-09-21,0.5689162772990457,0.011976189430389866
2020-09-22,0.5759418018169895,0.011841691186865629
2020-09-23,0.5637802565282269,0.011777491461903102
2020-09-24,0.5761870996660767,0.011814235042559379
2020-09-25,0.5767133719339805,0.011795255744923525
2020-09-28,0.5661917381180123,0.011834387426956677
2020-09-29,0.5661398639586155,0.011780214537371535
2020-10-05,0.5634741673352853,0.01185069146295822
2020-10-06,0.5639005991727195,0.011788010733002573
2020-10-07,0.5657662207950448,0.011722174755866212
2020-10-08,0.5606945903883496,0.011695187889334215
2020-10-12,0.5571344144344206,0.011694218719408005
2020-10-13,0.5592443141830041,0.011630759998092766
2020-10-14,0.5596565082119147,0.011589408184109922
2020-10-15,0.5582212248918917,0.011649431349027994
2020-10-16,0.5570192736692235,0.011648844186310117
2020-10-19,0.5561363552729511,0.011685926170788142
2020-10-20,0.5546177214183299,0.01172619251369512
2020-10-21,0.5512674197448602,0.01171034108163248
2020-10-22,0.5466777455408818,0.01168060860572482
2020-10-23,0.5454269549439638,0.011721034295187465
2020-10-26,0.5470686226218594,0.011780593212219232
2020-10-27,0.5398027049795524,0.01180190932401537
2020-10-28,0.5366938942085214,0.011832636839885656
2020-10-29,0.5338288252603969,0.011902661829057226
2020-10-30,0.5403949030178127,0.011882817075285296
2020-11-02,0.5420894066529253,0.011901215007531916
2020-11-03,0.5437011147106886,0.011924098890095916
2020-11-04,0.5433468574082787,0.011913372122932682
2020-11-05,0.5458219121640208,0.011911655593287244
2020-11-06,0.5456717842639828,0.011922970881740883
2020-11-09,0.549674960629613,0.011870844666762389
2020-11-10,0.5408965659270557,0.01189521602647197
2020-11-11,0.5416418907171785,0.011890448421406987
2020-11-12,0.5414518270549572,0.011895393721999013
2020-11-13,0.5365230488953693,0.011924938775516987
2020-11-16,0.5350950062489954,0.011950759924963974
2020-11-17,0.532474516652046,0.011901222356274114
2020-11-18,0.5349328136816133,0.011830941951324359
2020-11-19,0.5373117747983878,0.011771584468527836
2020-11-20,0.5383366311808757,0.011722958620098959
2020-11-23,0.5337437493022066,0.01171922404558687
2020-11-24,0.5329626491358437,0.011696879928796883
2020-11-25,0.5373598306180387,0.011561498374659645
2020-11-26,0.5387706088339478,0.01151840928289455
2020-11-27,0.5373930755522939,0.011527689342062762
2020-11-30,0.5372776355723662,0.011581084155676378
2020-12-01,0.5404738687923563,0.011584693009276625
2020-12-02,0.5418092416023536,0.011560477471094791
2020-12-03,0.5436344853254467,0.011523394665339236
2020-12-04,0.5380263693709185,0.011537008687597146
2020-12-07,0.5005660801580174,0.011511608322235838
2020-12-08,0.45925878839128575,0.011567877094556478
2020-12-09,0.4624412159818742,0.011546563074108342
2020-12-10,0.4599613283329839,0.011610458207799688
2020-12-11,0.4592537560968016,0.011620505744889003
2020-12-14,0.4606336979729434,0.0115852009865008
2020-12-15,0.46132012421774793,0.011568756179190658
2020-12-16,0.461877232205502,0.011548895580237774
2020-12-17,0.45332412303526864,0.011540873162389574
2020-12-18,0.45348186701990045,0.011527964892746467
2020-12-21,0.44250009550726727,0.011569321026310237
2020-12-22,0.44979887402310315,0.01158720466500333
2020-12-23,0.4498776753515685,0.011593092698669934
2020-12-24,0.446140407833537,0.011599370997308157
2020-12-28,0.4453735725454456,0.011621372536701329
2020-12-29,0.4439759389874138,0.011620805048736834
2020-12-30,0.44395304524524404,0.011624850067065312
2021-01-04,0.43844608312673033,0.011826731361565083
2021-01-05,0.43582314860419447,0.011890478658484405
2021-01-06,0.43396401415446906,0.011882122217083223
2021-01-07,0.4343144769466694,0.011893552529511674
2021-01-08,0.4307177396992313,0.012098495207475852
2021-01-11,0.42953810781885793,0.012117265583935399
2021-01-12,0.426647414491224,0.012125289670013105
2021-01-13,0.42680915581226675,0.012087725434975329
2021-01-14,0.4281934989939427,0.012083486634193705
2021-01-15,0.43350944256344814,0.012065285382407849
2021-01-18,0.4347458338478353,0.01210075307923696
2021-01-19,0.4345844193488979,0.012196533486802314
2021-01-20,0.4278658339480103,0.012213209102295433
2021-01-21,0.4299616980185573,0.012216097830456492
2021-01-22,0.4298453192575757,0.01221618045574946
2021-01-25,0.43218925590280194,0.01220890109360756
2021-01-26,0.4358563932034487,0.012202586959283057
2021-01-27,0.4374835530583796,0.012147813864076271
2021-01-28,0.44991962457447254,0.01205465452932762
2021-01-29,0.4583175672113252,0.012100974400040555
2021-02-01,0.4672839857057443,0.012099423638697265
2021-02-02,0.46816960499774823,0.012042372300496084
2021-02-03,0.4709106925923282,0.011999439775347542
2021-02-04,0.4743161764753516,0.011860994878804432
2021-02-05,0.476475900579173,0.011824030104435758
2021-02-08,0.47383338415825876,0.011896141191206303
2021-02-09,0.47359460156265526,0.01189878005512717
2021-02-10,0.47418195600363205,0.011822543789285095
2021-02-15,0.47162819559735925,0.011744587589497825
2021-02-16,0.47062759359969053,0.011757480753043413
2021-02-17,0.4537219097312128,0.011689459977071413
2021-02-18,0.45613318986822066,0.011666494997544947
2021-02-19,0.45491941734563024,0.011649505276212472
2021-02-22,0.4509093176933696,0.011711431063482372
2021-02-23,0.45084670427536905,0.01174902102593747
2021-02-24,0.46238600600991264,0.011760143090184517
2021-02-25,0.4731524354303507,0.011798641796464726
2021-02-26,0.486108282959735,0.011760321880554071
2021-03-02,0.48682183476223084,0.01177960539907397
2021-03-03,0.4871418183901027,0.011782179583800496
2021-03-04,0.4880478714686136,0.01182034194178461
2021-03-05,0.4830273467920328,0.011773021080745554
2021-03-08,0.4787496355269819,0.01184712844023751
2021-03-09,0.47909638077218747,0.011864222073239025
2021-03-10,0.4715247521005917,0.011905850010431191
2021-03-11,0.4741717648778237,0.011929183287226133
2021-03-12,0.4749697534762379,0.01194055627432338
2021-03-15,0.47366513996783666,0.0119157678370025
2021-03-16,0.47275526163706305,0.011985656950149371
2021-03-17,0.47321581426345205,0.011963970911527167
2021-03-18,0.4722554802682839,0.011885024894898014
2021-03-19,0.47379584447468814,0.0118717458841668
2021-03-22,0.47093538147336045,0.011844383631192982
2021-03-23,0.46633980561236354,0.011803631053710052
2021-03-24,0.467687704155873,0.011776466345294254
2021-03-25,0.44813965026418057,0.011714650553220138
2021-03-26,0.44840187638532825,0.011728832842406665
2021-03-29,0.44322876140482337,0.011731400641496229
2021-03-30,0.4415650715344366,0.011772045739025004
2021-03-31,0.441571908176825,0.011698697876434527
2021-04-01,0.4390242414448169,0.011771958422232269
2021-04-02,0.4388226339885067,0.011806668204523769
2021-04-05,0.43765732553024844,0.011860836092937964
2021-04-06,0.43801483741160196,0.011851244313486293
2021-04-07,0.43946279366501767,0.01182668098646837
2021-04-08,0.43648033241911915,0.011846157862456937
2021-04-09,0.436599135543717,0.011804152418645002
2021-04-12,0.4352373707608396,0.011838390012734356
2021-04-13,0.4378373441032159,0.01177520741732781
2021-04-14,0.4392219710101453,0.01173146583073654
2021-04-15,0.4391286982698451,0.011739036461289926
2021-04-16,0.44116130268521747,0.011659820806020831
2021-04-19,0.4416819791209323,0.011654505800662499
2021-04-20,0.4378860398154707,0.011581865665494084
2021-04-21,0.44124584142379947,0.011536144539196406
2021-04-22,0.4420724079054662,0.011493987636697399
2021-04-23,0.44393197938153744,0.011456184291268273
2021-04-26,0.42960519480092013,0.011439354531416899
2021-04-27,0.4234849892339339,0.011514036840940073
2021-04-28,0.41990859659951196,0.011522158110230602
2021-04-29,0.42422336779431685,0.011458195659112488
2021-04-30,0.4143410109059646,0.011524042207759518
2021-05-03,0.4163686475285121,0.01159430292771018
2021-05-04,0.41155925975934426,0.011588065476751286
2021-05-06,0.4131554080929629,0.011579851715720011
2021-05-07,0.41602715454394573,0.011509807658534849
2021-05-10,0.41846687022384127,0.01152851358702359
2021-05-11,0.41751900570730716,0.011607225730984156
2021-05-12,0.4166706974539099,0.011568694147690926
2021-05-13,0.41796530299962187,0.011670548624047873
2021-05-14,0.4170182153525261,0.011735306407777183
2021-05-17,0.41566785200732426,0.011744853199145708
2021-05-18,0.4168765975035009,0.011805191511360707
2021-05-20,0.41643459620830786,0.011831717243969158
2021-05-21,0.4155694208572739,0.011841005214373724
2021-05-24,0.4168106668149778,0.011843761876288307
2021-05-25,0.4190259586367509,0.011838381324327279
2021-05-26,0.4203898230357099,0.011830452841942866
2021-05-27,0.4189945430628265,0.011784861904067119
2021-05-28,0.4138285103331019,0.011795051844300177
2021-05-31,0.4125016904677702,0.011799077167473108
2021-06-01,0.41404714718205965,0.011722319550718492
2021-06-02,0.41539901792579487,0.011651418902848244
2021-06-03,0.41875669411917643,0.011589337856238967
2021-06-04,0.4184233682330483,0.01147482129761355
2021-06-07,0.4155213952296995,0.01146060757264545
2021-06-08,0.4177727571230001,0.011411665673347716
2021-06-09,0.4202265573964904,0.011398322882995445
2021-06-10,0.4199042986419484,0.011401669556357907
2021-06-11,0.4197434570875648,0.011434484216327022
2021-06-14,0.41778670814527286,0.011452249131986626
2021-06-15,0.41873501556773846,0.011415778373564334
2021-06-16,0.4178830715443631,0.011446546393124047
2021-06-17,0.41792085929217565,0.011431986515408365
2021-06-18,0.40853725969141846,0.011439779258247802
2021-06-21,0.4127140038241899,0.011395621327972952
2021-06-22,0.41329734644835864,0.011412190739752283
2021-06-23,0.4129923990935063,0.011420181610492432
2021-06-24,0.4135664390729268,0.01136527006407047
2021-06-25,0.4149875142550073,0.011358760778396431
2021-06-28,0.42298102510925945,0.011142572563757783
2021-06-29,0.42449535551446554,0.011089518264775633
2021-06-30,0.4253887348066931,0.011034244339555277
2021-07-01,0.41785478279869265,0.01101000784484043
2021-07-02,0.41967333265356327,0.010809285432898972
2021-07-05,0.4203747941219137,0.010774261612955083
2021-07-06,0.42266280742662404,0.010731078575372035
2021-07-07,0.4203719936237975,0.010768973410424569
2021-07-08,0.4219911895973741,0.010740245257348941
2021-07-09,0.4175871169551658,0.010729871579151309
2021-07-12,0.422066969014043,0.01061035032204069
2021-07-13,0.42456183639909795,0.010472426030969107
2021-07-14,0.42505657896753984,0.01042399825088263
2021-07-15,0.4255110394867002,0.01035667943676722
2021-07-16,0.42504771175186506,0.010341895172530712
2021-07-19,0.4236412568700048,0.01033061772850457
2021-07-20,0.42110770377262075,0.010308065263225039
2021-07-21,0.42055938631989304,0.010302553318131586
2021-07-22,0.4083984489921771,0.01033844588684622
2021-07-23,0.39260668802351867,0.01029215931394594
2021-07-26,0.3782376110175975,0.010219199279733677
2021-07-27,0.37699947903727576,0.010200191689753479
2021-07-28,0.3773081982597977,0.010160635049894388
2021-07-29,0.3753190929976834,0.010162565376506583
2021-07-30,0.3750368148286866,0.010157763289384048
2021-08-02,0.3845267225156297,0.010057550519804458
2021-08-03,0.3832458712703233,0.010097773386783268
2021-08-04,0.38373764536838995,0.010098355587089288
2021-08-05,0.38440728883122405,0.010041367018360451
2021-08-06,0.38559236223265775,0.010001498674853938
2021-08-09,0.38515861158830905,0.010017103595717638
2021-08-10,0.37626976781620824,0.010037139573214423
2021-08-11,0.37284907781026405,0.010098405885687216
2021-08-12,0.37018717477057245,0.010056994393201374
2021-08-13,0.37056789143480073,0.010014969787514889
2021-08-17,0.3529308090659961,0.010016311220367946
2021-08-18,0.32427861615388714,0.009982448838446536
2021-08-19,0.3190900961112828,0.010044669341071146
2021-08-20,0.31642122651054955,0.01004739783874724
2021-08-23,0.3204752137599728,0.010059868873256937
2021-08-24,0.32154140821184496,0.01006410386917652
2021-08-25,0.32190137513842554,0.01004623515865362
2021-08-26,0.3313270820072072,0.009896408903792574
2021-08-27,0.33262574292808256,0.009826723997857013
2021-08-30,0.33364023984203517,0.009801510453376117
2021-08-31,0.3280238362773891,0.009770879528575667
2021-09-01,0.3249271644941994,0.009755246227867472
2021-09-02,0.32596886407725956,0.009748263033927784
2021-09-03,0.32461953208144495,0.009695350688752553
2021-09-06,0.32423081843140744,0.009694031101322149
2021-09-07,0.32294670763322764,0.009751312137601793
2021-09-08,0.318973326745233,0.00976482263348491
2021-09-09,0.3224851376886695,0.009777410602766245
2021-09-10,0.3196177105771751,0.009791600467576283
2021-09-13,0.31923595580506026,0.009808453656772211
2021-09-14,0.32035916879655363,0.009798506861580103
2021-09-15,0.3169830077104231,0.009801511067295285
2021-09-16,0.31744745624649706,0.009766517290727927
2021-09-17,0.31570356431963287,0.009736953750721068
2021-09-23,0.31750911976673335,0.009762650195948417
2021-09-24,0.3178054819577761,0.009733313149569907
2021-09-27,0.3175581009366096,0.009721076644283884
2021-09-28,0.32008283302495816,0.0097172299915018
2021-09-29,0.32433788247078166,0.009721923873759725
2021-09-30,0.32436175598128253,0.009698837424167696
2021-10-01,0.3392377661754571,0.009690170448367763
2021-10-05,0.34110251744188325,0.009791894874996652
2021-10-06,0.3434897738372669,0.009849378822546712
2021-10-07,0.3558095276699426,0.009868765621203836
2021-10-08,0.3524470716480717,0.009937892668236682
2021-10-12,0.35551405857817686,0.00994052113482063
2021-10-13,0.3584197865302633,0.009988167583728412
2021-10-14,0.3592501838548396,0.010015088216383906
2021-10-15,0.36123339314481445,0.010018753122351148
2021-10-18,0.3585188117120136,0.009995123992136498
2021-10-19,0.35929063010880274,0.009979307202181644
2021-10-20,0.36107970019577074,0.009961428848562779
2021-10-21,0.3599234653190875,0.009985334212809536
2021-10-22,0.36282357192881554,0.009887795442175077
2021-10-25,0.36332114452103087,0.009835228942210521
2021-10-26,0.36552642678213826,0.009813261880356963
2021-10-27,0.3679473107928907,0.009723650092375507
2021-10-28,0.36558951113528115,0.009695400604590034
2021-10-29,0.36698579031378314,0.00972305515273661
2021-11-01,0.37382906639292246,0.009616702217868488
2021-11-02,0.3716732482832617,0.009617174031169287
2021-11-03,0.36538354419931746,0.009608832110501371
2021-11-04,0.37008097525765143,0.009503460921236617
2021-11-05,0.3676988852894231,0.009516204671605818
2021-11-08,0.3628769553612859,0.009468702301385468
2021-11-09,0.3619681144488484,0.00938971630145321
2021-11-10,0.3700832909157222,0.009376474462243996
2021-11-11,0.36518194578090746,0.009372534817119603
2021-11-12,0.37172687636451507,0.009352889603821015
2021-11-15,0.3766403328292651,0.00938102122870117
2021-11-16,0.37734935299407896,0.009340925681520226
2021-11-17,0.37232164626286485,0.009368386937248811
2021-11-18,0.37178501819315163,0.009362012365075908
2021-11-19,0.3742406435227606,0.009383120955021964
2021-11-22,0.37068207351665305,0.009422619271857306
2021-11-23,0.37158489972215597,0.009452698719091037
2021-11-24,0.37108638632630137,0.009495853933614533
2021-11-25,0.3714463974448724,0.009487123135327315
2021-11-26,0.37604285659085473,0.009497053570159395
2021-11-29,0.38128085132387923,0.009491175400157502
2021-11-30,0.3921666613414493,0.009496033216053017
2021-12-01,0.3913354118025909,0.009551761859000236
2021-12-02,0.37767651743998054,0.009657884379438304
2021-12-03,0.38446764524286575,0.0096409097130639
2021-12-06,0.3829498281158984,0.009622240975784546
2021-12-07,0.3849464948071756,0.009598314782110385
2021-12-08,0.3869864751597459,0.009651367248858926
2021-12-09,0.3891178220560254,0.009636882999739993
2021-12-10,0.39053477426087524,0.00963415940137508
2021-12-13,0.3906463721449735,0.009621933835240131
2021-12-14,0.3887625321247097,0.009604775330604184
2021-12-15,0.3884042260338432,0.009557693178858134
2021-12-16,0.3895118052463988,0.009541306267077661
2021-12-17,0.3836552771885074,0.009595705045785498
2021-12-20,0.3923013626772644,0.009573092550870747
2021-12-21,0.39253994602189524,0.009616411288316275
2021-12-22,0.3932217195571881,0.009589355425941559
2021-12-23,0.3936822881240188,0.009611678551345435
2021-12-24,0.39396351742846786,0.00961996787651571
2021-12-27,0.39408999900835556,0.009622648515301042
2021-12-28,0.3983312462993958,0.009634410578871922
2021-12-29,0.39787684596975187,0.009626254405648396
2021-12-30,0.40037546759834247,0.009590302033129581
2022-01-03,0.3993518514033907,0.009586006029174489
2022-01-04,0.3961658670774952,0.009599603614946658
2022-01-05,0.39163349936644726,0.009670756398952183
2022-01-06,0.3916518251608937,0.009741758453705805
2022-01-07,0.39367966455654485,0.009729318919824457
2022-01-10,0.38790069977930053,0.009819094534797875
2022-01-11,0.3867794009318591,0.009834916371548711
2022-01-12,0.39535716634821283,0.009842816011098566
2022-01-13,0.3943527768390124,0.009865134358750607
2022-01-14,0.40027901143256694,0.009912111700735127
2022-01-17,0.396953696958486,0.009933248203728446
2022-01-18,0.3980782113124814,0.009929024633235075
2022-01-19,0.39774565485438873,0.009938691797056459
2022-01-20,0.39611746371356316,0.009992103889834843
2022-01-21,0.4006747992133234,0.010014395622662807
2022-01-24,0.4059743448639229,0.010046304644810395
2022-01-25,0.4177695492542963,0.010043027914763277
2022-01-26,0.41479281608066215,0.010056157035416614
2022-01-27,0.43463520952784807,0.010084250957910169
2022-01-28,0.4399640687210181,0.010146253936884961
2022-02-03,0.4446751532510223,0.010228538159661788
2022-02-04,0.445030607616405,0.010275009023307798
2022-02-07,0.44751973722856103,0.01022911483457003
2022-02-08,0.4479448207577289,0.010222670928910478
2022-02-09,0.45779143221570706,0.010189067183308743
2022-02-10,0.4564945245904717,0.01020093636646099
2022-02-11,0.4558542949096308,0.010248328626972565
2022-02-14,0.46169322540267405,0.010187386746199591
2022-02-15,0.4610384729290958,0.010210030415375528
2022-02-16,0.4613523072799467,0.010210051851880975
2022-02-17,0.45987416332065123,0.010182272524206502
2022-02-18,0.45527702104018203,0.010154346286656726
2022-02-21,0.4506726641343643,0.010086588550595596
2022-02-22,0.45476446101557183,0.010082008113432201
2022-02-23,0.4572089695981985,0.010085298856195274
2022-02-24,0.4759893141507412,0.010152305847992265
2022-02-25,0.4808218829128509,0.010188882920753558
2022-02-28,0.47898726860347185,0.010200963344819123
2022-03-02,0.47479406421053444,0.010276394578386378
2022-03-03,0.47869068200374926,0.010289926457365478
2022-03-04,0.47927255070886515,0.01032180541639591
2022-03-07,0.48870939114536244,0.010316956298965082
2022-03-08,0.49296058025306916,0.010342438855912286
2022-03-10,0.4980214382442887,0.010347523862361187
2022-03-11,0.4970232590669326,0.010335514920898448
2022-03-14,0.4958394654680231,0.010375468071083839
2022-03-15,0.4938161981989488,0.010403618564723209
2022-03-16,0.5007374877485731,0.010428301812082793
2022-03-17,0.505222192247202,0.01044749979251431
2022-03-18,0.5065612903895622,0.0104202354669968
2022-03-21,0.5044096509060824,0.010474294016882475
2022-03-22,0.505952235975248,0.010451248816068485
2022-03-23,0.5101453101504152,0.010430958745694252
2022-03-24,0.5109666093984289,0.010383226327451872
2022-03-25,0.5120302068127159,0.010347756666087756
2022-03-28,0.5113349123762742,0.010337096324965996
2022-03-29,0.5114101774801907,0.01035562576321427
2022-03-30,0.5046715410368857,0.010362182742589054
2022-03-31,0.5046549394637759,0.010276218742624995
2022-04-01,0.5046502669456484,0.010183859484638524
2022-04-04,0.4992617362780376,0.010139200224006202
2022-04-05,0.5017811752284437,0.010106408849917835
2022-04-06,0.500446131078851,0.010117799641706096
2022-04-07,0.5016679649107073,0.010063289787457123
2022-04-08,0.5011418752528376,0.010048466353601489
2022-04-11,0.4970265020153409,0.010113296815163802
2022-04-12,0.4959358471291792,0.010143092759930295
2022-04-13,0.49635415470945077,0.01016462257925808
2022-04-14,0.4973906193160846,0.01012106807005018
2022-04-15,0.4991422170133971,0.010078980361803743
2022-04-18,0.4989662328793672,0.010082662897229089
2022-04-19,0.501936647676928,0.010094536701907577
2022-04-20,0.49974608382421437,0.010112219272219253
2022-04-21,0.4981284043932908,0.010149918948213954
2022-04-22,0.5002492538917859,0.010100865252784441
2022-04-25,0.5108429694469196,0.010079151569422205
2022-04-26,0.5079001526200352,0.010120924203854976
2022-04-27,0.5044157578207424,0.010175170155899063
2022-04-28,0.5055825217228482,0.010179353144867877
2022-04-29,0.5032295276584945,0.010215255333137475
2022-05-02,0.5055224783431687,0.01019505877585104
2022-05-03,0.5064397677623693,0.01015634665016567
2022-05-04,0.5060004397631787,0.010163664248682253
2022-05-06,0.5080439722672145,0.010145072896172952
2022-05-09,0.5137704430508503,0.01011506573312285
2022-05-10,0.509262968169887,0.010094469934424425
2022-05-11,0.5055191839551008,0.010090481156699109
2022-05-12,0.5072952996504575,0.010176005571563788
2022-05-13,0.5127528353743805,0.010176774478552563
2022-05-16,0.5130346787517358,0.010160749756570513
2022-05-17,0.513693389851424,0.01013384912768481
2022-05-18,0.5167181829850004,0.010068885000985052
2022-05-19,0.5186694803527756,0.01009395337852727
2022-05-20,0.5249760661848407,0.010094990636998574
2022-05-23,0.5252414750424937,0.010094715595895035
2022-05-24,0.5269076126584832,0.010094959346581703
2022-05-25,0.5255722551435209,0.010106225115343885
2022-05-26,0.5208537085578319,0.010073982319355714
2022-05-27,0.5219801597469926,0.010028337486107451
2022-05-30,0.5292144374777622,0.009951698424557794
2022-05-31,0.5249917194787883,0.009966252113126742
2022-06-02,0.5254091791200712,0.00996154233788782
2022-06-03,0.524248175829989,0.009979257441959476
2022-06-07,0.5258938949068618,0.009972059669201982
2022-06-08,0.5255740383443995,0.009955256895928024
2022-06-09,0.5245176278149181,0.009961617117711293
2022-06-10,0.5233827901335925,0.009994392443799145
2022-06-13,0.5453931796193848,0.010044583173028242
2022-06-14,0.5444596437336753,0.010071078691356055
2022-06-15,0.540437073137312,0.010159091343029189
2022-06-16,0.5445986053409463,0.010094756604971333
2022-06-17,0.5400744975027117,0.01014058290911843
2022-06-20,0.5391401127511611,0.010190546220768721
2022-06-21,0.5398439794115694,0.01018801439379103
2022-06-22,0.5428734961812193,0.010284303712285189
2022-06-23,0.5400118729523973,0.010374702559407006
2022-06-24,0.5520632195979321,0.010418671692002286
2022-06-27,0.5506218780696502,0.010445365245387235
2022-06-28,0.5511130005978572,0.010424503340382894
2022-06-29,0.5549229425999785,0.01045415119966569
2022-06-30,0.5519858025736638,0.010565386196933185
2022-07-01,0.5520247488427718,0.010601227431341833
2022-07-04,0.5534688832791423,0.010558191139474527
2022-07-05,0.5569781543585657,0.010578656839569227
2022-07-06,0.556560444705105,0.010668711547450584
2022-07-07,0.5617928023613837,0.010610188714242632
2022-07-08,0.5638007936240709,0.01058948867633722
2022-07-11,0.5593849182821825,0.010574445772872816
2022-07-12,0.560265381892785,0.010604932916838162
2022-07-13,0.5585229674483713,0.010611285461322829
2022-07-14,0.5598414468308289,0.010568017521116928
2022-07-15,0.5571091366098309,0.010609914789320104
2022-07-18,0.5603563991035815,0.01061415278079333
2022-07-19,0.5612406761401508,0.010575843375424453
2022-07-20,0.5623923765249491,0.010562956982392412
2022-07-21,0.5603393973294999,0.010548016557299143
2022-07-22,0.5551049854584763,0.01053103165739553
2022-07-25,0.5566598716532599,0.01049652759708715
2022-07-26,0.5494052520721103,0.01041419637413724
2022-07-27,0.5468930145127776,0.010337531418451623
2022-07-28,0.5450109709504797,0.010274400611303384
2022-07-29,0.5453818139881091,0.01027151401018834
2022-08-01,0.5444771724297672,0.010289435085212082
2022-08-02,0.5459770339131266,0.010268368057749989
2022-08-03,0.5435609494890449,0.010241882505941293
2022-08-04,0.5461079193524093,0.010209922349524411
2022-08-05,0.5481571669057372,0.010186812334565214
2022-08-08,0.5428837652545262,0.010209755061983749
2022-08-09,0.5438342170014984,0.010180473835351388
2022-08-10,0.5380772044213364,0.01015684506227465
2022-08-11,0.5451435893524188,0.01016201331645125
2022-08-12,0.5452082812282091,0.010155004841145716
2022-08-16,0.5436150009749353,0.010199355582957847
2022-08-17,0.5395735343769267,0.010221145848872284
2022-08-18,0.5387851188857475,0.010224965238885048
2022-08-19,0.5247777329721027,0.010210017318462754
2022-08-22,0.5249671446486759,0.01013537386714086
2022-08-23,0.5273314513799299,0.010115631388825898
2022-08-24,0.5301871621545741,0.01007964046648151
2022-08-25,0.5297778028798233,0.01005388456035817
2022-08-26,0.5294537314662193,0.010032757094252413
2022-08-29,0.529608016698913,0.010074376468077986
2022-08-30,0.5306166978551238,0.010036324659969627
2022-08-31,0.5265206328568356,0.010033141829359481
2022-09-01,0.5342584274384229,0.010050491414948428
2022-09-02,0.5355701722125008,0.010007455494764506
2022-09-05,0.5339687443571425,0.009970685144766987
2022-09-06,0.5269288012085276,0.00990464406406843
2022-09-07,0.5244071597915546,0.00988857100479502
2022-09-08,0.5233791820147294,0.009943600994742011
2022-09-13,0.5369522872016269,0.009946677370390327
2022-09-14,0.5411854001779872,0.009986070230512189
2022-09-15,0.5388828484309766,0.00996677161966295
2022-09-16,0.5412960438125399,0.010002665731015863
2022-09-19,0.5421917208095923,0.010011029464957523
2022-09-20,0.5433525468452115,0.010008423515786019
2022-09-21,0.5434386155323866,0.010001450013290796
2022-09-22,0.5438810282747849,0.009994621057548394
2022-09-23,0.5436241770419874,0.010035228450872114
2022-09-26,0.5537273137373393,0.010123860505754874
2022-09-27,0.5514925065361772,0.010168932209080649
2022-09-28,0.5549276255175467,0.010202072859386036
2022-09-29,0.5547976176044576,0.010211884083182458
2022-09-30,0.5529156496190011,0.010258578149909957
2022-10-04,0.5593022192054299,0.010282193835149235
2022-10-05,0.5605371217570584,0.010258491337699939
2022-10-06,0.5605369498026785,0.010310691045358587
2022-10-07,0.558678450057144,0.010328516546557375
2022-10-11,0.566979311351034,0.01036885719042065
2022-10-12,0.5665196313749022,0.010387641406274215
2022-10-13,0.5681639137059021,0.01036409372062843
2022-10-14,0.5776481969755911,0.01034890911318265
2022-10-17,0.5763530180694443,0.010384634259804312
2022-10-18,0.5790524958477627,0.010418290680509226
2022-10-19,0.5779393397800997,0.010450571661634638
2022-10-20,0.5717889144726208,0.010436147799567195
2022-10-21,0.5740210403646671,0.010385197586742511
2022-10-24,0.5696965394604927,0.010449657058144228
2022-10-25,0.5691694451122957,0.010447608136015921
2022-10-26,0.569816218533643,0.010404896639218513
2022-10-27,0.5716482471850688,0.010442707553762455
2022-10-28,0.5665575821665184,0.010550649649870259
2022-10-31,0.5647172527694329,0.01060576970738174
2022-11-01,0.5614444655372555,0.010620395761129933
2022-11-02,0.5576660327822324,0.010647533984709611
2022-11-03,0.5582113370582955,0.010674514660318869
2022-11-04,0.5601912612185892,0.010660174887896294
2022-11-07,0.5583210404804648,0.01063338756660854
2022-11-08,0.5536178718898433,0.010644845590782296
2022-11-09,0.5520759870997358,0.010691175398469512
2022-11-10,0.5519962926217605,0.010672589377220872
2022-11-11,0.5617070217003641,0.010737081275211453
2022-11-14,0.5599459504430343,0.010714729546710449
2022-11-15,0.5538870603000939,0.010750654279753526
2022-11-16,0.5523519299276299,0.010788963227776402
2022-11-17,0.5522868117132612,0.010741226176078778
2022-11-18,0.552941128882167,0.010705093600015222
2022-11-21,0.5515029487175139,0.010751402232384284
2022-11-22,0.5509218859346497,0.010766438281556686
2022-11-23,0.5502512528099115,0.010737039155973264
2022-11-24,0.5485546170658859,0.010774365129080326
2022-11-25,0.5480873515977027,0.010792475604845834
2022-11-28,0.5506060951161654,0.010784597765098653
2022-11-29,0.5515268687090743,0.010797346689838975
2022-11-30,0.5494939701256064,0.010833309204378664
2022-12-01,0.5528318586049639,0.010840667604075104
2022-12-02,0.5560742344813117,0.010793811320553902
2022-12-05,0.5366648308467923,0.010792753323028871
2022-12-06,0.5364067057502583,0.010823202612626854
2022-12-07,0.5393999039728546,0.010738386636468821
2022-12-08,0.5399045481858138,0.010714959794587354
2022-12-09,0.5404484330841776,0.010731496174068439
2022-12-12,0.5419745657288236,0.010667644171774833
2022-12-13,0.5402306948854098,0.010700481930778872
2022-12-14,0.5368357789960105,0.010644836148858828
2022-12-15,0.541556284070792,0.010540918171093696
2022-12-16,0.5311541578573985,0.010517314501367244
2022-12-19,0.5304599744569061,0.01046864109529141
2022-12-20,0.5313317711940386,0.010520068718795727
2022-12-21,0.5264864315919653,0.010489855884501041
2022-12-22,0.5302532963655435,0.010387159065253903
2022-12-23,0.5348698629656699,0.010364122854795254
2022-12-26,0.5364784241976134,0.010337582389203957
2022-12-27,0.5360141746450164,0.010220174574086506
2022-12-28,0.5362327408046174,0.010193389789008274
2022-12-29,0.5386797665551015,0.010190293404025282
2023-01-02,0.5310780924780935,0.01027852607894062
2023-01-03,0.5311954875149547,0.010276776979560519
2023-01-04,0.527943374229273,0.010299139166344508
2023-01-05,0.5243321572844398,0.010363379605726407
2023-01-06,0.5254095776659483,0.010399501754123665
2023-01-09,0.5300628971680502,0.010375497938872474
2023-01-10,0.5273507808205323,0.010345614823192217
2023-01-11,0.5267701319305816,0.010369877113273097
2023-01-12,0.5254695338159987,0.01033354791295723
2023-01-13,0.5258915672605219,0.010345603816162919
2023-01-16,0.525306887320363,0.010394777352041164
2023-01-17,0.5272287152764934,0.010376243155214182
2023-01-18,0.5267921908545552,0.010389072772724346
2023-01-19,0.5253603114954115,0.010430452636201164
2023-01-20,0.5260603488255903,0.010407685392341298
2023-01-25,0.5293986131770659,0.010425482881970037
2023-01-26,0.5315404138723261,0.010475072066506249
2023-01-27,0.530477254349682,0.010477666245945103
2023-01-30,0.531504879938586,0.010491896824880966
2023-01-31,0.5316923886211296,0.01050150585035441
2023-02-01,0.5340668363774327,0.010469569911806023
2023-02-02,0.5314252469356522,0.010515965644028812
2023-02-03,0.5307131524039631,0.010528497143884602
2023-02-06,0.5288166639316957,0.010521839008916749
2023-02-07,0.5219004967412111,0.010540135078161162
2023-02-08,0.523195975311817,0.010566954599098495
2023-02-09,0.5215202390981822,0.010599988037916305
2023-02-10,0.5214509665823053,0.010609943977604097
2023-02-13,0.520337606702245,0.010608467154156975
2023-02-14,0.5181472987113843,0.010638676504640104
2023-02-15,0.5142178464952379,0.010701311060060588
2023-02-16,0.5127964692849405,0.010771683176350123
2023-02-17,0.5114591773505756,0.01080810099106881
2023-02-20,0.5095675066649114,0.01084824045717035
2023-02-21,0.5088081293227366,0.01088615993393974
2023-02-22,0.5060041442533584,0.010837579618103993
2023-02-23,0.5029280394540566,0.01083859260811166
2023-02-24,0.5040452945703253,0.01081091611494696
2023-02-27,0.49618143555999933,0.010796010642020374
2023-02-28,0.4975655974240576,0.010780191304452237
2023-03-02,0.49516913915433075,0.010829859772165887
2023-03-03,0.4910706295203929,0.010951567591903801
2023-03-06,0.4874599396585454,0.011024029787170082
2023-03-07,0.4870011855059046,0.010999924551415973
2023-03-08,0.4752375213622071,0.010960980753527525
2023-03-09,0.46837660655594804,0.010950554756339936
2023-03-10,0.47333423195641006,0.010950919736267679
2023-03-13,0.46975668467118453,0.010967482467563317
2023-03-14,0.47810806162747793,0.010981796735899222
2023-03-15,0.4795018794999061,0.011041863931660114
2023-03-16,0.476099808425366,0.011091140662390742
2023-03-17,0.4711589078898896,0.011214047289349844
2023-03-20,0.4701348050971914,0.01115004989267716
2023-03-21,0.45373729848238736,0.011067059598440685
2023-03-22,0.45574528250979696,0.011072786100607713
2023-03-23,0.448395857432581,0.011052817998308045
2023-03-24,0.4471920414738399,0.011090767002286502
2023-03-27,0.4457283998799302,0.011070545533650103
2023-03-28,0.4349308273490807,0.011059487440372363
2023-03-29,0.4376201883806615,0.01103530067873042
2023-03-30,0.4373630434136388,0.010967874164326891
2023-03-31,0.43928471836013555,0.010926938433091955
2023-04-03,0.42213445825278345,0.010958079303902376
2023-04-04,0.4171544558185605,0.011051963645287328
2023-04-05,0.4135432546853263,0.011109095735980937
2023-04-06,0.3992453762045921,0.01112105219403545
2023-04-07,0.4016154750187565,0.0111159097811363
2023-04-10,0.3964551929704797,0.01117837618626482
2023-04-11,0.3993437655294088,0.011158271839495268
2023-04-12,0.3887896363392359,0.011307252014505125
2023-04-13,0.3886561342161704,0.011315270691410037
2023-04-14,0.3950377430307284,0.011250994041924102
2023-04-17,0.39576067895919864,0.011248128445462174
2023-04-18,0.3954869767266898,0.011278311257060468
2023-04-19,0.3909222838789512,0.011222761671646637
2023-04-20,0.3946399034486321,0.011141124655881475
2023-04-21,0.39822140525516364,0.011127128498859605
2023-04-24,0.39956356580580266,0.011135566425204697
2023-04-25,0.39982354389295727,0.01116348764834133
2023-04-26,0.39791262177870057,0.011124767283831034
2023-04-27,0.3981671186650905,0.011169521209852758
2023-04-28,0.3967067196796992,0.011153152993155249
2023-05-02,0.4003676042779948,0.011104149748224785
2023-05-03,0.40541605924395613,0.01108210780660276
2023-05-04,0.4013661816030376,0.011135310448043438
2023-05-08,0.3814863027638754,0.011105399999788377
2023-05-09,0.38288144200849483,0.011068826003771643
2023-05-10,0.38539403438343606,0.011028336900136215
2023-05-11,0.3857449593592826,0.011025951446134287
2023-05-12,0.38341317937519037,0.011029860281322764
2023-05-15,0.3827907392368529,0.011046283881535123
2023-05-16,0.38248033768616874,0.011031804253067008
2023-05-17,0.38054731330693964,0.01105786311344458
2023-05-18,0.37935822573594224,0.01106892285190595
2023-05-19,0.3785717294199032,0.011089991110807693
2023-05-22,0.379515276768337,0.011081938043133871
2023-05-23,0.3725219931900148,0.01109625948987936
2023-05-24,0.3720193972627469,0.011031269414375516
2023-05-25,0.37384567378361244,0.011038253833792106
2023-05-26,0.36878424148425065,0.011029261238959252
2023-05-30,0.3617644062154072,0.011079222748180885
2023-05-31,0.36357536971819393,0.011039046813868659
2023-06-01,0.36306090825199305,0.011019998813313099
2023-06-02,0.36298667967636294,0.011024463557076545
2023-06-05,0.3623144881787472,0.011040134338058664
2023-06-07,0.359827684709947,0.011037612785673757
2023-06-08,0.35945806479609727,0.01102718666912378
2023-06-09,0.363496213825805,0.01101277939127438
2023-06-12,0.3622782078771389,0.01098434821781047
2023-06-13,0.3574893665632497,0.011004750474081402
2023-06-14,0.3553020757423116,0.011074267443748686
2023-06-15,0.35311805189442774,0.011093660044465959
2023-06-16,0.35004245977482173,0.011039708298763521
2023-06-19,0.35144585504044257,0.011009054125788287
2023-06-20,0.35058622651408194,0.011004897377332876
2023-06-21,0.3385799977640458,0.011007225191912495
2023-06-22,0.3374897152782999,0.011019085089596325
2023-06-23,0.3366280853773052,0.01106578407381773
2023-06-26,0.33114367275616935,0.011030368226639145
2023-06-27,0.31835771538873475,0.01107436754695392
2023-06-28,0.32109171789140895,0.011040811057641793
2023-06-29,0.3212067158993565,0.01102429707818207
2023-06-30,0.32421897690844137,0.010952345969225227
2023-07-03,0.33168083150144756,0.010915535962870858
2023-07-04,0.3318684222348292,0.010854350696232374
2023-07-05,0.32821408293721294,0.010853857813404212
2023-07-06,0.33306016462236676,0.010887772879539487
2023-07-07,0.3358867412453262,0.010869835943123763
2023-07-10,0.33475966459106316,0.010883436213141402
2023-07-11,0.3371117456599276,0.010873931042055736
2023-07-12,0.3365594290588485,0.010865426128701405
2023-07-13,0.33554550269590605,0.010866441602486026
2023-07-14,0.3393815049241694,0.01088593406302988
2023-07-17,0.34192738308708526,0.010879079896660239
2023-07-18,0.3383555606561305,0.01099009952713277
2023-07-19,0.33011664584683204,0.010982776585670768
2023-07-20,0.32402957077760786,0.010913895020568403
2023-07-21,0.3232207302409836,0.010979795445367514
2023-07-24,0.3104955080725153,0.011133195608673345
2023-07-25,0.3065857850195415,0.011214339751252338
2023-07-26,0.304916534275061,0.011306679209541821
2023-07-27,0.2952684637023322,0.011540149712447177
2023-07-28,0.2937278610717022,0.01160955140900492
2023-07-31,0.2955948658142828,0.011645536921540273
2023-08-01,0.2958018480917256,0.011673771360338576
2023-08-02,0.3030316296020283,0.011735114716951546
2023-08-03,0.3022462373440723,0.0117273437217658
2023-08-04,0.30137271208270244,0.01173988618101101
2023-08-07,0.30650481569121035,0.011832284991676208
2023-08-08,0.3082991355676467,0.011803541843616473
2023-08-09,0.3056876338119346,0.011790311887066677
2023-08-10,0.30054369496608346,0.011722076624518133
2023-08-11,0.30151630324699313,0.011671215448229548
2023-08-14,0.30317988425854214,0.011630124175355876
2023-08-16,0.30845305431242825,0.011647045071717953
2023-08-17,0.2963408004850282,0.011687379002729564
2023-08-18,0.2976299207212964,0.01169264319472988
2023-08-21,0.29604352710987125,0.011699525275136284
2023-08-22,0.2968362480976002,0.011711509761881438
2023-08-23,0.29601789222031005,0.011727508146100176
2023-08-24,0.3013243281286074,0.011686184435885644
2023-08-25,0.30413082323964125,0.011632886944998175
2023-08-28,0.30761910538721365,0.011557338564115078
2023-08-29,0.31008718833182536,0.01155561478833988
2023-08-30,0.30968736885417963,0.011534581226867431
2023-08-31,0.30992076066737256,0.011482884347201303
2023-09-01,0.2977543964338701,0.01153018121566429
2023-09-04,0.29759571721669087,0.011544168595090061
2023-09-05,0.27400784809747253,0.011473276998250563
2023-09-06,0.2688658210566318,0.011424981032555272
2023-09-07,0.2743538214625118,0.011382784061021863
2023-09-08,0.2698650986158851,0.011302041921161018
2023-09-11,0.2688345968506191,0.011352325337240433
2023-09-12,0.2698729991397237,0.011361029712079423
2023-09-13,0.2668772620837092,0.01135923249868118
2023-09-14,0.27063404029133953,0.011341093106274461
2023-09-15,0.27705636030072955,0.011309052204334554
2023-09-18,0.2795872083149135,0.011309725777907733
2023-09-19,0.2826298811314383,0.011243745290307864
2023-09-20,0.28097547657545024,0.011245697181824053
2023-09-21,0.28974728435702424,0.011268873742816711
2023-09-22,0.28447105940952694,0.011275364533382608
2023-09-25,0.2874883418900853,0.011292421692357304
2023-09-26,0.2925869671503265,0.011215053472621946
2023-09-27,0.2928054022225198,0.011181899705415362
2023-10-04,0.3122456770839011,0.011223308312281669
2023-10-05,0.30743041267841204,0.011179863123096228
2023-10-06,0.30945697568205555,0.01110350226550833
2023-10-10,0.2989564597700986,0.011169138059553227
2023-10-11,0.3044150767880953,0.011100843522426776
2023-10-12,0.3097361131031721,0.011120193767724378
2023-10-13,0.3097743325144971,0.011063165914694304
2023-10-16,0.3118441878441215,0.011019369115028106
2023-10-17,0.31154410076134004,0.011018538257395804
2023-10-18,0.30875948210489496,0.011082371225009298
2023-10-19,0.319992217949833,0.011069555419818725
2023-10-20,0.32720453355614537,0.011052923950333091
2023-10-23,0.32773542893907465,0.011030391034822092
2023-10-24,0.32976552038610024,0.011024292659424227
2023-10-25,0.3272715228042616,0.011139007232586744
2023-10-26,0.3441629465929524,0.011117120551180065
2023-10-27,0.34502041063873395,0.011102161549337772
2023-10-30,0.3388761530691298,0.011168508700587323
2023-10-31,0.33728081853734815,0.01123484583875692
2023-11-01,0.3405824445780197,0.011231671936283863
2023-11-02,0.3454492288271483,0.01132567320445152
2023-11-03,0.34623300217864844,0.011339400837626724
2023-11-06,0.3779590530841671,0.011733290740072339
2023-11-07,0.3795690572148138,0.011879851855564923
2023-11-08,0.3786190643446642,0.011956517547181751
2023-11-09,0.37851849665846243,0.011964673405767519
2023-11-10,0.3803700287278945,0.01198411214777281
2023-11-13,0.37971530122550334,0.01197299949481553
2023-11-14,0.38312061084986027,0.012008378003466042
2023-11-15,0.3879697064608683,0.011958400717812984
2023-11-16,0.38760317420487833,0.011950919493597657
2023-11-17,0.38838592593848853,0.011924620246982522
2023-11-20,0.38790578532559683,0.011970651221042908
2023-11-21,0.3905689141533535,0.011910760256427965
2023-11-22,0.3915783603559871,0.01187940944900459
2023-11-23,0.3931616853879634,0.011822638805216962
2023-11-24,0.3930419692161255,0.011808086540904926
2023-11-27,0.39426406561708155,0.011786713539420542
2023-11-28,0.3924179806659369,0.011774619477836494
2023-11-29,0.3919788346281,0.011808723397068434
2023-11-30,0.3941611057916684,0.011731901012864455
2023-12-01,0.393078645939329,0.011743887753536486
2023-12-04,0.39014208002444767,0.011739856412847565
2023-12-05,0.39152605259878964,0.01175554088952193
2023-12-06,0.3924328362260335,0.01172645034959375
2023-12-07,0.3937920866493311,0.011611699810397997
2023-12-08,0.3946946755035564,0.011619338301318232
2023-12-11,0.39469357808309324,0.011613614381758659
2023-12-12,0.3956011378332605,0.011618106613248115
2023-12-13,0.3947020759623505,0.011653004035310551
2023-12-14,0.3955514213229578,0.011649531096917954
2023-12-15,0.39525708652984154,0.011673098181216335
2023-12-18,0.3960457464000056,0.011667030194533629
2023-12-19,0.3962123211709954,0.011647181408888199
2023-12-20,0.3987546003655491,0.01162210415681722
2023-12-21,0.3997423704412142,0.0115743423104686
2023-12-22,0.40073876783265405,0.011572891320639746
2023-12-26,0.39993189007837554,0.011581168865897745
2023-12-27,0.39796726134710236,0.0115262196012072
2023-12-28,0.40270842047722066,0.011571133986867705
2024-01-02,0.3992520258539201,0.011623715848311258
2024-01-03,0.40531691880306814,0.011609565617211633
2024-01-04,0.4064981755013129,0.011627221700953077
2024-01-05,0.40704539661859934,0.0116466971025114
2024-01-08,0.4056337053676534,0.011627189881104448
2024-01-09,0.4050631006736159,0.011608096288666719
2024-01-10,0.403181668329343,0.011624583786017795
2024-01-11,0.3995654568350064,0.011597623023722884
2024-01-12,0.40239069945130546,0.011577916863561551
2024-01-15,0.4032535808370846,0.011525128527992947
2024-01-16,0.4032981284990507,0.011492562250467325
2024-01-17,0.40627275156655596,0.011555794625421525
2024-01-18,0.4065986886025233,0.011511255164020111
2024-01-19,0.4138554103111569,0.011390454568018259
2024-01-22,0.41194029271917887,0.011404293991254033
2024-01-23,0.4113015798087322,0.011332694255905076
2024-01-24,0.4216520969758171,0.011048017453169698
2024-01-25,0.42281759687685916,0.011031197900067912
2024-01-26,0.4207000237665365,0.011036088135996932
2024-01-29,0.41653756551426596,0.011046906666760326
2024-01-30,0.4094103645116622,0.010983938208135991
2024-01-31,0.4075132734758893,0.01099259881323325
2024-02-01,0.3987476672603953,0.011082506271544343
2024-02-02,0.40022381439447063,0.011115722768737318
2024-02-05,0.3975260094138346,0.011159851437707794
2024-02-06,0.39637317164060626,0.011177397220662267
2024-02-07,0.39643637909498247,0.01124368201164684
2024-02-08,0.3993106669640573,0.011270621043249152
2024-02-13,0.39771289159776646,0.011303197967381834
2024-02-14,0.3979814302101519,0.011247037315054902
2024-02-15,0.39747952498686384,0.01123745294534295
2024-02-16,0.40090547402426996,0.011252143727745734
2024-02-19,0.3989017172012863,0.011286595797362462
2024-02-20,0.3981544254409654,0.011301009654772386
2024-02-21,0.3978455130026915,0.011262858072423894
2024-02-22,0.39773209969870843,0.011232716483149512
2024-02-23,0.397993357372514,0.011204724972418987
2024-02-26,0.3969062400947587,0.011240645341554995
2024-02-27,0.39566790803446966,0.011244259626445824
2024-02-28,0.39778826682400475,0.011261260963587231
2024-02-29,0.3967542410252704,0.011285804735229294
2024-03-04,0.4036720525512613,0.011267224963400657
2024-03-05,0.4050169524513659,0.011241807582280933
2024-03-06,0.404068860144362,0.011279366619517648
2024-03-07,0.40332204924490966,0.011291590935633884
2024-03-08,0.40215406266014536,0.011327830860056029
2024-03-11,0.4051463078155801,0.011297815178615693
2024-03-12,0.4074308496671497,0.01128637079738463
2024-03-13,0.4057153569920468,0.011304773569165023
2024-03-14,0.4039608570336121,0.01132946024263133
2024-03-15,0.4038587905488137,0.01132432436457948
2024-03-18,0.40188203547089224,0.011318565204670367
2024-03-19,0.40013834789223907,0.011335081178198255
2024-03-20,0.398378318181746,0.011362187198240154
2024-03-21,0.40370241460178147,0.01136337987812148
2024-03-22,0.3982420779255128,0.011323357740070993
2024-03-25,0.3966501614535651,0.011381812616108251
2024-03-26,0.39572006977516744,0.011313039683603835
2024-03-27,0.3921090618988784,0.01136159873440198
2024-03-28,0.39221191069016104,0.011368362101313749
2024-03-29,0.3773321196910459,0.011332124620566344
2024-04-01,0.3773550684190436,0.011348140493794378
2024-04-02,0.37787637302215066,0.011372121579063914
2024-04-03,0.39177045168136376,0.011285773173443755
2024-04-04,0.39321533550235854,0.011236629351400212
2024-04-05,0.39451322419902135,0.011189688565666078
2024-04-08,0.39237054982194486,0.011204411129040599
2024-04-09,0.39029981376279355,0.011206536416317216
2024-04-11,0.38880836373597116,0.011236182928045948
2024-04-12,0.3861193110548411,0.01125291769473491
2024-04-15,0.3745995443623711,0.011262779809702073
2024-04-16,0.3763409215185528,0.011249317581326685
2024-04-17,0.37534012804661265,0.011230481829686037
2024-04-18,0.37540538295644715,0.011240477600335618
2024-04-19,0.38248543852263056,0.011118538237741643
2024-04-22,0.3660345572688303,0.011174540709732093
2024-04-23,0.36664287560602377,0.011157254651834219
2024-04-24,0.3708803861184174,0.011160535353132234
2024-04-25,0.36960133389640787,0.01111185933029461
2024-04-26,0.3727724553241693,0.011133727148521698
2024-04-29,0.372779593227573,0.011008936489852017
2024-04-30,0.3736403470593516,0.010962724301677237
2024-05-02,0.3558231250090328,0.010581682052676322
2024-05-03,0.35434969431437585,0.010424327015774355
2024-05-07,0.35241705217116404,0.010421413667202449
2024-05-08,0.35257731660031427,0.010426299725734119
2024-05-09,0.35269121898670897,0.010387659408506368
2024-05-10,0.3542480433416877,0.01037611622969836
2024-05-13,0.3504445314096532,0.010346841562930302
2024-05-14,0.3458945880969331,0.01032280879061919
2024-05-16,0.34630330609994675,0.010322376255537466
2024-05-17,0.34577608189678327,0.010446672818982311
2024-05-20,0.34677590951996673,0.010405752779630201
2024-05-21,0.34526579513183325,0.010441671783798456
2024-05-22,0.3432956667473317,0.01051238159076184
2024-05-23,0.3436047438273386,0.010524063404070411
2024-05-24,0.34799721612049456,0.01051433344642941
2024-05-27,0.34941868238842766,0.01052726361909489
2024-05-28,0.34973752410643877,0.010532908987467978
2024-05-29,0.35243590848909356,0.010520493936151376
2024-05-30,0.3543535291819651,0.010543079861910042
2024-05-31,0.3540337039688616,0.010536986562414752
2024-06-03,0.35453908191413047,0.01055276870135973
2024-06-04,0.35049776896410856,0.01058828161346087
2024-06-05,0.35117300516386063,0.01061428771192206
2024-06-07,0.3527226963583717,0.010658440217647782
2024-06-10,0.3531556397403554,0.010627461225823804
2024-06-11,0.3524544722860203,0.010635681629133373
2024-06-12,0.3511677696364854,0.010667006468489457
2024-06-13,0.350297377016223,0.010644782111390687
2024-06-14,0.35022775018478575,0.010627433523492349
2024-06-17,0.350444581479331,0.010635348087641374
2024-06-18,0.3503752523718824,0.010647517705038077
2024-06-19,0.350782097192806,0.0106515473967613
2024-06-20,0.3498332164497278,0.010628198820537118
2024-06-21,0.350711982738786,0.010622951704209033
2024-06-24,0.35204466024284187,0.01063656403853099
2024-06-25,0.35125902939299425,0.010653120272825051
2024-06-26,0.349989276771766,0.010658329574111737
2024-06-27,0.3446428087006901,0.010612669852810374
2024-06-28,0.347608886750871,0.010540440194918555
2024-07-01,0.3358059326717791,0.010560150625792273
2024-07-02,0.33109525911560467,0.010604935466516634
2024-07-03,0.333967837712923,0.01061505851403597
2024-07-04,0.33306855481630354,0.010620169282946854
2024-07-05,0.3330289762958586,0.010659591560698924
2024-07-08,0.33126276919838904,0.010661771439678615
2024-07-09,0.33075474692297563,0.010682733925155997
2024-07-10,0.3269714877601089,0.010673456370448803
2024-07-11,0.32904498939141,0.010626467239995769
2024-07-12,0.32893636946730725,0.010640956040580614
2024-07-15,0.3216994684039279,0.010599327675073541
2024-07-16,0.32032279033113764,0.010644656005337177
2024-07-17,0.32275510339655106,0.010645606456425009
2024-07-18,0.32981839437445637,0.01055028365390558
2024-07-19,0.3286216427078585,0.010548132315522124
2024-07-22,0.3339421056125779,0.010604914249168354
2024-07-23,0.33448193553030614,0.0105671621915994
2024-07-24,0.3376371674412123,0.010532120498377585
2024-07-25,0.3453795527818035,0.010536777397034621
2024-07-26,0.3434052904505481,0.010592393592438264
2024-07-29,0.348942583523988,0.010521684438374777
2024-07-30,0.3562261223487454,0.01041059808020142
2024-07-31,0.34578250998167825,0.010340324237522538
2024-08-01,0.34781838344252,0.010303532389681366
2024-08-02,0.3843416794062283,0.01031869798339202
2024-08-05,0.5061851545109912,0.010438024702365233
2024-08-06,0.5180333803452714,0.010490551276475456
2024-08-07,0.5172103567087171,0.010539848381038198
2024-08-08,0.5151961221462994,0.010582684398253694
2024-08-09,0.5165561389216515,0.010605654303548786
2024-08-12,0.5143405276056755,0.010552243763812025
2024-08-13,0.5159435568408884,0.010519626843755325
2024-08-14,0.5174866315674305,0.010495584568909389
2024-08-16,0.5179749245340481,0.01057552113412317
2024-08-19,0.5161483944789834,0.010634525451988707
2024-08-20,0.5159253858277717,0.010634833882347464
2024-08-21,0.5155277722157646,0.010617603226522752
2024-08-22,0.5147594131024184,0.010638881510900295
2024-08-23,0.5117447090107295,0.010661656290515733
2024-08-26,0.5111890037898416,0.010682586132462384
2024-08-27,0.5078902419918235,0.01065180996280713
2024-08-28,0.5039709234506285,0.010715841073743546
2024-08-29,0.50151159419783,0.010787291867760427
2024-08-30,0.501906647681711,0.010800298108971366
2024-09-02,0.4969538935870969,0.01087009264023479
2024-09-03,0.49634379667035206,0.010891277633002766
2024-09-04,0.5077014754537265,0.010902097709224075
2024-09-05,0.5090979938557293,0.010846879732080815
2024-09-06,0.5112237065791897,0.010845819991482384
2024-09-09,0.510089091864734,0.010854062155621347
2024-09-10,0.510386597623735,0.010841911738983785
2024-09-11,0.5057952641694967,0.01094117990217392
2024-09-12,0.5101930918377054,0.010981289376189573
2024-09-13,0.5037951956201001,0.01105310399653442
2024-09-19,0.5039451176262916,0.011120886440354971
2024-09-20,0.5061487535337061,0.011087293938734921
2024-09-23,0.506351396186905,0.011100362405327541
2024-09-24,0.5109579045308019,0.01110271563463115
2024-09-25,0.5082785042442678,0.011158583785437227
2024-09-26,0.5187948072336739,0.011181449492013473
2024-09-27,0.5153139866306226,0.011262458914574494
2024-09-30,0.5108927641872881,0.011338510581682478
2024-10-02,0.5023194342774917,0.01153413389035039
2024-10-04,0.5015492958472142,0.011537083118932352
2024-10-07,0.5074328961987238,0.011603464944567425
2024-10-08,0.5089718605619983,0.011689803598746752
2024-10-10,0.5064357518112442,0.01176792828453162
2024-10-11,0.5091810539577752,0.011821390696795593
2024-10-14,0.5130155469223886,0.011791553416138321
2024-10-15,0.5127317518629647,0.011816171016967171
2024-10-16,0.5097477444744829,0.01181195285036479
2024-10-17,0.5081945315120481,0.011839036170804094
2024-10-18,0.507486861191229,0.011859683779588208
2024-10-21,0.5049712769391648,0.011858648065910079
2024-10-22,0.5073783268293018,0.011804857844443429
2024-10-23,0.5066928246954958,0.011855687616590194
2024-10-24,0.49556155307635974,0.011970045472103003
2024-10-25,0.4944536081419854,0.011986207851666947
2024-10-28,0.49036654220847875,0.012038557790196532
2024-10-29,0.48728479380943,0.012074505172437473
2024-10-30,0.4834478219782272,0.012250114613022509
2024-10-31,0.4840337422161548,0.01225936281880994
2024-11-01,0.4826729969783041,0.012293277804254018
2024-11-04,0.48588772678717956,0.012310624943708609
2024-11-05,0.48452671190429625,0.012374222380934712
2024-11-06,0.47454353174183456,0.012525646673028511
2024-11-07,0.47282583742118167,0.012563306363836988
2024-11-08,0.4721189700720063,0.012591101752598774
2024-11-11,0.46935356905731995,0.012682397157939987
2024-11-12,0.4705981638975358,0.012713103348186575
2024-11-13,0.47665153168312163,0.012692428145883592
2024-11-14,0.4762186598642106,0.012724921119750604
2024-11-15,0.4716162361014996,0.01287470734097525
2024-11-18,0.47058902480532966,0.01291935353149784
2024-11-19,0.4697229432941001,0.012939468215872336
2024-11-20,0.4679681276479952,0.012972449218396126
2024-11-21,0.46666317426733417,0.012964162191490729
2024-11-22,0.4643212952202019,0.013020866639729818
2024-11-25,0.4624106734517957,0.01308101513606306
2024-11-26,0.46084365697869867,0.01310604212688819
2024-11-27,0.4581828078305779,0.013197512784485794
2024-11-28,0.4574602866558652,0.013225748983625257
2024-11-29,0.4609403274097133,0.013258740282995316
2024-12-02,0.4601413381107866,0.013316582423800008
2024-12-03,0.46248947689823144,0.013331812061401528
2024-12-04,0.46050545913373736,0.013407851308091145
2024-12-05,0.45296154640236663,0.013581881226822018
2024-12-06,0.45189205094992585,0.013653880918156875
2024-12-09,0.4543361082864362,0.013809824458839113
2024-12-10,0.4550557555162857,0.013923683868980236
2024-12-11,0.45516894086075294,0.013939205834485128
2024-12-12,0.45680918521870667,0.013936627523759825
2024-12-13,0.4558918133087822,0.013976003012750557
2024-12-16,0.45575157820252443,0.01397985558438381
2024-12-17,0.4540551062093255,0.014064046842632245
2024-12-18,0.45309224499173045,0.014093429722288192
2024-12-19,0.45729219481674804,0.014099068544797496
2024-12-20,0.4609563724536649,0.014081148043187313
2024-12-23,0.4647269493513261,0.014108001530922377
2024-12-24,0.46521847613959677,0.014097118877624083
2024-12-26,0.46519314920125826,0.014084788235951218
2024-12-27,0.4679457530809637,0.014056439041161576
2024-12-30,0.464905239109538,0.014076971839410379
2025-01-02,0.46409192391892445,0.0141468877964781
2025-01-03,0.46314713377080874,0.014199344717047459
2025-01-06,0.4641214595066022,0.014243624996740773
2025-01-07,0.46477461478728843,0.014228199793534424
2025-01-08,0.4634245773976514,0.014285292504357307
2025-01-09,0.4630985153522242,0.014263364477769623
2025-01-10,0.46287784594499026,0.014273401298227562
2025-01-13,0.46406315861236863,0.01428033837182455
2025-01-14,0.4653958714189588,0.014247907069911461
2025-01-15,0.4656651105997312,0.01419627874280261
2025-01-16,0.46619796441917627,0.014206972763158649
2025-01-17,0.46667556362929175,0.014194194626391087
2025-01-20,0.46573178753470074,0.014178222223089629
2025-01-21,0.46524574649716105,0.014237314898078288
2025-01-22,0.46608989649174387,0.014229629172595033
2025-01-23,0.4650523586617746,0.014186469698699014
2025-01-24,0.46823085868331166,0.014112071769150764
2025-01-31,0.4633327126857588,0.014222117811440673
2025-02-03,0.47407882814453683,0.014275116322882793
2025-02-04,0.4764294226817188,0.014247787960260666
2025-02-05,0.47553246852758707,0.014284587270191846
2025-02-06,0.46248776445488826,0.01422368304380175
2025-02-07,0.3779120222739113,0.014043129301727481
2025-02-10,0.36093198877146815,0.01394632897146513
2025-02-11,0.3604096386243572,0.013842809503197929
2025-02-12,0.36106625960218197,0.01377150009974942
2025-02-13,0.35737958107320505,0.013785345547551325
2025-02-14,0.357253705823034,0.013805221836817766
2025-02-17,0.35871818422753887,0.013798476978310792
2025-02-18,0.3575321187755274,0.013761012676389817
2025-02-19,0.3542153146088681,0.013755645335801103
2025-02-20,0.35608797810134085,0.01372906748890713
2025-02-21,0.355025777365342,0.01373141839954698
2025-02-24,0.3547991164728654,0.013726003838613027
2025-02-25,0.35693711365216435,0.013718831107431198
2025-02-26,0.35805684856217573,0.01368786582841002
2025-02-27,0.35923510398135833,0.01365913990331374
2025-02-28,0.37253243168588446,0.013714649416230204
2025-03-04,0.37646446542586826,0.013686887632147017
2025-03-05,0.3762213023448304,0.01363543980900427
2025-03-06,0.37424214412365264,0.013701607060891224
2025-03-07,0.37376617209881824,0.013713633965268875
2025-03-10,0.37448546098770336,0.01368121029522216
2025-03-11,0.3598268284712618,0.01365535512928497
2025-03-12,0.3587675834545484,0.013763496741613744
2025-03-13,0.3569381766102668,0.013713739383845774
2025-03-14,0.3564253097193097,0.013761998781726997
2025-03-17,0.3581496108955777,0.013778268178970494
2025-03-18,0.36275992780604777,0.01364370486640696
2025-03-19,0.35305870730297667,0.013626332816250895
2025-03-20,0.3506623611060274,0.013608279715439478
2025-03-21,0.3499301384733107,0.013598202755172204
2025-03-24,0.34805185445478726,0.013621451830380603
2025-03-25,0.34638846424821235,0.01366567069149231
2025-03-26,0.3447606488308179,0.013630820766964424
2025-03-27,0.3495018785211599,0.0135622938060538
2025-03-28,0.34143144993214064,0.013546180114214912
2025-03-31,0.35868892295296945,0.013511437283301175
2025-04-01,0.3632457098865534,0.013420010399665578
2025-04-02,0.36876892746414897,0.013251255733618404
2025-04-03,0.36974815170404124,0.013249475787305853
2025-04-04,0.3580074378597675,0.013308027830739286
2025-04-07,0.441706302721892,0.013290714075046587
2025-04-08,0.43570228766944796,0.013386019648412835
2025-04-09,0.44129976278066907,0.013345383659795521
2025-04-10,0.4835688892904901,0.013459277328512561
2025-04-11,0.4825572405716177,0.013470915708335368
2025-04-14,0.48283172247623174,0.01346249956183417
2025-04-15,0.4815498555368438,0.013492325128869507
2025-04-16,0.4848296554277346,0.013449453094367547
2025-04-17,0.48570021027729327,0.013449979660485471
2025-04-18,0.48767243567080315,0.01336926237936432
2025-04-21,0.48704469840919645,0.013324203153863538
2025-04-22,0.4916619253854603,0.01312797963852657
2025-04-23,0.49788732225910376,0.01315130705358017
2025-04-24,0.5015839651391526,0.013051044536317174
2025-04-25,0.5024986711231897,0.013045370478978297
2025-04-28,0.5035762888627949,0.012916722518125279
2025-04-29,0.5050315173993878,0.012873651514121237
2025-04-30,0.5049317503552954,0.012873024910677091
2025-05-02,0.5046295009870372,0.012812937675834923
2025-05-07,0.5056354930044925,0.012765323836403471
2025-05-08,0.5118903641442697,0.01259150089984546
2025-05-09,0.5139183421257861,0.012552963951906776
2025-05-12,0.5157416960608877,0.012578387601950146
2025-05-13,0.5180900860194343,0.012550586382902839
2025-05-14,0.5174545840584569,0.012525975960148704
2025-05-15,0.5160280341434167,0.01243015231808024
2025-05-16,0.5155662813883938,0.012454615212081499
2025-05-19,0.5197834593358319,0.01231941252244612
2025-05-20,0.5223894208796163,0.012281451491237307
2025-05-21,0.5229264485062752,0.01227254591534705
2025-05-22,0.5247612687783197,0.012250274337567788
2025-05-23,0.5244869961598128,0.012269103989262163
2025-05-26,0.5274882345587062,0.012244214273519181
2025-05-27,0.5304316825876226,0.012168728435702146
2025-05-28,0.5312606600884726,0.0122478394921292
2025-05-29,0.536328144364714,0.012171518529282497
2025-05-30,0.536498229256305,0.012153264004105884
2025-06-02,0.5358485578817629,0.012093251352764673
2025-06-04,0.5379956434275922,0.012080172509340691
2025-06-05,0.5343917445599481,0.012077673127166337
2025-06-09,0.5362610515039129,0.012073313265618939
2025-06-10,0.5467961185410669,0.01194621921268859
2025-06-11,0.5502393775064073,0.011905086845980394
2025-06-12,0.5497516213768173,0.011746643533353003
2025-06-13,0.548255723958702,0.011675397330688186
2025-06-16,0.5491148222027139,0.011651353004927754
2025-06-17,0.5479210931696729,0.011619350782810256
2025-06-18,0.5487130465200222,0.011590138646482518
2025-06-19,0.5480179589728539,0.011621276572304782
2025-06-20,0.5500035172067049,0.011576493730402882
2025-06-23,0.5489378193961174,0.011594040554675531
2025-06-24,0.5468446937888624,0.011633768888438888
2025-06-25,0.5420087787131921,0.011672645356096589
2025-06-26,0.5382871170661222,0.011667829197430628
2025-06-27,0.5379780802094302,0.011713244321148111
2025-06-30,0.5386591265995059,0.011730959665243984
2025-07-01,0.5392497135885944,0.011689415421721711
2025-07-02,0.5414765749780331,0.011667146971181062
2025-07-03,0.5454950162656259,0.011687612911474141
2025-07-04,0.5481177873440881,0.011612186292680795
2025-07-07,0.5483946085456477,0.011582452807911512
2025-07-08,0.5425200198086815,0.011696623587836887
2025-07-09,0.5427781983073,0.011660295173273678
2025-07-10,0.5432029437218531,0.01169235177855318
2025-07-11,0.543838718768297,0.011672931877846305
2025-07-14,0.5399590405343965,0.011699704541143385
2025-07-15,0.5390554749817189,0.011714610217739955
2025-07-16,0.5366567769590493,0.011777589681376804
2025-07-17,0.5356235834511804,0.011799895905597968
2025-07-18,0.5340721972460961,0.011840759244891856
2025-07-21,0.5340135392127789,0.011830052366212295
2025-07-22,0.5357148138750714,0.011745671602383287
2025-07-23,0.5335437770185992,0.011785368386628954
2025-07-24,0.5332422545032072,0.011782614935544963
2025-07-25,0.5331432511157675,0.011772041991838757
2025-07-28,0.5301590843055515,0.011784016448375118
2025-07-29,0.5160226536571757,0.011730057533798948
2025-07-30,0.5139596033457108,0.011748617865367494
2025-07-31,0.5149189386577157,0.011763420157181514
2025-08-01,0.5301502768248815,0.011833415443177137
2025-08-04,0.5289248896976841,0.01187874915736831
2025-08-05,0.5318149189472089,0.011928911693860891
2025-08-06,0.5317833456992255,0.011935446310365758
2025-08-07,0.5307953758347189,0.011972670832027453
2025-08-08,0.5311700322644192,0.011917420084104171
2025-08-11,0.5303639581680929,0.011930412612910822
2025-08-12,0.5299454573909141,0.011905403327610085
2025-08-13,0.5299820217807203,0.011934245440771925
2025-08-14,0.5305985497517434,0.011875591981262586
2025-08-18,0.5329654471642098,0.011869527621929046
2025-08-19,0.5329738856233451,0.011865927578523878
2025-08-20,0.532898830771243,0.011848225076528798
2025-08-21,0.5317718833097009,0.01182092279844454
2025-08-22,0.5309754136941356,0.011830859597302264
2025-08-25,0.5331517406573826,0.01182239853729718
2025-08-26,0.5246900166500215,0.0117657501381396
2025-08-27,0.5247785626584677,0.011715199820321502
2025-08-28,0.5253981644040903,0.011703194120151696
2025-08-29,0.5277473948785699,0.011649976306508568
2025-09-01,0.5322432602825017,0.011559986825621628
2025-09-02,0.5317696657918335,0.011561402589730421
2025-09-03,0.529365927884797,0.011537980559684448
2025-09-04,0.5301398859168064,0.011477437062368884
2025-09-05,0.5296775478436028,0.011488579921978373
2025-09-08,0.5323327040261011,0.011405415249198005
2025-09-09,0.5322886152927736,0.011391488410014692
2025-09-10,0.5320772969442773,0.011445360700494407
2025-09-11,0.5334974936971754,0.011399011594389573
2025-09-12,0.5378898558867395,0.011359128221075184
2025-09-15,0.53802876414009,0.01134133002845156
2025-09-16,0.5379848396250406,0.011335945126881342
2025-09-17,0.5409870744951325,0.011270602592277535
2025-09-18,0.5404649280387084,0.011285754539113676
2025-09-19,0.5369475154595793,0.011299017725321521
2025-09-22,0.533007592620749,0.011290446724846541
2025-09-23,0.5224075520645397,0.01122933716408921
2025-09-24,0.521337725491134,0.011234571402882889
2025-09-25,0.5196497300995108,0.011237355373458859
2025-09-26,0.5213504051142588,0.011239687813388967
2025-09-29,0.5247860093860811,0.011119127012366219
2025-09-30,0.43739475666657085,0.011009506270142525
2025-10-01,0.4461967141400886,0.010856433500184616
2025-10-02,0.4433420397163248,0.010829109508968105
2025-10-10,0.37316838132056107,0.010800864646885563
2025-10-13,0.3704201977660587,0.010850246244074603
2025-10-14,0.3634345137056032,0.011000593799827318
2025-10-15,0.3683119396296521,0.010995407848307727
2025-10-16,0.35746399694747916,0.01110763243819434
2025-10-17,0.3548680631782305,0.011216009338251707
2025-10-20,0.3589049850793173,0.011227336498376435
2025-10-21,0.3594220936965406,0.011222419582318443
2025-10-22,0.3595840240875999,0.011270786882016817
2025-10-23,0.35517447346698855,0.01119765651938457
2025-10-24,0.3573571311241903,0.011325271955443488
2025-10-27,0.36091476748575085,0.01136822259570196
2025-10-28,0.3601459711931326,0.011370883202363178
2025-10-29,0.35871937741619225,0.011422510434979185
2025-10-30,0.3608000308139119,0.011433484727178348
2025-10-31,0.35899065997521096,0.01150070750480733
2025-11-03,0.35644098049498363,0.011540999690674542
2025-11-04,0.349325919974588,0.01166626588556771
2025-11-05,0.35152226853027746,0.011706788586815536
2025-11-06,0.34953399246948336,0.01167991203402378
2025-11-07,0.3579506708410455,0.011638267074662723
2025-11-10,0.3612257393580697,0.011703737944737006
2025-11-11,0.3552116501557217,0.011735319568889015
2025-11-12,0.35763161346809436,0.01177523732546898
2025-11-13,0.35608536654363593,0.011777281664449359
2025-11-14,0.37647965618928,0.01180473352205202
2025-11-17,0.37449838857452816,0.011860454232608026
2025-11-18,0.38842795604143215,0.011901803708668533
2025-11-19,0.3862181504949141,0.01191613797869823
2025-11-20,0.38670964983409395,0.011911783130434084
2025-11-21,0.4034626815667026,0.011994137496685818
2025-11-24,0.400279793721435,0.011935974269069583
2025-11-25,0.3955884080194988,0.011942356412200667
2025-11-26,0.4029942699309482,0.011980073788951726
2025-11-27,0.400799377354971,0.012003420803889804
2025-11-28,0.3904616629077175,0.012024061720385122
2025-12-01,0.3909846130644954,0.01199973304428062
2025-12-02,0.3898637053758367,0.011983848052017907
2025-12-03,0.39006228825964656,0.011946821272712026
2025-12-04,0.38687605229240074,0.011936699352166902
2025-12-05,0.3842762164566623,0.012020672526496683
2025-12-08,0.3810360263672694,0.012035545164717004
2025-12-09,0.381450923346799,0.012017242862239935
2025-12-10,0.381583659628824,0.01201473978967013
2025-12-11,0.3840690305343542,0.012006241526549132
2025-12-12,0.38588181048350545,0.011981913924485067
2025-12-15,0.3863027226665466,0.01199840165375122
2025-12-16,0.3989736527275107,0.012039742599547976
2025-12-17,0.3933720613318486,0.01202312606954272
2025-12-18,0.400608713550658,0.012050525497756929
2025-12-19,0.40079189550276034,0.012058085369604116
2025-12-22,0.404134327994273,0.012087395179331448
2025-12-23,0.40545246249497896,0.012033205645860716
2025-12-24,0.4051132394881327,0.012022055854182052
2025-12-26,0.4050197403194488,0.012034108748812566
2025-12-29,0.39847989191919414,0.011999465820754528
2025-12-30,0.397080501865074,0.012018569928242634
2026-01-02,0.39426052753338764,0.012123364317549297
2026-01-05,0.39744147475732,0.012087921063311632
2026-01-06,0.3983003256173119,0.012129307508416032
2026-01-07,0.39409002438237917,0.012203403029126673
2026-01-08,0.39436995052506185,0.012217273617882022
2026-01-09,0.3961470835430327,0.01223673166531217
2026-01-12,0.3958508381650139,0.012270960554624646
2026-01-13,0.39577012855864435,0.012364764165067264
2026-01-14,0.3947859194096953,0.012379090778006587
2026-01-15,0.39496995168160126,0.01239808509218679
2026-01-16,0.39551606209792994,0.012377508370816383
2026-01-19,0.3890273138775046,0.01251608485328932
2026-01-20,0.3869271873516404,0.01252886595167215
2026-01-21,0.3780375757853135,0.012717028301720251
2026-01-22,0.3749709186370855,0.012876235928801414
2026-01-23,0.3814425196856103,0.01284389748992291
2026-01-26,0.36571521612569535,0.013082483293474593
2026-01-27,0.3676855937572686,0.013140948043886097
2026-01-28,0.3638573604631519,0.013243925000866654
2026-01-29,0.33583486342838165,0.013187058765408433
2026-01-30,0.3402422326681454,0.013280432411627748
2026-02-02,0.3554644551431514,0.013403381740035176
2026-02-03,0.37348936772025215,0.013559565654145652
2026-02-04,0.37080119051595106,0.013604187250781396
2026-02-05,0.37469489797063066,0.013699931350043383
2026-02-06,0.3767900652653618,0.013759176362943404
2026-02-09,0.3895263936448922,0.013829210595524773
2026-02-10,0.3863261575296716,0.013885934294620208
2026-02-11,0.3841203596217137,0.013945131353714618
2026-02-12,0.38052248259031046,0.013991976857373311
2026-02-13,0.38259480937499807,0.01400578526977116
2026-02-19,0.38983762696601343,0.014104636429683574
2026-02-20,0.38778178855131823,0.014172693566933526
2026-02-23,0.3878041837423431,0.014187094164369576
2026-02-24,0.38326157546270184,0.01428658486609378
2026-02-25,0.3831520375106165,0.014395441470352132
2026-02-26,0.38274897541679753,0.014564247369604707
2026-02-27,0.3806656141821108,0.014629003436733262
2026-03-03,0.3976342728710471,0.014835206216649547
2026-03-04,0.4823947422196552,0.015257107427310419
2026-03-05,0.5104277259619979,0.01558931193342867
2026-03-06,0.5092479986396828,0.01567187323317128
2026-03-09,0.5217675636093401,0.015788979299772705
2026-03-10,0.5243408815260026,0.015883530552945557
2026-03-11,0.5235127242069749,0.015935172273596036
2026-03-12,0.5235222759232386,0.015905543301049613
2026-03-13,0.5239526731944114,0.015899063545928058
2026-03-16,0.523597572061664,0.015973014483845957
2026-03-17,0.5229012548753558,0.01597052512349781
2026-03-18,0.5243498567091311,0.0160473566406772
2026-03-19,0.527470610090669,0.016043300023864126
2026-03-20,0.5268574552758233,0.016057474079201366
2026-03-23,0.548931026722884,0.016106315759933394
2026-03-24,0.5514212106996821,0.016152220729134973
2026-03-25,0.5527840426683779,0.016160883393785498
2026-03-26,0.5527942172809933,0.01624409543342498
2026-03-27,0.553468155723392,0.016227044211864976
2026-03-30,0.5566508206892626,0.016261662214551907
2026-03-31,0.5538908013686974,0.016359582293101898
2026-04-01,0.5611001502199136,0.01654349537574567
2026-04-02,0.5646177253672052,0.016694230491398534
2026-04-03,0.563155867809516,0.0167498426051882
2026-04-06,0.5616247551987168,0.016747327652917022
2026-04-07,0.56576576004843,0.01662817262248662
2026-04-08,0.5779086445925565,0.01665215661205443
2026-04-09,0.5812947544212123,0.01651453889271691
2026-04-10,0.581423880874281,0.01647799467446936
2026-04-13,0.5837236952868772,0.016331724900815702
2026-04-14,0.586476769175856,0.01623569615233971
2026-04-15,0.5866259155950518,0.01627327467584739
2026-04-16,0.5884253501138597,0.016268087616065494
2026-04-17,0.5883847226586111,0.01624974877839016
2026-04-20,0.5877024821157796,0.01625969001781662
2026-04-21,0.5862777586592872,0.016281350402850225
2026-04-22,0.586125403353647,0.01621086926503419
2026-04-23,0.5864070480616693,0.016211862280033372
2026-04-24,0.5860682258181011,0.016222011909217644
2026-04-27,0.5846395462835533,0.016239972011845138
2026-04-28,0.5854594210387098,0.01623840564455299
2026-04-29,0.5858106615013148,0.016178154288410657
2026-04-30,0.5885728299018226,0.016122942243075658
2026-05-04,0.5895714919212036,0.016168072792833898
2026-05-06,0.5857772094455902,0.016329509771577308
2026-05-07,0.5840311095124608,0.016348164661171415
2026-05-08,0.5826100317936951,0.01635061281657951
2026-05-11,0.5800939559528775,0.01649779653546113
2026-05-12,0.578613514662,0.016524882372337752
2026-05-13,0.5759537380845486,0.01666843691997299
2026-05-14,0.5716544252130945,0.016617375056081754
2026-05-15,0.5783140310212405,0.016680819252930634
2026-05-18,0.5749876017653042,0.016730973374751996
2026-05-19,0.5736531348832491,0.016839902560573883
2026-05-20,0.5752759999616928,0.016895580570729835
2026-05-21,0.5737047988059873,0.01705526622427243
2026-05-22,0.5754491729395687,0.017114667478082164
2026-05-26,0.57569216902992,0.017150522188623455
2026-05-27,0.5714908228370756,0.017221992975105512
2026-05-28,0.5711240675766182,0.017269593030313512
2026-05-29,0.5711889346008094,0.017314166959530794
2026-06-01,0.5689501415660823,0.017441321235084222
2026-06-02,0.5670592998980005,0.017486975846963803
2026-06-04,0.5646776946911122,0.01757782692975912
2026-06-05,0.5633798779769373,0.01773809842277271
2026-06-08,0.5931767554027647,0.017834797277032022
2026-06-09,0.5942510401671977,0.01798684532673337
2026-06-10,0.5957719851852973,0.01807645857542831
2026-06-11,0.5931358424220257,0.01822597522217564
2026-06-12,0.5964548026813318,0.01833376834329747
2026-06-15,0.5990555977833947,0.01839128811618414
2026-06-16,0.5991998904162952,0.018401319613979773
2026-06-17,0.5930349057948666,0.01845402456055812
2026-06-18,0.5899126951804875,0.018583136772430956
2026-06-19,0.5880845810874507,0.018590052421340427
2026-06-22,0.5831270063981097,0.018738917706407312
2026-06-23,0.5975024859525344,0.01893985654589636
2026-06-24,0.5953457890829099,0.01906117374602773
2026-06-25,0.5930282092909994,0.019258447727078958
2026-06-26,0.6024667343551455,0.01927715764855901
2026-06-29,0.6011307617802684,0.019559036945977146
2026-06-30,0.5974120925903357,0.019678646517061287
2026-07-01,0.597176063124617,0.019624143682397975
2026-07-02,0.5904629634433319,0.01989599432347765
2026-07-03,0.5870580552169387,0.02001195052937745
2026-07-06,0.587093512564296,0.02002457029416056
2026-07-07,0.5856387096350051,0.020167047233741502
2026-07-08,0.5912912742860633,0.020219092531974556
2026-07-09,0.5893545960770871,0.020259263114360746
2026-07-10,0.5902399450999088,0.020219261069898183
2026-07-13,0.5893622007022653,0.020441343674037674
2026-07-14,0.589327709674618,0.020481701485392207
2026-07-15,0.5909162297696221,0.020642325910849673
2026-07-16,0.5936108624249966,0.020712415182621593
2026-07-20,0.6027325008319243,0.02070876296398849
2026-07-21,0.6052526936655606,0.020588015913047177
2026-07-22,0.6064765770771086,0.020503164337410677
2026-07-23,0.6051980952823228,0.020597614937600366
2026-07-24,0.612274198903182,0.02058946590600868
2026-07-27,0.6121209598283192,0.02052642613177078
2026-07-28,0.6253522021940915,0.020619131441943998
2026-07-29,0.6262548324723622,0.020764810270428983
2026-07-30,0.6233046465427029,0.020785394829596182
2026-07-31,0.6221147313282749,0.02128886056477549
2026-08-03,0.6146000141872501,0.021433193829856166
2026-08-04,0.6171059881660764,0.021488019147876666
2026-08-05,0.6176478997958901,0.021449256563669788
2026-08-06,0.6154725637343377,0.021570427594815623
2026-08-07,0.6113954444952909,0.021628004183650754
2026-08-10,0.6098933672746475,0.021742341724413042
2026-08-11,0.6109051270134904,0.021729258200365583
2026-08-12,0.6104083253943543,0.02176816213271306
2026-08-13,0.6121578349452655,0.02180164602059982
2026-08-14,0.6105600838978719,0.021762485493063297
2026-08-18,0.6122142819826534,0.021774308000779882
2026-08-19,0.6128810509852582,0.02188521610846025
2026-08-20,0.6119113267374209,0.02198633534305803
2026-08-21,0.6109669085678658,0.022022250554760717
2026-08-24,0.6072622145542285,0.022066172319347453
2026-08-25,0.6083812603654714,0.02205958693778872
2026-08-26,0.6082531088517424,0.0218586765392268
2026-08-27,0.5895023756068848,0.021499369590815522
2026-08-28,0.5749664663603832,0.02120493343636208
2026-08-31,0.5755760409518634,0.02115940591651294
2026-09-01,0.5703811030533732,0.021053857459593785
2026-09-02,0.5710805605478748,0.021011532702462143
2026-09-03,0.569877551282942,0.021062957452420858
2026-09-04,0.5687430616968279,0.021162007181921176
2026-09-07,0.5679717057672071,0.021245410240784454
2026-09-08,0.568708832213375,0.021197798088354283
2026-09-09,0.567115818852192,0.021284656673237434
2026-09-10,0.5652196308166889,0.021189835439066964
2026-09-11,0.5643745781711637,0.02126451568301075
2026-09-14,0.5641291396983923,0.02135611515116064
2026-09-15,0.5504184094375906,0.021320339954200337
2026-09-16,0.5479390751335935,0.021332571627759873
2026-09-17,0.5466921417550133,0.02128697538081801
2026-09-18,0.5463388236683514,0.021243458558940918
2026-09-21,0.5470412934784238,0.021289849434893916
2026-09-22,0.5455972505288985,0.02123687281091433
2026-09-23,0.5450820043498078,0.021167537965340384
2026-09-28,0.5333269583965954,0.02111679573490844
2026-09-29,0.5293029845420346,0.02108235636570098
2026-09-30,0.5294636069708988,0.021062985051938633
2026-10-01,0.5280980627382486,0.021154137112768232
2026-10-02,0.5265101488635288,0.021197570725725055
