base,k,dropped,scope,ari_vs_full_restricted
all20,3,069500,domestic_equity,1
all20,3,102110,domestic_equity,1
all20,3,229200,domestic_equity,1
all20,3,122630,domestic_equity,1
all20,3,114800,domestic_equity,1
all20,3,091230,domestic_equity,1
all20,3,091170,domestic_equity,1
all20,3,091180,domestic_equity,1
all20,3,305540,domestic_equity,1
all20,3,143860,domestic_equity,1
all20,3,117680,domestic_equity,1
all20,3,161510,domestic_equity,1
all20,3,219480,foreign_equity,1
all20,3,133690,foreign_equity,1
all20,3,192090,foreign_equity,1
all20,3,148070,bond,0.791049
all20,3,153130,bond,1
all20,3,132030,commodity,1
all20,3,261220,commodity,1
all20,3,261240,fx,1
all20,5,069500,domestic_equity,1
all20,5,102110,domestic_equity,1
all20,5,229200,domestic_equity,1
all20,5,122630,domestic_equity,1
all20,5,114800,domestic_equity,1
all20,5,091230,domestic_equity,1
all20,5,091170,domestic_equity,1
all20,5,091180,domestic_equity,1
all20,5,305540,domestic_equity,1
all20,5,143860,domestic_equity,1
all20,5,117680,domestic_equity,1
all20,5,161510,domestic_equity,1
all20,5,219480,foreign_equity,1
all20,5,133690,foreign_equity,1
all20,5,192090,foreign_equity,1
all20,5,148070,bond,1
all20,5,153130,bond,0.988226
all20,5,132030,commodity,1
all20,5,261220,commodity,0.988226
all20,5,261240,fx,1
all20,8,069500,domestic_equity,1
all20,8,102110,domestic_equity,1
all20,8,229200,domestic_equity,0.626124
all20,8,122630,domestic_equity,1
all20,8,114800,domestic_equity,1
all20,8,091230,domestic_equity,1
all20,8,091170,domestic_equity,1
all20,8,091180,domestic_equity,0.530542
all20,8,305540,domestic_equity,1
all20,8,143860,domestic_equity,1
all20,8,117680,domestic_equity,0.530542
all20,8,161510,domestic_equity,0.626124
all20,8,219480,foreign_equity,1
all20,8,133690,foreign_equity,0.626124
all20,8,192090,foreign_equity,0.742857
all20,8,148070,bond,0.742857
all20,8,153130,bond,0.742857
all20,8,132030,commodity,0.742857
all20,8,261220,commodity,0.742857
all20,8,261240,fx,1
dedup17,3,069500,domestic_equity,1
dedup17,3,229200,domestic_equity,1
dedup17,3,091230,domestic_equity,1
dedup17,3,091170,domestic_equity,1
dedup17,3,091180,domestic_equity,1
dedup17,3,305540,domestic_equity,1
dedup17,3,143860,domestic_equity,1
dedup17,3,117680,domestic_equity,1
dedup17,3,161510,domestic_equity,1
dedup17,3,219480,foreign_equity,1
dedup17,3,133690,foreign_equity,1
dedup17,3,192090,foreign_equity,1
dedup17,3,148070,bond,0.721023
dedup17,3,153130,bond,1
dedup17,3,132030,commodity,1
dedup17,3,261220,commodity,1
dedup17,3,261240,fx,0.962512
dedup17,5,069500,domestic_equity,1
dedup17,5,229200,domestic_equity,1
dedup17,5,091230,domestic_equity,1
dedup17,5,091170,domestic_equity,1
dedup17,5,091180,domestic_equity,1
dedup17,5,305540,domestic_equity,1
dedup17,5,143860,domestic_equity,1
dedup17,5,117680,domestic_equity,1
dedup17,5,161510,domestic_equity,1
dedup17,5,219480,foreign_equity,1
dedup17,5,133690,foreign_equity,1
dedup17,5,192090,foreign_equity,1
dedup17,5,148070,bond,1
dedup17,5,153130,bond,0.983137
dedup17,5,132030,commodity,1
dedup17,5,261220,commodity,0.983137
dedup17,5,261240,fx,0.983137
dedup17,8,069500,domestic_equity,1
dedup17,8,229200,domestic_equity,0.473684
dedup17,8,091230,domestic_equity,0.396135
dedup17,8,091170,domestic_equity,0.782609
dedup17,8,091180,domestic_equity,1
dedup17,8,305540,domestic_equity,0.754098
dedup17,8,143860,domestic_equity,0.754098
dedup17,8,117680,domestic_equity,1
dedup17,8,161510,domestic_equity,0.810924
dedup17,8,219480,foreign_equity,0.473684
dedup17,8,133690,foreign_equity,1
dedup17,8,192090,foreign_equity,0.701369
dedup17,8,148070,bond,0.701369
dedup17,8,153130,bond,0.701369
dedup17,8,132030,commodity,0.701369
dedup17,8,261220,commodity,0.701369
dedup17,8,261240,fx,0.701369
