base,dropped,pc1,pc2,d_pc1,scope
all20,(none),0.457206,0.0737328,0,
all20,069500,0.435717,0.0773179,-0.0214888,domestic_equity
all20,102110,0.435832,0.0773213,-0.0213734,domestic_equity
all20,229200,0.448468,0.0776105,-0.00873817,domestic_equity
all20,122630,0.43568,0.0773053,-0.0215253,domestic_equity
all20,114800,0.436297,0.0773073,-0.0209084,domestic_equity
all20,091230,0.446071,0.0776115,-0.0111343,domestic_equity
all20,091170,0.460495,0.0776134,0.00328926,domestic_equity
all20,091180,0.454713,0.0775407,-0.00249276,domestic_equity
all20,305540,0.457498,0.0776124,0.000292658,domestic_equity
all20,143860,0.461024,0.0775935,0.00381809,domestic_equity
all20,117680,0.455475,0.0775797,-0.00173038,domestic_equity
all20,161510,0.452365,0.0776097,-0.00484084,domestic_equity
all20,219480,0.457738,0.0743322,0.000531981,foreign_equity
all20,133690,0.466824,0.0733046,0.00961826,foreign_equity
all20,192090,0.475939,0.0732783,0.0187334,foreign_equity
all20,148070,0.480065,0.0734763,0.022859,bond
all20,153130,0.481164,0.0769597,0.023958,bond
all20,132030,0.476455,0.0753383,0.0192491,commodity
all20,261220,0.480452,0.073869,0.0232466,commodity
all20,261240,0.466611,0.075597,0.00940485,fx
all20,scaler:spearman_rank,0.430103,0.077794,-0.027103,
all20,scaler:cov_unscaled,0.565031,0.128734,0.107826,
dedup17,(none),0.392664,0.0860236,0,
dedup17,069500,0.371918,0.0912804,-0.0207453,domestic_equity
dedup17,229200,0.37673,0.0913933,-0.0159337,domestic_equity
dedup17,091230,0.381516,0.0913399,-0.0111472,domestic_equity
dedup17,091170,0.390978,0.0912685,-0.00168576,domestic_equity
dedup17,091180,0.386494,0.0912074,-0.00617008,domestic_equity
dedup17,305540,0.387309,0.0913218,-0.00535478,domestic_equity
dedup17,143860,0.390985,0.0912337,-0.00167873,domestic_equity
dedup17,117680,0.384575,0.0910525,-0.00808835,domestic_equity
dedup17,161510,0.381844,0.0912272,-0.0108201,domestic_equity
dedup17,219480,0.386509,0.08821,-0.00615508,foreign_equity
dedup17,133690,0.399167,0.0863216,0.00650371,foreign_equity
dedup17,192090,0.410616,0.0860777,0.017952,foreign_equity
dedup17,148070,0.415773,0.0867176,0.0231097,bond
dedup17,153130,0.417092,0.090638,0.024428,bond
dedup17,132030,0.41137,0.0877324,0.018706,commodity
dedup17,261220,0.415739,0.0877189,0.0230757,commodity
dedup17,261240,0.399197,0.0872491,0.00653351,fx
dedup17,scaler:spearman_rank,0.355528,0.0914733,-0.0371356,
dedup17,scaler:cov_unscaled,0.456851,0.171687,0.0641876,
