group,window,estimator,mean,p99_abs_daily_change,max_abs_daily_change,spearman_vs_vol20,jump_2020-03-19,jump_2024-08-05,jump_2025-04-07,jump_2026-03-04,mean_2020,mean_2023,mean_2024,mean_2025,mean_2026
domeq9,60,pearson,0.513668,0.0603671,0.23066,0.560908,0.0558178,0.23066,0.105177,0.203088,0.640955,0.399511,0.476555,0.491841,0.618094
dedup17,60,pearson,0.205385,0.0322759,0.10057,0.668964,0.0124638,0.10057,0.0931569,0.0690605,0.262328,0.170672,0.186644,0.190218,0.274188
domeq9,60,spearman,0.47582,0.0316557,0.0380635,0.481817,0.0185277,0.0202611,0.0246948,0.0346247,0.576345,0.397518,0.414461,0.439239,0.543757
dedup17,60,spearman,0.189731,0.0191769,0.0271315,0.632405,0.0110158,0.0155301,0.014575,0.0166376,0.237728,0.171216,0.16859,0.1641,0.237125
domeq9,60,pearson_ex_top2,0.448952,0.0522082,0.073011,0.474771,0.0152603,-0.00187787,0.0369263,0.0345025,0.565831,0.346333,0.380274,0.394565,0.534469
dedup17,60,pearson_ex_top2,0.175494,0.0258804,0.0542308,0.557427,0.00564119,0.00715627,0.00611428,0.00584182,0.223932,0.146477,0.149592,0.135284,0.231968
domeq9,120,pearson,0.522617,0.0368744,0.153004,0.597871,0.0649579,0.135666,0.0484007,0.153004,0.668279,0.416505,0.489103,0.497578,0.615141
dedup17,120,pearson,0.209537,0.0199654,0.0603165,0.693796,0.0169886,0.0603165,0.050289,0.0478042,0.272683,0.183519,0.194994,0.200852,0.252323
domeq9,120,spearman,0.478229,0.0151344,0.0201479,0.424306,0.0142269,0.0137575,0.0157166,0.0120104,0.589603,0.413378,0.422236,0.438014,0.525598
dedup17,120,spearman,0.190645,0.00951299,0.0154004,0.55993,0.00726076,0.00609545,0.00771581,0.00785701,0.23643,0.182714,0.173967,0.166284,0.214748
domeq9,120,pearson_ex_top2,0.47408,0.0285092,0.0508087,0.460629,0.021202,0.0089432,0.0130382,0.0185135,0.617438,0.381081,0.402704,0.42748,0.542729
dedup17,120,pearson_ex_top2,0.186449,0.0152098,0.0395352,0.518501,0.0106667,0.00245202,0.00188851,0.00416585,0.248839,0.166756,0.165476,0.147963,0.222922
domeq9,250,pearson,0.532321,0.0182493,0.0929119,0.72042,0.0489587,0.0729907,0.0224382,0.0929119,0.678233,0.488659,0.45201,0.500068,0.589822
dedup17,250,pearson,0.216296,0.0116304,0.0365268,0.738845,0.0149255,0.0365268,0.0200253,0.0276468,0.27083,0.215188,0.17937,0.202127,0.236708
domeq9,250,spearman,0.478365,0.00748924,0.0106502,0.499891,0.0068018,0.0106502,0.00920924,0.00789291,0.576509,0.479444,0.409731,0.431249,0.481906
dedup17,250,spearman,0.191993,0.00507558,0.00699947,0.463113,0.00357349,0.00410191,0.00440344,0.00404473,0.218874,0.208717,0.168987,0.166323,0.190341
domeq9,250,pearson_ex_top2,0.494568,0.0152455,0.0406137,0.591225,0.0121238,0.0263666,0.0126896,0.0107,0.641126,0.472264,0.396568,0.439691,0.525585
dedup17,250,pearson_ex_top2,0.19805,0.010925,0.0254481,0.515506,0.00924126,0.0107238,0.00687351,0.00194685,0.253806,0.202708,0.163905,0.163387,0.211182
