,pearson,spearman,n
069500~102110,0.998993,0.997815,1902
143860~229200,0.787731,0.756148,1902
143860~069500,0.508368,0.480699,1902
161510~091170,0.861865,0.82964,1902
161510~069500,0.654668,0.602815,1902
114800~069500,-0.995622,-0.996083,1902
261240~069500,-0.457709,-0.519285,1900
305540~117680,0.619077,0.546326,1902
305540~091230,0.511994,0.459577,1902
261220~069500_2019_25,0.287466,0.235923,1718
261220~069500_2026,-0.362584,-0.379453,184
261220~219480_2019_25,0.328371,0.251697,1718
261220~219480_2026,-0.61152,-0.499183,184
069500-102110_diff_sd_bp,8.04643,,
beta_122630_on_069500,1.986,,
beta_114800_on_069500,-1.01636,,
305540~117680_2019_21,0.538452,,
305540~091230_2019_21,0.658288,,
305540~117680_2022_25,0.57117,,
305540~091230_2022_25,0.423738,,
305540~117680_2026,0.821934,,
305540~091230_2026,0.542896,,
