,2019,2020,2021,2022,2023,2024,2025,2026
069500,0.132877,0.294,0.171152,0.18963,0.1563,0.208441,0.225351,0.671988
102110,0.132713,0.290536,0.170033,0.188085,0.155437,0.20936,0.226432,0.671832
229200,0.247196,0.353473,0.21395,0.313507,0.316611,0.283343,0.247759,0.62852
122630,0.269304,0.576682,0.342699,0.378916,0.309233,0.408288,0.455509,1.34139
114800,0.136415,0.299624,0.177753,0.192253,0.159049,0.209501,0.2327,0.683988
091230,0.270961,0.383011,0.24969,0.301881,0.271953,0.332839,0.363826,0.802257
091170,0.170758,0.374693,0.217836,0.242666,0.213822,0.299251,0.243394,0.384305
091180,0.184338,0.392532,0.297732,0.228969,0.206169,0.26757,0.261294,0.573008
305540,0.236477,0.475143,0.26863,0.333046,0.470726,0.368577,0.416235,0.629905
143860,0.273046,0.373332,0.267681,0.266935,0.236114,0.29217,0.246463,0.48039
117680,0.169687,0.376423,0.307211,0.269682,0.276934,0.329048,0.325448,0.521211
161510,0.1196,0.327126,0.15974,0.159279,0.130666,0.208645,0.172934,0.334748
219480,0.121608,0.292703,0.131103,0.249993,0.132947,0.13288,0.213677,0.140195
133690,0.14149,0.280754,0.170374,0.269738,0.158763,0.194761,0.241475,0.187638
192090,0.187013,0.238523,0.189315,0.211205,0.151305,0.246147,0.188752,0.191871
148070,0.0384908,0.0484369,0.045481,0.089285,0.0812623,0.0539052,0.0428708,0.0691551
153130,0.0011465,0.00131694,0.00125103,0.00276886,0.0028914,0.00716112,0.00172947,0.00218863
132030,0.12581,0.20961,0.135562,0.151129,0.140992,0.148923,0.190772,0.35324
261220,0.271406,0.843998,0.338674,0.477904,0.332181,0.272723,0.32878,0.679091
261240,0.0619162,0.0940863,0.0636144,0.107687,0.100163,0.0753888,0.0931509,0.109291
