,PC1,PC2,PC3,PC1_dedup,PC2_dedup,PC3_dedup
069500,0.310202,-0.0685365,-0.0990316,0.336804,-0.0388252,0.0389627
102110,0.309848,-0.068307,-0.100189,,,
229200,0.266933,0.00801509,-0.151638,0.320782,-0.0110703,0.19632
122630,0.31031,-0.0698939,-0.099745,,,
114800,-0.308414,0.0703414,0.105028,,,
091230,0.275741,-0.00671495,-0.263249,0.302836,0.0328587,0.204707
091170,0.215362,0.00130652,0.479086,0.263217,-0.0639673,-0.433866
091180,0.241607,-0.039081,0.160846,0.282472,-0.0581946,-0.167373
305540,0.229354,-0.00473497,0.00947276,0.279083,-0.0370816,0.0382152
143860,0.212548,-0.0227172,-0.0822509,0.26273,-0.0586362,0.161346
117680,0.238411,-0.0295894,0.277023,0.290574,-0.0812815,-0.233279
161510,0.251797,-0.0115053,0.447633,0.302127,-0.0687065,-0.419584
219480,0.228625,0.312261,-0.105855,0.283314,0.270654,0.201633
133690,0.181016,0.445693,-0.33153,0.221085,0.441244,0.368461
192090,0.110882,0.367051,-0.114339,0.135192,0.369071,0.087842
148070,0.0529827,-0.445764,-0.249278,0.063528,-0.460618,0.396565
153130,0.0156833,-0.161592,-0.0833931,0.0178857,-0.162732,0.123498
132030,0.105443,-0.286334,0.0638719,0.127357,-0.323394,0.0553644
261220,0.0436448,0.424275,0.321917,0.0642313,0.373342,-0.289934
261240,-0.181348,0.244803,-0.128526,-0.219378,0.294769,0.00641777
