Date,beta60_122630,beta60_114800
2019-01-03,,
2019-01-04,,
2019-01-07,,
2019-01-08,,
2019-01-09,,
2019-01-10,,
2019-01-11,,
2019-01-14,,
2019-01-15,,
2019-01-16,,
2019-01-17,,
2019-01-18,,
2019-01-21,,
2019-01-22,,
2019-01-23,,
2019-01-24,,
2019-01-25,,
2019-01-28,,
2019-01-29,,
2019-01-30,,
2019-01-31,,
2019-02-01,,
2019-02-07,,
2019-02-08,,
2019-02-11,,
2019-02-12,,
2019-02-13,,
2019-02-14,,
2019-02-15,,
2019-02-18,,
2019-02-19,,
2019-02-20,,
2019-02-21,,
2019-02-22,,
2019-02-25,,
2019-02-26,,
2019-02-27,,
2019-02-28,,
2019-03-04,,
2019-03-05,,
2019-03-06,,
2019-03-07,,
2019-03-08,,
2019-03-11,,
2019-03-12,,
2019-03-13,,
2019-03-14,,
2019-03-15,,
2019-03-18,,
2019-03-19,2.0334,-1.02958
2019-03-20,2.03344,-1.02961
2019-03-21,2.03267,-1.03044
2019-03-22,2.03272,-1.03042
2019-03-25,2.03937,-1.03591
2019-03-26,2.0394,-1.03591
2019-03-27,2.03889,-1.03525
2019-03-28,2.04198,-1.03874
2019-03-29,2.03865,-1.03845
2019-04-01,2.04726,-1.04183
2019-04-02,2.04724,-1.04131
2019-04-03,2.04601,-1.04002
2019-04-04,2.04414,-1.03748
2019-04-05,2.04305,-1.03838
2019-04-08,2.03917,-1.03944
2019-04-09,2.04407,-1.04452
2019-04-10,2.04365,-1.0441
2019-04-11,2.04031,-1.0437
2019-04-12,2.03697,-1.04231
2019-04-15,2.04538,-1.03906
2019-04-16,2.04622,-1.03917
2019-04-17,2.04622,-1.03889
2019-04-18,2.04449,-1.03332
2019-04-19,2.04445,-1.03319
2019-04-22,2.04399,-1.0337
2019-04-23,2.04561,-1.03303
2019-04-24,2.04504,-1.03771
2019-04-25,2.03814,-1.02971
2019-04-26,2.03812,-1.02876
2019-04-29,2.02966,-1.02527
2019-04-30,2.02712,-1.02551
2019-05-02,2.02671,-1.02443
2019-05-03,2.02397,-1.02331
2019-05-07,2.02536,-1.02468
2019-05-08,2.03012,-1.02573
2019-05-09,2.01936,-1.02033
2019-05-10,2.01432,-1.01953
2019-05-13,2.0173,-1.02043
2019-05-14,2.02027,-1.02231
2019-05-15,2.0225,-1.02394
2019-05-16,2.01675,-1.0187
2019-05-17,2.01663,-1.01984
2019-05-20,2.01332,-1.02057
2019-05-21,2.01486,-1.02037
2019-05-22,2.0133,-1.0202
2019-05-23,2.01358,-1.02065
2019-05-24,2.01172,-1.01919
2019-05-27,2.01003,-1.01892
2019-05-28,2.00977,-1.01901
2019-05-29,2.01453,-1.01873
2019-05-30,2.01404,-1.01662
2019-05-31,2.01452,-1.01683
2019-06-03,2.0196,-1.02299
2019-06-04,2.02134,-1.02345
2019-06-05,2.02144,-1.02334
2019-06-07,2.02048,-1.02382
2019-06-10,2.01544,-1.02692
2019-06-11,2.01357,-1.02616
2019-06-12,2.01836,-1.02927
2019-06-13,2.01583,-1.02689
2019-06-14,2.01597,-1.02695
2019-06-17,2.01601,-1.02696
2019-06-18,2.01612,-1.02613
2019-06-19,2.02045,-1.02666
2019-06-20,2.01283,-1.02087
2019-06-21,2.01293,-1.02144
2019-06-24,2.01275,-1.02174
2019-06-25,2.00975,-1.01887
2019-06-26,2.01391,-1.01938
2019-06-27,1.99991,-1.01261
2019-06-28,1.99922,-1.01286
2019-07-01,1.99727,-1.00624
2019-07-02,1.99836,-1.00611
2019-07-03,2.00064,-1.00821
2019-07-04,2.00007,-1.00833
2019-07-05,1.99917,-1.00783
2019-07-08,2.0053,-1.01206
2019-07-09,2.00559,-1.01202
2019-07-10,2.00731,-1.01295
2019-07-11,2.00803,-1.01322
2019-07-12,2.0065,-1.01407
2019-07-15,2.00643,-1.01393
2019-07-16,2.00695,-1.01588
2019-07-17,2.01135,-1.01627
2019-07-18,2.0116,-1.01667
2019-07-19,2.01502,-1.0195
2019-07-22,2.01541,-1.01745
2019-07-23,2.01605,-1.01791
2019-07-24,2.01646,-1.02042
2019-07-25,2.0221,-1.02513
2019-07-26,2.02178,-1.02597
2019-07-29,2.0296,-1.02998
2019-07-30,2.03263,-1.03122
2019-07-31,2.02636,-1.02589
2019-08-01,2.0266,-1.02682
2019-08-02,2.03433,-1.03483
2019-08-05,2.03112,-1.02654
2019-08-06,2.02915,-1.02544
2019-08-07,2.03072,-1.02532
2019-08-08,2.03366,-1.0257
2019-08-09,2.03831,-1.02986
2019-08-12,2.03775,-1.02856
2019-08-13,2.0364,-1.02707
2019-08-14,2.03588,-1.02745
2019-08-16,2.03842,-1.02788
2019-08-19,2.04065,-1.02807
2019-08-20,2.04305,-1.02875
2019-08-21,2.04277,-1.02941
2019-08-22,2.04184,-1.0292
2019-08-23,2.03791,-1.03043
2019-08-26,2.0341,-1.02776
2019-08-27,2.03329,-1.02714
2019-08-28,2.02586,-1.01963
2019-08-29,2.02528,-1.01874
2019-08-30,2.0328,-1.02505
2019-09-02,2.03126,-1.02414
2019-09-03,2.03544,-1.02036
2019-09-04,2.02867,-1.01938
2019-09-05,2.03091,-1.01746
2019-09-06,2.03298,-1.01992
2019-09-09,2.02966,-1.02055
2019-09-10,2.03135,-1.02048
2019-09-11,2.03053,-1.02223
2019-09-16,2.02705,-1.02084
2019-09-17,2.02742,-1.02075
2019-09-18,2.0278,-1.01952
2019-09-19,2.02694,-1.01885
2019-09-20,2.02543,-1.01791
2019-09-23,2.0251,-1.01787
2019-09-24,2.02947,-1.01872
2019-09-25,2.02492,-1.01617
2019-09-26,2.02455,-1.01601
2019-09-27,2.02108,-1.01455
2019-09-30,2.01509,-1.01145
2019-10-01,2.01752,-1.0113
2019-10-02,2.0225,-1.0109
2019-10-04,2.01884,-1.00594
2019-10-07,2.01825,-1.0048
2019-10-08,2.008,-1.00422
2019-10-10,2.00606,-1.00521
2019-10-11,2.00605,-1.00534
2019-10-14,2.00714,-1.00636
2019-10-15,2.00551,-1.00564
2019-10-16,2.00136,-1.00508
2019-10-17,2.00163,-1.00508
2019-10-18,1.9959,-1.00012
2019-10-21,1.99482,-0.999366
2019-10-22,1.99715,-1.00292
2019-10-23,1.99609,-1.00085
2019-10-24,1.99653,-1.00072
2019-10-25,1.99602,-1.0003
2019-10-28,1.98566,-0.995478
2019-10-29,1.98446,-0.995173
2019-10-30,1.99029,-0.999768
2019-10-31,1.98835,-0.99836
2019-11-01,1.99397,-0.998449
2019-11-04,1.99985,-1.00726
2019-11-05,1.99792,-1.00631
2019-11-06,1.99506,-1.00624
2019-11-07,1.99386,-1.00595
2019-11-08,1.99412,-1.00733
2019-11-11,1.99788,-1.00664
2019-11-12,2.00451,-1.00931
2019-11-13,2.00684,-1.01115
2019-11-14,2.00195,-1.00926
2019-11-15,2.00166,-1.01158
2019-11-18,2.00025,-1.01355
2019-11-19,1.9995,-1.01233
2019-11-20,1.99474,-1.00827
2019-11-21,2.00287,-1.01061
2019-11-22,2.00473,-1.01392
2019-11-25,2.0032,-1.01199
2019-11-26,2.00483,-1.01272
2019-11-27,2.00589,-1.01403
2019-11-28,1.99645,-1.00709
2019-11-29,2.00177,-1.00508
2019-12-02,2.00429,-1.00644
2019-12-03,2.01096,-1.00783
2019-12-04,2.01136,-1.00858
2019-12-05,2.01017,-1.00822
2019-12-06,2.00709,-1.00308
2019-12-09,2.00642,-1.00372
2019-12-10,2.00783,-1.00194
2019-12-11,2.00725,-1.00241
2019-12-12,1.99679,-0.999252
2019-12-13,2.00635,-1.00902
2019-12-16,2.00738,-1.00918
2019-12-17,2.00829,-1.00795
2019-12-18,2.00849,-1.00833
2019-12-19,2.00743,-1.00932
2019-12-20,2.01228,-1.0122
2019-12-23,2.01267,-1.01221
2019-12-24,2.01663,-1.0162
2019-12-26,2.02053,-1.01692
2019-12-27,2.02506,-1.02207
2019-12-30,2.01593,-1.02378
2020-01-02,2.02945,-1.02862
2020-01-03,2.02888,-1.02894
2020-01-06,2.04129,-1.02875
2020-01-07,2.042,-1.02929
2020-01-08,2.03892,-1.03028
2020-01-09,2.02875,-1.03027
2020-01-10,2.03053,-1.03202
2020-01-13,2.03214,-1.03159
2020-01-14,2.0315,-1.03003
2020-01-15,2.03527,-1.03184
2020-01-16,2.04029,-1.03413
2020-01-17,2.03885,-1.03148
2020-01-20,2.03906,-1.02911
2020-01-21,2.04288,-1.03102
2020-01-22,2.04287,-1.03405
2020-01-23,2.03523,-1.03212
2020-01-28,2.01419,-1.02757
2020-01-29,2.01211,-1.02729
2020-01-30,2.01683,-1.03069
2020-01-31,2.01676,-1.02745
2020-02-03,2.01284,-1.0249
2020-02-04,2.01895,-1.03128
2020-02-05,2.01784,-1.03029
2020-02-06,2.01509,-1.04081
2020-02-07,2.0166,-1.04151
2020-02-10,2.01556,-1.04222
2020-02-11,2.01406,-1.04215
2020-02-12,2.01373,-1.04096
2020-02-13,2.01557,-1.04217
2020-02-14,2.0151,-1.0422
2020-02-17,2.01482,-1.0416
2020-02-18,2.01914,-1.04519
2020-02-19,2.02287,-1.04841
2020-02-20,2.0184,-1.04688
2020-02-21,2.02314,-1.05013
2020-02-24,2.01268,-1.03586
2020-02-25,2.00963,-1.03577
2020-02-26,2.00535,-1.03447
2020-02-27,2.00924,-1.03514
2020-02-28,2.00121,-1.03097
2020-03-02,1.99898,-1.03218
2020-03-03,1.99731,-1.03165
2020-03-04,1.99831,-1.03294
2020-03-05,1.99916,-1.03289
2020-03-06,2.00155,-1.03526
2020-03-09,1.97063,-1.03127
2020-03-10,1.96743,-1.03261
2020-03-11,1.97229,-1.03049
2020-03-12,2.01676,-1.03572
2020-03-13,2.00061,-1.02213
2020-03-16,2.01366,-1.02714
2020-03-17,2.00156,-1.02301
2020-03-18,2.01586,-1.02667
2020-03-19,2.02136,-0.996582
2020-03-20,1.96978,-1.01613
2020-03-23,1.97687,-1.00601
2020-03-24,1.95986,-1.03038
2020-03-25,1.93792,-1.01938
2020-03-26,1.93467,-1.01623
2020-03-27,1.93493,-1.01476
2020-03-30,1.93398,-1.0144
2020-03-31,1.93338,-1.01417
2020-04-01,1.93215,-1.01257
2020-04-02,1.93063,-1.01177
2020-04-03,1.93086,-1.0117
2020-04-06,1.93479,-1.01441
2020-04-07,1.93663,-1.01461
2020-04-08,1.93572,-1.0153
2020-04-09,1.93558,-1.01529
2020-04-10,1.93559,-1.01469
2020-04-13,1.93458,-1.01511
2020-04-14,1.93657,-1.01594
2020-04-16,1.93627,-1.01629
2020-04-17,1.9391,-1.01686
2020-04-20,1.93792,-1.01692
2020-04-21,1.93852,-1.01697
2020-04-22,1.94019,-1.01633
2020-04-23,1.94046,-1.01609
2020-04-24,1.94039,-1.01546
2020-04-27,1.9419,-1.01569
2020-04-28,1.94217,-1.01552
2020-04-29,1.94103,-1.01518
2020-05-04,1.94052,-1.01642
2020-05-06,1.93831,-1.01513
2020-05-07,1.93825,-1.01489
2020-05-08,1.93867,-1.01463
2020-05-11,1.93805,-1.01486
2020-05-12,1.93736,-1.0151
2020-05-13,1.93757,-1.01467
2020-05-14,1.9374,-1.01483
2020-05-15,1.93774,-1.01487
2020-05-18,1.93788,-1.01415
2020-05-19,1.9384,-1.01369
2020-05-20,1.93862,-1.01362
2020-05-21,1.93805,-1.0126
2020-05-22,1.9377,-1.0135
2020-05-25,1.93843,-1.01406
2020-05-26,1.93968,-1.01326
2020-05-27,1.9392,-1.01293
2020-05-28,1.93948,-1.01284
2020-05-29,1.93937,-1.01276
2020-06-01,1.9397,-1.01205
2020-06-02,1.93888,-1.01196
2020-06-03,1.93873,-1.01125
2020-06-04,1.93848,-1.01064
2020-06-05,1.94529,-1.00937
2020-06-08,1.9456,-1.00935
2020-06-09,1.94419,-1.00907
2020-06-10,1.93,-1.0069
2020-06-11,1.93529,-1.01029
2020-06-12,1.92724,-1.00663
2020-06-15,1.93782,-1.00683
2020-06-16,1.92415,-1.00343
2020-06-17,1.9056,-1.01765
2020-06-18,1.92565,-1.0084
2020-06-19,1.90971,-1.01967
2020-06-22,1.91588,-0.985219
2020-06-23,1.9528,-0.99906
2020-06-24,1.95698,-1.00816
2020-06-25,1.96548,-1.01233
2020-06-26,1.96816,-1.01331
2020-06-29,1.97016,-1.01508
2020-06-30,1.97461,-1.02098
2020-07-01,1.98073,-1.02249
2020-07-02,1.98119,-1.02236
2020-07-03,1.97866,-1.01607
2020-07-06,1.9764,-1.01575
2020-07-07,1.97622,-1.01568
2020-07-08,1.97726,-1.01592
2020-07-09,1.9779,-1.01667
2020-07-10,1.97806,-1.01711
2020-07-13,1.97575,-1.01541
2020-07-14,1.97534,-1.01512
2020-07-15,1.97073,-1.01153
2020-07-16,1.97097,-1.01219
2020-07-17,1.96926,-1.01223
2020-07-20,1.96885,-1.01255
2020-07-21,1.96952,-1.01257
2020-07-22,1.96693,-1.01317
2020-07-23,1.96527,-1.01226
2020-07-24,1.96503,-1.01285
2020-07-27,1.96495,-1.01303
2020-07-28,1.96546,-1.01003
2020-07-29,1.96871,-1.00957
2020-07-30,1.97002,-1.00994
2020-07-31,1.96888,-1.01004
2020-08-03,1.96804,-1.00947
2020-08-04,1.96811,-1.01018
2020-08-05,1.96931,-1.01084
2020-08-06,1.96813,-1.00969
2020-08-07,1.96845,-1.00983
2020-08-10,1.96704,-1.00932
2020-08-11,1.96969,-1.00963
2020-08-12,1.9696,-1.00945
2020-08-13,1.96946,-1.00951
2020-08-14,1.97182,-1.00899
2020-08-18,1.9711,-1.00828
2020-08-19,1.97102,-1.00929
2020-08-20,1.97639,-1.00918
2020-08-21,1.97541,-1.01034
2020-08-24,1.97598,-1.01044
2020-08-25,1.97791,-1.0122
2020-08-26,1.9774,-1.01213
2020-08-27,1.98185,-1.01339
2020-08-28,1.9815,-1.01335
2020-08-31,1.9778,-1.01397
2020-09-01,1.97726,-1.01368
2020-09-02,1.97702,-1.01365
2020-09-03,1.9778,-1.01363
2020-09-04,1.97258,-1.01337
2020-09-07,1.97584,-1.01632
2020-09-08,1.96027,-1.02794
2020-09-09,1.99018,-1.02822
2020-09-10,1.99214,-1.02995
2020-09-11,1.9928,-1.02967
2020-09-14,1.99538,-1.03123
2020-09-15,2.00124,-1.03357
2020-09-16,2.00176,-1.03364
2020-09-17,2.0002,-1.03121
2020-09-18,1.98745,-1.02861
2020-09-21,1.98967,-1.02926
2020-09-22,1.99392,-1.02827
2020-09-23,1.99388,-1.02805
2020-09-24,1.99012,-1.02369
2020-09-25,1.99176,-1.02466
2020-09-28,1.98983,-1.02535
2020-09-29,1.98237,-1.02077
2020-10-05,1.98716,-1.02061
2020-10-06,1.98769,-1.02085
2020-10-07,1.98839,-1.01977
2020-10-08,1.98559,-1.01691
2020-10-12,1.98503,-1.01508
2020-10-13,1.98562,-1.01532
2020-10-14,1.98728,-1.016
2020-10-15,1.98923,-1.01375
2020-10-16,1.98959,-1.01321
2020-10-19,1.98964,-1.01311
2020-10-20,1.99022,-1.01456
2020-10-21,1.99047,-1.01426
2020-10-22,1.99095,-1.01316
2020-10-23,1.99135,-1.01242
2020-10-26,1.99204,-1.01123
2020-10-27,1.99127,-1.01187
2020-10-28,1.99038,-1.01187
2020-10-29,1.99131,-1.01281
2020-10-30,1.9878,-1.01022
2020-11-02,1.98266,-1.00964
2020-11-03,1.98482,-1.00936
2020-11-04,1.98351,-1.00894
2020-11-05,1.98383,-1.01069
2020-11-06,1.98383,-1.01056
2020-11-09,1.98685,-1.00947
2020-11-10,1.98385,-1.0092
2020-11-11,1.98542,-1.01014
2020-11-12,1.98529,-1.00975
2020-11-13,1.98344,-1.01004
2020-11-16,1.98619,-1.01001
2020-11-17,1.9861,-1.00998
2020-11-18,1.97869,-1.01079
2020-11-19,1.98122,-1.0081
2020-11-20,1.9812,-1.00877
2020-11-23,1.97682,-1.01226
2020-11-24,1.97848,-1.01196
2020-11-25,1.979,-1.01452
2020-11-26,1.9798,-1.01597
2020-11-27,1.98514,-1.01652
2020-11-30,1.98034,-1.01934
2020-12-01,1.97425,-1.0201
2020-12-02,1.97113,-1.02003
2020-12-03,1.96914,-1.02122
2020-12-04,1.97167,-1.01917
2020-12-07,1.97036,-1.01915
2020-12-08,1.9746,-1.02145
2020-12-09,1.96722,-1.01943
2020-12-10,1.96185,-1.01842
2020-12-11,1.95893,-1.01753
2020-12-14,1.95782,-1.01895
2020-12-15,1.95726,-1.01892
2020-12-16,1.95447,-1.01916
2020-12-17,1.95434,-1.01917
2020-12-18,1.95311,-1.01811
2020-12-21,1.94542,-1.01545
2020-12-22,1.94059,-1.01474
2020-12-23,1.93823,-1.02138
2020-12-24,1.93374,-1.02349
2020-12-28,1.93289,-1.02105
2020-12-29,1.93039,-1.02105
2020-12-30,1.94417,-1.02943
2021-01-04,1.95034,-1.0278
2021-01-05,1.95008,-1.02543
2021-01-06,1.95379,-1.02346
2021-01-07,1.95955,-1.02254
2021-01-08,1.96897,-1.02787
2021-01-11,1.96793,-1.02748
2021-01-12,1.97497,-1.02884
2021-01-13,1.97455,-1.02829
2021-01-14,1.97502,-1.02756
2021-01-15,1.97124,-1.02823
2021-01-18,1.98092,-1.02118
2021-01-19,1.98242,-1.02119
2021-01-20,1.9824,-1.02107
2021-01-21,1.98149,-1.02039
2021-01-22,1.98489,-1.02035
2021-01-25,1.98405,-1.02144
2021-01-26,1.98289,-1.0228
2021-01-27,1.98806,-1.02653
2021-01-28,1.99069,-1.02711
2021-01-29,1.99731,-1.03109
2021-02-01,1.99573,-1.03209
2021-02-02,1.99452,-1.03322
2021-02-03,1.99505,-1.03354
2021-02-04,1.99642,-1.03548
2021-02-05,1.996,-1.03526
2021-02-08,1.9945,-1.03396
2021-02-09,1.99468,-1.03562
2021-02-10,1.99492,-1.03602
2021-02-15,1.99464,-1.03631
2021-02-16,1.99456,-1.03604
2021-02-17,1.99541,-1.03664
2021-02-18,1.99569,-1.03727
2021-02-19,1.99548,-1.03719
2021-02-22,1.99628,-1.0366
2021-02-23,1.99586,-1.03634
2021-02-24,1.99467,-1.03317
2021-02-25,1.99022,-1.03464
2021-02-26,1.98698,-1.03529
2021-03-02,1.98956,-1.03544
2021-03-03,1.99275,-1.03522
2021-03-04,1.99286,-1.03624
2021-03-05,1.9928,-1.03606
2021-03-08,1.99115,-1.03679
2021-03-09,1.99172,-1.03679
2021-03-10,1.99198,-1.03673
2021-03-11,1.99827,-1.03987
2021-03-12,2.00048,-1.03989
2021-03-15,2.00116,-1.04028
2021-03-16,2.00199,-1.04009
2021-03-17,2.00039,-1.03973
2021-03-18,2.00021,-1.03969
2021-03-19,2.00022,-1.04004
2021-03-22,2.00019,-1.04007
2021-03-23,1.99969,-1.04128
2021-03-24,2.0029,-1.04152
2021-03-25,2.00414,-1.04128
2021-03-26,2.00829,-1.04104
2021-03-29,2.00779,-1.04197
2021-03-30,2.01231,-1.0453
2021-03-31,2.00343,-1.04082
2021-04-01,2.00156,-1.04231
2021-04-02,2.0022,-1.04478
2021-04-05,2.00148,-1.04604
2021-04-06,1.9985,-1.0478
2021-04-07,1.99387,-1.0473
2021-04-08,1.99338,-1.0474
2021-04-09,1.99056,-1.04764
2021-04-12,1.9899,-1.04806
2021-04-13,1.99031,-1.04782
2021-04-14,1.99483,-1.04659
2021-04-15,1.98785,-1.05385
2021-04-16,1.98457,-1.05659
2021-04-19,1.98477,-1.05649
2021-04-20,1.98348,-1.05841
2021-04-21,1.9831,-1.05799
2021-04-22,1.9839,-1.05859
2021-04-23,1.98463,-1.05954
2021-04-26,1.98277,-1.05874
2021-04-27,1.98253,-1.05996
2021-04-28,1.97278,-1.05837
2021-04-29,1.97521,-1.05903
2021-04-30,1.97809,-1.05789
2021-05-03,1.97396,-1.05638
2021-05-04,1.96908,-1.05416
2021-05-06,1.96926,-1.05446
2021-05-07,1.97139,-1.05895
2021-05-10,1.97174,-1.05359
2021-05-11,1.97202,-1.0523
2021-05-12,1.97188,-1.045
2021-05-13,1.9719,-1.04497
2021-05-14,1.97156,-1.043
2021-05-17,1.97117,-1.04152
2021-05-18,1.97262,-1.04266
2021-05-20,1.97383,-1.04196
2021-05-21,1.97361,-1.0421
2021-05-24,1.97431,-1.04544
2021-05-25,1.98565,-1.04093
2021-05-26,1.99445,-1.0394
2021-05-27,1.99773,-1.03372
2021-05-28,1.99597,-1.03599
2021-05-31,1.99661,-1.03201
2021-06-01,1.99791,-1.03328
2021-06-02,1.99989,-1.03575
2021-06-03,1.998,-1.03802
2021-06-04,1.9992,-1.04151
2021-06-07,1.99318,-1.03429
2021-06-08,1.99532,-1.03465
2021-06-09,1.98902,-1.03334
2021-06-10,1.98786,-1.03325
2021-06-11,1.99176,-1.03506
2021-06-14,1.99298,-1.03547
2021-06-15,1.99226,-1.03405
2021-06-16,1.99181,-1.03432
2021-06-17,1.99273,-1.02794
2021-06-18,1.99384,-1.02844
2021-06-21,1.99866,-1.02233
2021-06-22,1.99807,-1.02004
2021-06-23,1.99917,-1.01998
2021-06-24,1.99879,-1.01143
2021-06-25,1.99936,-1.01041
2021-06-28,1.99985,-1.01153
2021-06-29,1.99763,-1.01103
2021-06-30,1.99697,-1.0112
2021-07-01,1.99935,-1.01607
2021-07-02,2.00055,-1.01542
2021-07-05,2.00232,-1.01595
2021-07-06,1.99958,-1.01434
2021-07-07,2.00071,-1.01549
2021-07-08,1.99887,-1.01593
2021-07-09,2.00368,-1.02389
2021-07-12,2.00617,-1.02336
2021-07-13,2.00683,-1.02492
2021-07-14,2.00758,-1.02419
2021-07-15,2.0111,-1.02334
2021-07-16,2.01644,-1.02435
2021-07-19,2.01432,-1.0209
2021-07-20,2.01338,-1.02048
2021-07-21,2.01934,-1.02339
2021-07-22,2.01611,-1.02469
2021-07-23,2.01408,-1.02149
2021-07-26,2.0074,-1.01986
2021-07-27,2.00418,-1.01785
2021-07-28,2.00939,-1.01882
2021-07-29,2.01236,-1.02131
2021-07-30,2.01183,-1.02635
2021-08-02,2.01161,-1.02385
2021-08-03,2.01249,-1.02714
2021-08-04,2.01416,-1.02568
2021-08-05,2.0134,-1.04201
2021-08-06,2.01349,-1.04489
2021-08-09,2.00824,-1.04598
2021-08-10,2.00875,-1.047
2021-08-11,2.0015,-1.04918
2021-08-12,2.00246,-1.04793
2021-08-13,1.9865,-1.03539
2021-08-17,1.98823,-1.03964
2021-08-18,1.98929,-1.04444
2021-08-19,1.99619,-1.04079
2021-08-20,2.00014,-1.04068
2021-08-23,2.00379,-1.04337
2021-08-24,2.00049,-1.03431
2021-08-25,2.00086,-1.0337
2021-08-26,2.00174,-1.03381
2021-08-27,2.0024,-1.03115
2021-08-30,2.00064,-1.02872
2021-08-31,1.99547,-1.03034
2021-09-01,1.99587,-1.03103
2021-09-02,1.99858,-1.03239
2021-09-03,1.99846,-1.03148
2021-09-06,1.9989,-1.03111
2021-09-07,1.99817,-1.03168
2021-09-08,1.99739,-1.03172
2021-09-09,1.99552,-1.01929
2021-09-10,1.99607,-1.01837
2021-09-13,1.99607,-1.02017
2021-09-14,1.99475,-1.0234
2021-09-15,1.99319,-1.02397
2021-09-16,1.99309,-1.02453
2021-09-17,1.99337,-1.02794
2021-09-23,1.99298,-1.02781
2021-09-24,1.99302,-1.02781
2021-09-27,1.99229,-1.02668
2021-09-28,1.99212,-1.02432
2021-09-29,1.98614,-1.02257
2021-09-30,1.98579,-1.0233
2021-10-01,1.99214,-1.02484
2021-10-05,1.99426,-1.02104
2021-10-06,1.99333,-1.02006
2021-10-07,1.98853,-1.0146
2021-10-08,1.98538,-1.01239
2021-10-12,1.98677,-1.01059
2021-10-13,1.98838,-1.0102
2021-10-14,1.98784,-1.0087
2021-10-15,1.98727,-1.01011
2021-10-18,1.98678,-1.0097
2021-10-19,1.98764,-1.01303
2021-10-20,1.98772,-1.01416
2021-10-21,1.98677,-1.01311
2021-10-22,1.98766,-1.01229
2021-10-25,1.98698,-1.0098
2021-10-26,1.99229,-1.01112
2021-10-27,1.99356,-1.01338
2021-10-28,1.99447,-1.01439
2021-10-29,1.99303,-1.01601
2021-11-01,1.99279,-1.0147
2021-11-02,1.98986,-1.01281
2021-11-03,1.99421,-1.018
2021-11-04,1.99691,-1.0187
2021-11-05,1.99711,-1.01846
2021-11-08,1.99758,-1.01809
2021-11-09,1.99769,-1.01815
2021-11-10,1.9961,-1.01644
2021-11-11,1.99824,-1.01407
2021-11-12,1.99807,-1.01419
2021-11-15,2.00337,-1.01917
2021-11-16,2.00267,-1.01684
2021-11-17,1.99995,-1.01726
2021-11-18,1.9966,-1.01654
2021-11-19,1.99325,-1.0141
2021-11-22,1.98767,-1.01123
2021-11-23,1.98844,-1.01436
2021-11-24,1.98764,-1.01408
2021-11-25,1.98708,-1.01529
2021-11-26,1.98809,-1.01737
2021-11-29,1.98989,-1.01594
2021-11-30,1.9956,-1.01945
2021-12-01,1.99376,-1.0259
2021-12-02,1.98988,-1.02344
2021-12-03,1.99155,-1.02467
2021-12-06,1.99165,-1.02411
2021-12-07,1.99269,-1.02388
2021-12-08,1.99244,-1.02285
2021-12-09,1.99579,-1.0316
2021-12-10,1.99604,-1.03407
2021-12-13,1.99614,-1.03431
2021-12-14,1.99696,-1.03606
2021-12-15,1.99671,-1.0361
2021-12-16,1.99733,-1.03459
2021-12-17,1.99716,-1.03337
2021-12-20,2.00095,-1.03826
2021-12-21,2.00322,-1.04048
2021-12-22,2.00257,-1.04047
2021-12-23,2.00445,-1.04294
2021-12-24,2.0091,-1.04112
2021-12-27,2.00866,-1.03987
2021-12-28,2.0012,-1.03457
2021-12-29,1.99954,-1.03865
2021-12-30,2.00044,-1.04018
2022-01-03,2.005,-1.04522
2022-01-04,2.00539,-1.04557
2022-01-05,2.00235,-1.04967
2022-01-06,1.99582,-1.04556
2022-01-07,1.99216,-1.04614
2022-01-10,1.99329,-1.04677
2022-01-11,1.99369,-1.0461
2022-01-12,1.99589,-1.04932
2022-01-13,1.99661,-1.04896
2022-01-14,1.99586,-1.0451
2022-01-17,1.99444,-1.04607
2022-01-18,1.99515,-1.04524
2022-01-19,1.99304,-1.04458
2022-01-20,1.99173,-1.04134
2022-01-21,1.9919,-1.04022
2022-01-24,1.99505,-1.03939
2022-01-25,1.99355,-1.03929
2022-01-26,1.99493,-1.03985
2022-01-27,1.98884,-1.02749
2022-01-28,1.98328,-1.02482
2022-02-03,1.98177,-1.02407
2022-02-04,1.97833,-1.02272
2022-02-07,1.97723,-1.02135
2022-02-08,1.97792,-1.02237
2022-02-09,1.97924,-1.02424
2022-02-10,1.97804,-1.02385
2022-02-11,1.97738,-1.02312
2022-02-14,1.97915,-1.02346
2022-02-15,1.97993,-1.02231
2022-02-16,1.98116,-1.0234
2022-02-17,1.98186,-1.02401
2022-02-18,1.98312,-1.0242
2022-02-21,1.98373,-1.02544
2022-02-22,1.98374,-1.02576
2022-02-23,1.98428,-1.02608
2022-02-24,1.99152,-1.02644
2022-02-25,1.99066,-1.02771
2022-02-28,1.98784,-1.02425
2022-03-02,1.98666,-1.0187
2022-03-03,1.98334,-1.0174
2022-03-04,1.97916,-1.01729
2022-03-07,1.98699,-1.02
2022-03-08,1.98424,-1.01545
2022-03-10,1.98964,-1.02015
2022-03-11,1.9885,-1.01937
2022-03-14,1.98815,-1.01849
2022-03-15,1.9886,-1.01911
2022-03-16,1.98604,-1.01933
2022-03-17,1.98552,-1.0186
2022-03-18,1.98487,-1.01887
2022-03-21,1.98496,-1.02011
2022-03-22,1.98206,-1.01716
2022-03-23,1.97919,-1.01432
2022-03-24,1.97978,-1.01478
2022-03-25,1.97853,-1.0138
2022-03-28,1.97803,-1.015
2022-03-29,1.97738,-1.01486
2022-03-30,1.98001,-1.01887
2022-03-31,1.98054,-1.01913
2022-04-01,1.9794,-1.0193
2022-04-04,1.97965,-1.01988
2022-04-05,1.9797,-1.01983
2022-04-06,1.98049,-1.01916
2022-04-07,1.98568,-1.02131
2022-04-08,1.98831,-1.02197
2022-04-11,1.98702,-1.02127
2022-04-12,1.98666,-1.02127
2022-04-13,1.98266,-1.01746
2022-04-14,1.98176,-1.01706
2022-04-15,1.98029,-1.01911
2022-04-18,1.98065,-1.01831
2022-04-19,1.97826,-1.0186
2022-04-20,1.97779,-1.01867
2022-04-21,1.97873,-1.01964
2022-04-22,1.9794,-1.02078
2022-04-25,1.97988,-1.02138
2022-04-26,1.97991,-1.01997
2022-04-27,1.98086,-1.02058
2022-04-28,1.9832,-1.02911
2022-04-29,1.98825,-1.02882
2022-05-02,1.98962,-1.02966
2022-05-03,1.99382,-1.03134
2022-05-04,1.9944,-1.03269
2022-05-06,1.99183,-1.03131
2022-05-09,1.99219,-1.02833
2022-05-10,1.9924,-1.02901
2022-05-11,1.99369,-1.029
2022-05-12,1.99051,-1.02484
2022-05-13,1.9896,-1.02535
2022-05-16,1.98907,-1.02507
2022-05-17,1.9895,-1.02603
2022-05-18,1.98989,-1.02623
2022-05-19,1.9941,-1.028
2022-05-20,2.00121,-1.03202
2022-05-23,2.0006,-1.03017
2022-05-24,1.98881,-1.02537
2022-05-25,1.98856,-1.02491
2022-05-26,1.9897,-1.02463
2022-05-27,1.99282,-1.02533
2022-05-30,2.00045,-1.02813
2022-05-31,2.00445,-1.02704
2022-06-02,1.99571,-1.0246
2022-06-03,1.99938,-1.03171
2022-06-07,1.99322,-1.02268
2022-06-08,1.99227,-1.02222
2022-06-09,1.99174,-1.02117
2022-06-10,1.9954,-1.02404
2022-06-13,1.99978,-1.00584
2022-06-14,2.00138,-1.00611
2022-06-15,2.00345,-1.00998
2022-06-16,2.00386,-1.00852
2022-06-17,2.00451,-1.00645
2022-06-20,2.00308,-1.00566
2022-06-21,2.00461,-1.00599
2022-06-22,2.01674,-1.00456
2022-06-23,2.01436,-1.00426
2022-06-24,2.01704,-1.0051
2022-06-27,2.01194,-1.00487
2022-06-28,2.01228,-1.00392
2022-06-29,2.01158,-1.00446
2022-06-30,2.01364,-1.00429
2022-07-01,2.01372,-1.00327
2022-07-04,2.01322,-1.003
2022-07-05,2.01063,-1.00222
2022-07-06,2.00896,-1.00212
2022-07-07,2.00906,-1.00368
2022-07-08,2.00871,-1.0041
2022-07-11,2.01173,-1.00379
2022-07-12,2.01228,-1.00333
2022-07-13,2.01484,-1.00321
2022-07-14,2.01551,-1.00309
2022-07-15,2.02022,-1.00284
2022-07-18,2.01812,-1.00288
2022-07-19,2.01724,-1.00279
2022-07-20,2.01769,-1.00185
2022-07-21,2.01726,-1.00072
2022-07-22,2.01692,-1.00113
2022-07-25,2.0159,-1.00045
2022-07-26,2.01593,-0.999232
2022-07-27,2.0157,-0.999636
2022-07-28,2.01523,-0.999315
2022-07-29,2.01583,-0.999806
2022-08-01,2.01665,-1.00035
2022-08-02,2.01798,-1.0008
2022-08-03,2.01649,-1.0014
2022-08-04,2.0171,-1.00055
2022-08-05,2.01782,-1.00207
2022-08-08,2.0197,-1.00433
2022-08-09,2.02327,-1.00279
2022-08-10,2.02372,-1.0039
2022-08-11,2.02208,-1.00628
2022-08-12,2.02213,-1.00644
2022-08-16,2.01945,-1.00392
2022-08-17,2.01427,-0.998547
2022-08-18,2.01452,-0.999016
2022-08-19,2.01862,-1.00119
2022-08-22,2.01859,-1.00289
2022-08-23,2.01894,-1.00285
2022-08-24,2.01798,-1.00222
2022-08-25,2.01946,-1.00259
2022-08-26,2.01939,-1.00289
2022-08-29,2.01801,-0.99836
2022-08-30,2.01675,-0.997289
2022-08-31,2.01728,-0.998242
2022-09-01,2.02234,-1.00306
2022-09-02,2.0222,-1.00319
2022-09-05,2.01984,-1.00029
2022-09-06,2.0223,-1.01196
2022-09-07,2.02019,-1.01294
2022-09-08,2.01881,-1.00938
2022-09-13,2.01122,-1.0099
2022-09-14,2.01051,-1.00865
2022-09-15,2.01391,-1.01152
2022-09-16,2.01452,-1.01202
2022-09-19,2.00191,-1.01319
2022-09-20,2.00544,-1.01449
2022-09-21,2.0027,-1.01659
2022-09-22,2.00796,-1.01447
2022-09-23,2.00765,-1.01419
2022-09-26,2.01475,-1.01554
2022-09-27,2.01199,-1.01547
2022-09-28,2.01116,-1.01155
2022-09-29,2.01126,-1.01154
2022-09-30,2.01228,-1.01185
2022-10-04,2.02036,-1.01273
2022-10-05,2.02107,-1.01127
2022-10-06,2.01876,-1.00964
2022-10-07,2.01892,-1.00884
2022-10-11,2.01558,-1.01145
2022-10-12,2.01415,-1.01161
2022-10-13,2.0108,-1.01264
2022-10-14,2.00786,-1.01847
2022-10-17,2.00878,-1.01914
2022-10-18,2.0095,-1.01945
2022-10-19,2.00852,-1.02022
2022-10-20,2.00935,-1.01864
2022-10-21,2.00996,-1.01765
2022-10-24,2.01142,-1.01759
2022-10-25,2.01136,-1.01741
2022-10-26,2.01131,-1.01733
2022-10-27,2.01088,-1.01926
2022-10-28,2.00994,-1.01926
2022-10-31,2.01122,-1.01967
2022-11-01,2.0086,-1.01854
2022-11-02,2.00903,-1.0185
2022-11-03,2.0093,-1.01935
2022-11-04,2.00712,-1.01769
2022-11-07,2.00976,-1.01779
2022-11-08,2.0083,-1.01694
2022-11-09,2.00836,-1.01602
2022-11-10,2.00626,-1.0121
2022-11-11,1.9922,-1.01411
2022-11-14,1.99338,-1.01517
2022-11-15,1.99446,-1.01527
2022-11-16,1.9945,-1.01531
2022-11-17,1.99457,-1.01409
2022-11-18,1.99436,-1.01367
2022-11-21,1.9946,-1.01355
2022-11-22,1.99465,-1.01489
2022-11-23,1.99392,-1.01522
2022-11-24,1.99479,-1.01407
2022-11-25,1.995,-1.01786
2022-11-28,1.99588,-1.02008
2022-11-29,1.99608,-1.02017
2022-11-30,1.98987,-1.01416
2022-12-01,1.9909,-1.01457
2022-12-02,1.99174,-1.01467
2022-12-05,1.99196,-1.01467
2022-12-06,1.99191,-1.01311
2022-12-07,1.99125,-1.01302
2022-12-08,1.99455,-1.0127
2022-12-09,1.99514,-1.01466
2022-12-12,1.99555,-1.01431
2022-12-13,1.99404,-1.01359
2022-12-14,1.99389,-1.01307
2022-12-15,1.9926,-1.01167
2022-12-16,1.99353,-1.01027
2022-12-19,1.99293,-1.0117
2022-12-20,1.99286,-1.01327
2022-12-21,1.98725,-1.0114
2022-12-22,1.98699,-1.00977
2022-12-23,1.98512,-1.0138
2022-12-26,1.9851,-1.01376
2022-12-27,1.98395,-1.01289
2022-12-28,1.97055,-1.01078
2022-12-29,1.97228,-1.01105
2023-01-02,1.97421,-1.01181
2023-01-03,1.97377,-1.01183
2023-01-04,1.97192,-1.0107
2023-01-05,1.97215,-1.00828
2023-01-06,1.97621,-1.00766
2023-01-09,1.98025,-1.00653
2023-01-10,1.98014,-1.00648
2023-01-11,1.97896,-1.0059
2023-01-12,1.97867,-1.00564
2023-01-13,1.97774,-1.00755
2023-01-16,1.97805,-1.00793
2023-01-17,1.97847,-1.00939
2023-01-18,1.97756,-1.00877
2023-01-19,1.97754,-1.0088
2023-01-20,1.97741,-1.0066
2023-01-25,1.97584,-1.00427
2023-01-26,1.97499,-1.00519
2023-01-27,1.97851,-1.00544
2023-01-30,1.98119,-1.00759
2023-01-31,1.98472,-1.0076
2023-02-01,1.98665,-1.0084
2023-02-02,1.98532,-1.00783
2023-02-03,1.9852,-1.00785
2023-02-06,1.98441,-1.00753
2023-02-07,1.98773,-1.01021
2023-02-08,2.00364,-1.0062
2023-02-09,2.00157,-1.00523
2023-02-10,2.00085,-1.00609
2023-02-13,1.9995,-1.00573
2023-02-14,1.99914,-1.00794
2023-02-15,2.00141,-1.00672
2023-02-16,1.99888,-1.00831
2023-02-17,1.9995,-1.00694
2023-02-20,2.00008,-1.00562
2023-02-21,1.99944,-1.00671
2023-02-22,1.99603,-1.00744
2023-02-23,1.9955,-1.00584
2023-02-24,1.99597,-1.00476
2023-02-27,1.99919,-1.00904
2023-02-28,1.9989,-1.00886
2023-03-02,1.99845,-1.00912
2023-03-03,1.99831,-1.00917
2023-03-06,2.00132,-1.01051
2023-03-07,2.00148,-1.00919
2023-03-08,2.0029,-1.00927
2023-03-09,2.00154,-1.00842
2023-03-10,2.00211,-1.00797
2023-03-13,2.00343,-1.00829
2023-03-14,2.01007,-1.01117
2023-03-15,2.01213,-1.01217
2023-03-16,2.01104,-1.01169
2023-03-17,2.0113,-1.00994
2023-03-20,2.0119,-1.00912
2023-03-21,2.01213,-1.00929
2023-03-22,2.01309,-1.01218
2023-03-23,2.0148,-1.01416
2023-03-24,2.01446,-1.01454
2023-03-27,2.01357,-1.01582
2023-03-28,2.01603,-1.01756
2023-03-29,2.01606,-1.01778
2023-03-30,2.01543,-1.01761
2023-03-31,2.01604,-1.0189
2023-04-03,2.02265,-1.01955
2023-04-04,2.02312,-1.0215
2023-04-05,2.02175,-1.02104
2023-04-06,2.01952,-1.01533
2023-04-07,2.01877,-1.01502
2023-04-10,2.01653,-1.015
2023-04-11,2.01909,-1.01655
2023-04-12,2.01861,-1.01674
2023-04-13,2.01841,-1.01618
2023-04-14,2.01774,-1.01489
2023-04-17,2.01921,-1.01573
2023-04-18,2.01942,-1.01648
2023-04-19,2.01943,-1.01666
2023-04-20,2.02326,-1.01871
2023-04-21,2.02208,-1.01751
2023-04-24,2.02171,-1.01842
2023-04-25,2.02007,-1.01166
2023-04-26,2.01579,-1.01213
2023-04-27,2.01477,-1.01071
2023-04-28,2.01272,-1.01083
2023-05-02,2.01069,-1.00937
2023-05-03,2.01222,-1.00841
2023-05-04,2.00994,-1.00764
2023-05-08,2.00537,-1.0021
2023-05-09,2.00523,-1.00162
2023-05-10,2.0037,-1.00082
2023-05-11,2.0045,-1.00187
2023-05-12,2.00641,-1.0006
2023-05-15,2.00417,-1.00066
2023-05-16,2.00644,-0.999396
2023-05-17,2.0057,-0.998434
2023-05-18,2.00584,-0.996555
2023-05-19,2.00141,-0.997742
2023-05-22,2.00902,-0.998825
2023-05-23,2.00885,-0.997804
2023-05-24,2.00615,-0.999034
2023-05-25,2.00165,-0.995791
2023-05-26,2.0017,-0.99563
2023-05-30,1.99982,-0.992538
2023-05-31,2.00114,-0.989251
2023-06-01,1.99819,-0.989227
2023-06-02,2.00002,-0.990372
2023-06-05,1.99732,-0.989976
2023-06-07,1.99893,-0.989953
2023-06-08,1.99607,-0.989668
2023-06-09,1.99744,-0.994219
2023-06-12,1.98553,-0.99173
2023-06-13,1.9856,-0.993444
2023-06-14,1.99197,-0.998516
2023-06-15,1.98893,-0.999355
2023-06-16,1.98494,-0.999605
2023-06-19,1.98228,-1.00224
2023-06-20,1.98161,-0.997888
2023-06-21,1.97967,-0.999577
2023-06-22,1.98043,-0.998601
2023-06-23,1.98405,-0.994809
2023-06-26,1.99261,-0.992392
2023-06-27,1.99267,-0.992058
2023-06-28,1.99389,-0.990853
2023-06-29,1.99152,-0.98637
2023-06-30,1.9898,-0.983306
2023-07-03,1.98982,-0.980602
2023-07-04,1.99133,-0.97987
2023-07-05,1.98542,-0.984663
2023-07-06,1.98524,-0.982336
2023-07-07,1.9973,-0.98121
2023-07-10,1.98997,-0.974697
2023-07-11,1.98707,-0.986683
2023-07-12,1.98843,-0.987947
2023-07-13,1.98622,-0.984344
2023-07-14,1.98937,-0.989122
2023-07-17,1.98759,-0.987198
2023-07-18,1.98948,-0.990091
2023-07-19,1.98795,-0.991511
2023-07-20,1.9902,-0.988073
2023-07-21,1.98804,-0.986603
2023-07-24,1.98795,-0.991517
2023-07-25,1.98811,-0.990492
2023-07-26,1.98414,-0.987482
2023-07-27,1.98448,-0.981636
2023-07-28,1.98956,-0.983886
2023-07-31,1.991,-0.985188
2023-08-01,1.99427,-0.99127
2023-08-02,2.00514,-1.00131
2023-08-03,2.00323,-1.00192
2023-08-04,2.00471,-1.00188
2023-08-07,2.0063,-1.00126
2023-08-08,2.00187,-1.00571
2023-08-09,2.00127,-1.00733
2023-08-10,2.00365,-1.00656
2023-08-11,2.00229,-1.00623
2023-08-14,2.00032,-1.01033
2023-08-16,1.99829,-1.00887
2023-08-17,1.99611,-1.00664
2023-08-18,1.99623,-1.00791
2023-08-21,1.99762,-1.00844
2023-08-22,1.99836,-1.00671
2023-08-23,1.99818,-1.00614
2023-08-24,1.9999,-1.00797
2023-08-25,1.99998,-1.01255
2023-08-28,2.00213,-1.01411
2023-08-29,2.00128,-1.01677
2023-08-30,1.99927,-1.01479
2023-08-31,1.9988,-1.01479
2023-09-01,1.99814,-1.01445
2023-09-04,1.99353,-1.01004
2023-09-05,1.99166,-1.00807
2023-09-06,1.99129,-1.00562
2023-09-07,1.98887,-1.00521
2023-09-08,1.99032,-1.0073
2023-09-11,1.99088,-1.00711
2023-09-12,1.99349,-1.00577
2023-09-13,1.99327,-1.00591
2023-09-14,1.99179,-1.00991
2023-09-15,1.99363,-1.01123
2023-09-18,1.98631,-1.01288
2023-09-19,1.98804,-1.01745
2023-09-20,1.98796,-1.01748
2023-09-21,1.98605,-1.01189
2023-09-22,1.98547,-1.01151
2023-09-25,1.98549,-1.01149
2023-09-26,1.98336,-1.0165
2023-09-27,1.97946,-1.01616
2023-10-04,1.97001,-1.00776
2023-10-05,1.96967,-1.00772
2023-10-06,1.96405,-1.00901
2023-10-10,1.96527,-1.00888
2023-10-11,1.96593,-1.00363
2023-10-12,1.96285,-1.00435
2023-10-13,1.96487,-1.0056
2023-10-16,1.96079,-1.0038
2023-10-17,1.96144,-1.0059
2023-10-18,1.95946,-1.00462
2023-10-19,1.95782,-1.00677
2023-10-20,1.96112,-1.00747
2023-10-23,1.96159,-1.00782
2023-10-24,1.96291,-1.01172
2023-10-25,1.96406,-1.01031
2023-10-26,1.97436,-1.00802
2023-10-27,1.97374,-1.01187
2023-10-30,1.97637,-1.01298
2023-10-31,1.98204,-1.01378
2023-11-01,1.99217,-1.01201
2023-11-02,1.97595,-1.00943
2023-11-03,1.98046,-1.01214
2023-11-06,1.94058,-1.02075
2023-11-07,1.93163,-1.01749
2023-11-08,1.93119,-1.01837
2023-11-09,1.93086,-1.0192
2023-11-10,1.93065,-1.01945
2023-11-13,1.93083,-1.0195
2023-11-14,1.93178,-1.01904
2023-11-15,1.92956,-1.01873
2023-11-16,1.92915,-1.01858
2023-11-17,1.9305,-1.01942
2023-11-20,1.93163,-1.01809
2023-11-21,1.93106,-1.01971
2023-11-22,1.93067,-1.01995
2023-11-23,1.92926,-1.02132
2023-11-24,1.92835,-1.02003
2023-11-27,1.92738,-1.01961
2023-11-28,1.92779,-1.01839
2023-11-29,1.92785,-1.01773
2023-11-30,1.9277,-1.01689
2023-12-01,1.92714,-1.01757
2023-12-04,1.92751,-1.01757
2023-12-05,1.92759,-1.01694
2023-12-06,1.92697,-1.01698
2023-12-07,1.92689,-1.01586
2023-12-08,1.92592,-1.01299
2023-12-11,1.92558,-1.01317
2023-12-12,1.92548,-1.01379
2023-12-13,1.92464,-1.0138
2023-12-14,1.92783,-1.01331
2023-12-15,1.92904,-1.01349
2023-12-18,1.93069,-1.01361
2023-12-19,1.92968,-1.01273
2023-12-20,1.92697,-1.01278
2023-12-21,1.92484,-1.01658
2023-12-22,1.92498,-1.0169
2023-12-26,1.92478,-1.01662
2023-12-27,1.9267,-1.01604
2023-12-28,1.92728,-1.01785
2024-01-02,1.93145,-1.02187
2024-01-03,1.94386,-1.01889
2024-01-04,1.94495,-1.02041
2024-01-05,1.94481,-1.02069
2024-01-08,1.9439,-1.02116
2024-01-09,1.94481,-1.02133
2024-01-10,1.94348,-1.02174
2024-01-11,1.94387,-1.02113
2024-01-12,1.9468,-1.01951
2024-01-15,1.94709,-1.01915
2024-01-16,1.94929,-1.02048
2024-01-17,1.94803,-1.01868
2024-01-18,1.94733,-1.01852
2024-01-19,1.94605,-1.01637
2024-01-22,1.94507,-1.01674
2024-01-23,1.93592,-1.02007
2024-01-24,1.93693,-1.01945
2024-01-25,1.93635,-1.01925
2024-01-26,1.92849,-1.01843
2024-01-29,1.92107,-1.01857
2024-01-30,1.92702,-1.01932
2024-01-31,1.9257,-1.01923
2024-02-01,1.95959,-1.01139
2024-02-02,1.97108,-1.01977
2024-02-05,1.96922,-1.0164
2024-02-06,1.96895,-1.016
2024-02-07,1.96938,-1.0147
2024-02-08,1.96957,-1.01455
2024-02-13,1.96396,-1.0112
2024-02-14,1.96712,-1.00857
2024-02-15,1.96708,-1.00911
2024-02-16,1.96581,-1.01008
2024-02-19,1.964,-1.01049
2024-02-20,1.96602,-1.01117
2024-02-21,1.966,-1.01123
2024-02-22,1.96695,-1.01152
2024-02-23,1.96613,-1.01163
2024-02-26,1.96675,-1.00958
2024-02-27,1.96756,-1.01106
2024-02-28,1.96994,-1.01316
2024-02-29,1.97077,-1.015
2024-03-04,1.9715,-1.01578
2024-03-05,1.9736,-1.01703
2024-03-06,1.9736,-1.01694
2024-03-07,1.97366,-1.01741
2024-03-08,1.97272,-1.02125
2024-03-11,1.97546,-1.02528
2024-03-12,1.97523,-1.0248
2024-03-13,1.97456,-1.02428
2024-03-14,1.9783,-1.02502
2024-03-15,1.97618,-1.02481
2024-03-18,1.97189,-1.02291
2024-03-19,1.97139,-1.02139
2024-03-20,1.96988,-1.0238
2024-03-21,1.98076,-1.02914
2024-03-22,1.98191,-1.02944
2024-03-25,1.98103,-1.02898
2024-03-26,1.98055,-1.02771
2024-03-27,1.97888,-1.02726
2024-03-28,1.97984,-1.02546
2024-03-29,1.9776,-1.0253
2024-04-01,1.96908,-1.02988
2024-04-02,1.96858,-1.02836
2024-04-03,1.97389,-1.02534
2024-04-04,1.97791,-1.02392
2024-04-05,1.98094,-1.02392
2024-04-08,1.98186,-1.02422
2024-04-09,1.98145,-1.02372
2024-04-11,1.97836,-1.0258
2024-04-12,1.9795,-1.02698
2024-04-15,1.97938,-1.02458
2024-04-16,1.98598,-1.02116
2024-04-17,1.98381,-1.02111
2024-04-18,1.98554,-1.02283
2024-04-19,1.98977,-1.02616
2024-04-22,1.99037,-1.02717
2024-04-23,1.98977,-1.02739
2024-04-24,1.9915,-1.0303
2024-04-25,1.99271,-1.03191
2024-04-26,1.99241,-1.03033
2024-04-29,1.99358,-1.03142
2024-04-30,1.99232,-1.03038
2024-05-02,1.99463,-1.03042
2024-05-03,1.99985,-1.0291
2024-05-07,2.00199,-1.03123
2024-05-08,2.00223,-1.03061
2024-05-09,2.00263,-1.03221
2024-05-10,2.00242,-1.03204
2024-05-13,2.00778,-1.03476
2024-05-14,2.01204,-1.03793
2024-05-16,2.01632,-1.03924
2024-05-17,2.01761,-1.03489
2024-05-20,2.01995,-1.03521
2024-05-21,2.01956,-1.03479
2024-05-22,2.01953,-1.03468
2024-05-23,2.01849,-1.03422
2024-05-24,2.02182,-1.03834
2024-05-27,2.02109,-1.04058
2024-05-28,2.02108,-1.04053
2024-05-29,2.01877,-1.04021
2024-05-30,2.01456,-1.03886
2024-05-31,2.01527,-1.03797
2024-06-03,2.00854,-1.03548
2024-06-04,2.01036,-1.03566
2024-06-05,2.01098,-1.03486
2024-06-07,2.01343,-1.02981
2024-06-10,2.01321,-1.02963
2024-06-11,2.0139,-1.03011
2024-06-12,2.01401,-1.03086
2024-06-13,2.01482,-1.03176
2024-06-14,2.01551,-1.03057
2024-06-17,2.01619,-1.03221
2024-06-18,2.01601,-1.03092
2024-06-19,2.02393,-1.03298
2024-06-20,2.02182,-1.02807
2024-06-21,2.02388,-1.03086
2024-06-24,2.0243,-1.03196
2024-06-25,2.02626,-1.03432
2024-06-26,2.02442,-1.03473
2024-06-27,2.02439,-1.03463
2024-06-28,2.02446,-1.03419
2024-07-01,2.0244,-1.03404
2024-07-02,2.02389,-1.03392
2024-07-03,2.02091,-1.0368
2024-07-04,2.01794,-1.03923
2024-07-05,2.01734,-1.04321
2024-07-08,2.01729,-1.04451
2024-07-09,2.01782,-1.04482
2024-07-10,2.01774,-1.04424
2024-07-11,2.01712,-1.04265
2024-07-12,2.018,-1.04142
2024-07-15,2.01622,-1.0496
2024-07-16,2.0194,-1.05015
2024-07-17,2.02177,-1.05145
2024-07-18,2.01921,-1.04633
2024-07-19,2.01753,-1.04594
2024-07-22,2.0164,-1.04494
2024-07-23,2.01585,-1.04127
2024-07-24,2.01513,-1.03948
2024-07-25,2.0174,-1.03769
2024-07-26,2.01726,-1.03595
2024-07-29,2.01691,-1.03867
2024-07-30,2.01655,-1.03773
2024-07-31,2.01236,-1.0311
2024-08-01,2.01608,-1.02857
2024-08-02,2.01887,-1.01315
2024-08-05,1.93434,-0.962787
2024-08-06,1.90999,-0.970661
2024-08-07,1.90287,-0.968449
2024-08-08,1.9033,-0.968634
2024-08-09,1.90343,-0.968021
2024-08-12,1.90296,-0.969486
2024-08-13,1.90262,-0.969958
2024-08-14,1.90274,-0.969175
2024-08-16,1.90389,-0.972099
2024-08-19,1.90409,-0.971998
2024-08-20,1.90156,-0.96948
2024-08-21,1.90041,-0.96888
2024-08-22,1.90043,-0.968874
2024-08-23,1.89917,-0.967733
2024-08-26,1.89901,-0.967034
2024-08-27,1.89902,-0.967016
2024-08-28,1.89922,-0.966667
2024-08-29,1.89994,-0.96776
2024-08-30,1.89909,-0.968149
2024-09-02,1.89747,-0.968853
2024-09-03,1.89699,-0.968347
2024-09-04,1.90654,-0.96904
2024-09-05,1.90603,-0.968463
2024-09-06,1.90479,-0.967752
2024-09-09,1.90441,-0.967675
2024-09-10,1.90503,-0.967883
2024-09-11,1.90442,-0.968393
2024-09-12,1.90371,-0.96762
2024-09-13,1.90317,-0.967031
2024-09-19,1.9024,-0.965921
2024-09-20,1.90271,-0.964935
2024-09-23,1.90257,-0.964819
2024-09-24,1.90221,-0.965178
2024-09-25,1.90064,-0.966334
2024-09-26,1.90125,-0.970804
2024-09-27,1.90133,-0.97087
2024-09-30,1.90127,-0.97251
2024-10-02,1.90312,-0.974589
2024-10-04,1.90178,-0.974191
2024-10-07,1.89821,-0.971942
2024-10-08,1.89844,-0.971977
2024-10-10,1.89875,-0.972089
2024-10-11,1.89843,-0.971918
2024-10-14,1.89985,-0.972233
2024-10-15,1.899,-0.972158
2024-10-16,1.89828,-0.973145
2024-10-17,1.89808,-0.973235
2024-10-18,1.89796,-0.973196
2024-10-21,1.89804,-0.973289
2024-10-22,1.89781,-0.972265
2024-10-23,1.89864,-0.972076
2024-10-24,1.89863,-0.97208
2024-10-25,1.89854,-0.971873
2024-10-28,1.89884,-0.971633
2024-10-29,1.89848,-0.971943
2024-10-30,1.89732,-0.970598
2024-10-31,1.89735,-0.972011
2024-11-01,1.89746,-0.973277
2024-11-04,1.89827,-0.973719
2024-11-05,1.88687,-0.974008
2024-11-06,1.90481,-1.0229
2024-11-07,1.94855,-1.01305
2024-11-08,1.96731,-1.02055
2024-11-11,1.96603,-1.02338
2024-11-12,1.96481,-1.02071
2024-11-13,1.97526,-1.01564
2024-11-14,1.9746,-1.01612
2024-11-15,1.97557,-1.01893
2024-11-18,1.97511,-1.01534
2024-11-19,1.97595,-1.01647
2024-11-20,1.97643,-1.01622
2024-11-21,1.97703,-1.01664
2024-11-22,1.97571,-1.01592
2024-11-25,1.97681,-1.01622
2024-11-26,1.97665,-1.01587
2024-11-27,1.97632,-1.0158
2024-11-28,1.97594,-1.01555
2024-11-29,1.97112,-1.00986
2024-12-02,1.97044,-1.00897
2024-12-03,1.9748,-1.00777
2024-12-04,1.97649,-1.0067
2024-12-05,1.96764,-1.01277
2024-12-06,1.96749,-1.01162
2024-12-09,1.97029,-1.016
2024-12-10,1.97477,-1.02042
2024-12-11,1.97128,-1.01958
2024-12-12,1.97876,-1.02238
2024-12-13,1.97666,-1.02146
2024-12-16,1.97723,-1.022
2024-12-17,1.97761,-1.02325
2024-12-18,1.9783,-1.02715
2024-12-19,1.97965,-1.02905
2024-12-20,1.98274,-1.02807
2024-12-23,1.98689,-1.02657
2024-12-24,1.99721,-1.02481
2024-12-26,1.99612,-1.024
2024-12-27,2.00131,-1.02328
2024-12-30,1.99615,-1.01889
2025-01-02,1.99596,-1.01861
2025-01-03,2.00008,-1.01572
2025-01-06,1.99355,-1.01538
2025-01-07,1.99327,-1.01569
2025-01-08,1.99347,-1.01456
2025-01-09,1.99135,-1.01524
2025-01-10,1.991,-1.01463
2025-01-13,1.9914,-1.01603
2025-01-14,1.99143,-1.01597
2025-01-15,1.99077,-1.01553
2025-01-16,1.99202,-1.01537
2025-01-17,1.99388,-1.01775
2025-01-20,1.9941,-1.0188
2025-01-21,1.99401,-1.01938
2025-01-22,1.99525,-1.0219
2025-01-23,1.9952,-1.022
2025-01-24,1.9963,-1.02043
2025-01-31,1.99851,-1.02238
2025-02-03,1.99939,-1.01421
2025-02-04,2.00073,-1.01436
2025-02-05,2.00114,-1.01738
2025-02-06,2.00251,-1.01711
2025-02-07,2.00258,-1.01648
2025-02-10,2.00253,-1.01596
2025-02-11,2.00199,-1.01589
2025-02-12,2.0042,-1.01413
2025-02-13,2.00152,-1.01527
2025-02-14,1.99399,-1.01949
2025-02-17,1.99418,-1.01775
2025-02-18,1.99396,-1.01736
2025-02-19,1.99795,-1.02064
2025-02-20,1.99672,-1.02062
2025-02-21,1.99683,-1.02084
2025-02-24,1.99769,-1.02225
2025-02-25,1.99766,-1.02081
2025-02-26,1.99666,-1.02025
2025-02-27,1.99732,-1.02007
2025-02-28,1.99605,-1.01591
2025-03-04,1.99653,-1.01643
2025-03-05,2.00327,-1.02318
2025-03-06,2.00119,-1.02457
2025-03-07,1.9963,-1.02583
2025-03-10,1.99572,-1.02803
2025-03-11,1.99195,-1.02758
2025-03-12,1.9897,-1.03018
2025-03-13,1.98799,-1.02544
2025-03-14,1.98622,-1.02149
2025-03-17,1.98766,-1.01767
2025-03-18,1.98258,-1.01701
2025-03-19,1.98404,-1.01657
2025-03-20,1.98527,-1.01631
2025-03-21,1.98468,-1.01522
2025-03-24,1.98366,-1.0118
2025-03-25,1.9813,-1.00843
2025-03-26,1.98151,-1.00837
2025-03-27,1.98333,-1.00624
2025-03-28,1.98636,-1.00814
2025-03-31,1.991,-1.01475
2025-04-01,1.99492,-1.01676
2025-04-02,1.9966,-1.01637
2025-04-03,1.99779,-1.01525
2025-04-04,1.99769,-1.01753
2025-04-07,2.0246,-1.01369
2025-04-08,2.02428,-1.01361
2025-04-09,2.02524,-1.0162
2025-04-10,2.00002,-1.04519
2025-04-11,1.99999,-1.04524
2025-04-14,2.00089,-1.04395
2025-04-15,2.00047,-1.04368
2025-04-16,1.99969,-1.04349
2025-04-17,1.99972,-1.04455
2025-04-18,1.99907,-1.04491
2025-04-21,1.99919,-1.04481
2025-04-22,1.99884,-1.04486
2025-04-23,1.9998,-1.04242
2025-04-24,1.99887,-1.04245
2025-04-25,1.9989,-1.04338
2025-04-28,1.99845,-1.04278
2025-04-29,1.99844,-1.04691
2025-04-30,1.99696,-1.0481
2025-05-02,1.99756,-1.04672
2025-05-07,1.99609,-1.04664
2025-05-08,1.99594,-1.04681
2025-05-09,1.99594,-1.04705
2025-05-12,1.99571,-1.04743
2025-05-13,1.99581,-1.04724
2025-05-14,1.99693,-1.04735
2025-05-15,1.9944,-1.04613
2025-05-16,1.99428,-1.04622
2025-05-19,1.99571,-1.04594
2025-05-20,1.99591,-1.04501
2025-05-21,1.99742,-1.04396
2025-05-22,1.99775,-1.04215
2025-05-23,1.99734,-1.04143
2025-05-26,1.99924,-1.04049
2025-05-27,1.99917,-1.04076
2025-05-28,1.99997,-1.0391
2025-05-29,2.00207,-1.04332
2025-05-30,2.00398,-1.04244
2025-06-02,2.00277,-1.04228
2025-06-04,2.00197,-1.04191
2025-06-05,2.0046,-1.04403
2025-06-09,2.00266,-1.04235
2025-06-10,2.00424,-1.04172
2025-06-11,2.00844,-1.04288
2025-06-12,2.00808,-1.04376
2025-06-13,2.00925,-1.04424
2025-06-16,2.00998,-1.04453
2025-06-17,2.00999,-1.04454
2025-06-18,2.01019,-1.04393
2025-06-19,2.00975,-1.04399
2025-06-20,2.00943,-1.04514
2025-06-23,2.00959,-1.04559
2025-06-24,2.00892,-1.04268
2025-06-25,2.00859,-1.04292
2025-06-26,2.0091,-1.04333
2025-06-27,2.00727,-1.04339
2025-06-30,2.00681,-1.04267
2025-07-01,2.00499,-1.04219
2025-07-02,2.0037,-1.0428
2025-07-03,2.00269,-1.04589
2025-07-04,2.00435,-1.04476
2025-07-07,1.98053,-1.06093
2025-07-08,1.98144,-1.06151
2025-07-09,1.97868,-1.06102
2025-07-10,2.01208,-1.02092
2025-07-11,2.01246,-1.02029
2025-07-14,2.01248,-1.01972
2025-07-15,2.01314,-1.0196
2025-07-16,2.01611,-1.01663
2025-07-17,2.01438,-1.01543
2025-07-18,2.01496,-1.01681
2025-07-21,2.01445,-1.01616
2025-07-22,2.01439,-1.0127
2025-07-23,2.01222,-1.01385
2025-07-24,2.01153,-1.01492
2025-07-25,2.01113,-1.01417
2025-07-28,2.01145,-1.0139
2025-07-29,2.01157,-1.01414
2025-07-30,2.01387,-1.01416
2025-07-31,2.01325,-1.01413
2025-08-01,2.02863,-1.01843
2025-08-04,2.03094,-1.01933
2025-08-05,2.03073,-1.02014
2025-08-06,2.03238,-1.01908
2025-08-07,2.03208,-1.01799
2025-08-08,2.03266,-1.0181
2025-08-11,2.03673,-1.02068
2025-08-12,2.03569,-1.02153
2025-08-13,2.03406,-1.02147
2025-08-14,2.03335,-1.02091
2025-08-18,2.03361,-1.02208
2025-08-19,2.03436,-1.02557
2025-08-20,2.03267,-1.02502
2025-08-21,2.03203,-1.02676
2025-08-22,2.03269,-1.02683
2025-08-25,2.0301,-1.02693
2025-08-26,2.02799,-1.02464
2025-08-27,2.02429,-1.02517
2025-08-28,2.02507,-1.02405
2025-08-29,2.03211,-1.02206
2025-09-01,2.02717,-1.02054
2025-09-02,2.03274,-1.02538
2025-09-03,2.03343,-1.02552
2025-09-04,2.02847,-1.02247
2025-09-05,2.02826,-1.02256
2025-09-08,2.02637,-1.02141
2025-09-09,2.0255,-1.02912
2025-09-10,2.02527,-1.02756
2025-09-11,2.02565,-1.02989
2025-09-12,2.02596,-1.02809
2025-09-15,2.02644,-1.02524
2025-09-16,2.02577,-1.02287
2025-09-17,2.02965,-1.02129
2025-09-18,2.02771,-1.01657
2025-09-19,2.02612,-1.01761
2025-09-22,2.0282,-1.01653
2025-09-23,2.02862,-1.0162
2025-09-24,2.02818,-1.01626
2025-09-25,2.02815,-1.01487
2025-09-26,2.03459,-1.01269
2025-09-29,2.03587,-1.01745
2025-09-30,2.03657,-1.01756
2025-10-01,2.03667,-1.01446
2025-10-02,2.0379,-1.02408
2025-10-10,2.03004,-1.02305
2025-10-13,2.0319,-1.02675
2025-10-14,2.03052,-1.02652
2025-10-15,2.03195,-1.0283
2025-10-16,2.02609,-1.03238
2025-10-17,2.02634,-1.03259
2025-10-20,2.02816,-1.03309
2025-10-21,2.02893,-1.03395
2025-10-22,2.03056,-1.03762
2025-10-23,2.02945,-1.03987
2025-10-24,2.02501,-1.04497
2025-10-27,2.02545,-1.04453
2025-10-28,2.0246,-1.04552
2025-10-29,2.02379,-1.04729
2025-10-30,2.02376,-1.04748
2025-10-31,2.02313,-1.048
2025-11-03,2.0113,-1.04679
2025-11-04,2.01694,-1.04063
2025-11-05,2.01604,-1.03327
2025-11-06,2.01582,-1.03358
2025-11-07,2.01726,-1.03416
2025-11-10,2.01673,-1.03345
2025-11-11,2.01688,-1.03344
2025-11-12,2.0176,-1.03244
2025-11-13,2.01715,-1.03256
2025-11-14,2.02968,-1.03514
2025-11-17,2.02831,-1.03858
2025-11-18,2.02784,-1.03688
2025-11-19,2.02809,-1.03603
2025-11-20,2.02864,-1.03471
2025-11-21,2.03263,-1.02609
2025-11-24,2.03279,-1.02653
2025-11-25,2.03385,-1.02692
2025-11-26,2.03424,-1.02743
2025-11-27,2.03423,-1.02751
2025-11-28,2.03241,-1.02738
2025-12-01,2.0344,-1.0262
2025-12-02,2.03375,-1.02608
2025-12-03,2.0342,-1.02617
2025-12-04,2.03444,-1.02671
2025-12-05,2.03442,-1.02667
2025-12-08,2.03442,-1.02654
2025-12-09,2.03481,-1.0259
2025-12-10,2.0344,-1.02686
2025-12-11,2.03498,-1.02642
2025-12-12,2.03549,-1.02797
2025-12-15,2.0348,-1.02801
2025-12-16,2.03546,-1.02697
2025-12-17,2.03626,-1.02775
2025-12-18,2.0364,-1.0291
2025-12-19,2.03668,-1.02909
2025-12-22,2.03761,-1.03114
2025-12-23,2.03762,-1.03121
2025-12-24,2.03787,-1.03124
2025-12-26,2.03783,-1.03093
2025-12-29,2.03459,-1.02859
2025-12-30,2.03399,-1.02765
2026-01-02,2.03452,-1.02718
2026-01-05,2.03141,-1.02491
2026-01-06,2.02949,-1.02191
2026-01-07,2.0312,-1.02238
2026-01-08,2.03052,-1.02026
2026-01-09,2.03131,-1.02051
2026-01-12,2.03054,-1.01984
2026-01-13,2.03307,-1.019
2026-01-14,2.03313,-1.01884
2026-01-15,2.03213,-1.0176
2026-01-16,2.03267,-1.01764
2026-01-19,2.03168,-1.01713
2026-01-20,2.03075,-1.01655
2026-01-21,2.03275,-1.01379
2026-01-22,2.03253,-1.01287
2026-01-23,2.03318,-1.0119
2026-01-26,2.03375,-1.01221
2026-01-27,2.03456,-1.01701
2026-01-28,2.03259,-1.01538
2026-01-29,2.03272,-1.01657
2026-01-30,2.03048,-1.01782
2026-02-02,2.02851,-1.00895
2026-02-03,2.01643,-1.03258
2026-02-04,2.0156,-1.03168
2026-02-05,2.01615,-1.02655
2026-02-06,2.01618,-1.02658
2026-02-09,2.01557,-1.02784
2026-02-10,2.01569,-1.0279
2026-02-11,2.0092,-1.02568
2026-02-12,2.00826,-1.02373
2026-02-13,2.0071,-1.02361
2026-02-19,2.00667,-1.02333
2026-02-20,2.00677,-1.02425
2026-02-23,2.00128,-1.0303
2026-02-24,2.00251,-1.03052
2026-02-25,2.00253,-1.03024
2026-02-26,1.99936,-1.02923
2026-02-27,1.99954,-1.02975
2026-03-03,2.03555,-1.00479
2026-03-04,2.05454,-0.96
2026-03-05,2.0312,-0.971525
2026-03-06,2.03148,-0.971816
2026-03-09,2.03927,-0.9695
2026-03-10,2.04115,-0.974883
2026-03-11,2.04123,-0.974868
2026-03-12,2.04137,-0.974758
2026-03-13,2.03888,-0.97398
2026-03-16,2.03788,-0.97314
2026-03-17,2.03803,-0.972999
2026-03-18,2.03817,-0.975884
2026-03-19,2.03835,-0.976869
2026-03-20,2.03796,-0.977231
2026-03-23,2.04393,-0.976858
2026-03-24,2.04485,-0.977247
2026-03-25,2.04457,-0.976754
2026-03-26,2.04399,-0.976749
2026-03-27,2.04397,-0.976838
2026-03-30,2.04244,-0.977277
2026-03-31,2.04474,-0.979627
2026-04-01,2.04178,-0.98991
2026-04-02,2.04132,-0.990498
2026-04-03,2.04084,-0.991179
2026-04-06,2.04083,-0.991206
2026-04-07,2.04115,-0.991209
2026-04-08,2.03723,-0.996162
2026-04-09,2.03657,-0.996831
2026-04-10,2.03676,-0.996755
2026-04-13,2.03663,-0.997114
2026-04-14,2.03715,-0.997207
2026-04-15,2.03752,-0.997429
2026-04-16,2.037,-0.99711
2026-04-17,2.03651,-0.997343
2026-04-20,2.03705,-0.996945
2026-04-21,2.03729,-0.996978
2026-04-22,2.03722,-0.997162
2026-04-23,2.03731,-0.997138
2026-04-24,2.03749,-0.996732
2026-04-27,2.03722,-0.996066
2026-04-28,2.03746,-0.996452
2026-04-29,2.03753,-0.996576
2026-04-30,2.0371,-0.99678
2026-05-04,2.03743,-0.99753
2026-05-06,2.0371,-0.994762
2026-05-07,2.03692,-0.994924
2026-05-08,2.0379,-0.995193
2026-05-11,2.04022,-0.99524
2026-05-12,2.04243,-0.995763
2026-05-13,2.04332,-0.995677
2026-05-14,2.04283,-0.995627
2026-05-15,2.0443,-0.995916
2026-05-18,2.04448,-0.995872
2026-05-19,2.04304,-0.996607
2026-05-20,2.04288,-0.996752
2026-05-21,2.04019,-1.00321
2026-05-22,2.0398,-1.00342
2026-05-26,2.03998,-1.00394
2026-05-27,2.03994,-1.00373
2026-05-28,2.0401,-1.00366
2026-05-29,2.03398,-1.00941
2026-06-01,2.02355,-1.04077
2026-06-02,2.03964,-1.04106
2026-06-04,2.03848,-1.03989
2026-06-05,2.0393,-1.04529
2026-06-08,2.02953,-1.0251
2026-06-09,2.02097,-1.03589
2026-06-10,2.02368,-1.03866
2026-06-11,2.02606,-1.03951
2026-06-12,2.02867,-1.04092
2026-06-15,2.02931,-1.04122
2026-06-16,2.02842,-1.03937
2026-06-17,2.02878,-1.039
2026-06-18,2.02937,-1.03848
2026-06-19,2.02284,-1.04246
2026-06-22,2.02195,-1.04259
2026-06-23,2.03393,-1.02753
2026-06-24,2.03127,-1.02587
2026-06-25,2.03559,-1.02938
2026-06-26,2.04035,-1.02896
2026-06-29,2.03663,-1.02809
2026-06-30,2.03774,-1.0217
2026-07-01,2.03631,-1.02149
2026-07-02,2.03525,-1.01272
2026-07-03,2.03243,-1.01214
2026-07-06,2.03208,-1.01236
2026-07-07,2.03588,-1.00858
2026-07-08,2.03076,-1.00601
2026-07-09,2.0306,-1.00614
2026-07-10,2.02959,-1.00563
2026-07-13,2.03032,-0.997898
2026-07-14,2.02973,-0.997979
2026-07-15,2.0286,-0.998743
2026-07-16,2.03196,-0.998386
2026-07-20,2.03206,-0.998426
2026-07-21,2.03194,-0.99865
2026-07-22,2.03194,-0.998717
2026-07-23,2.03071,-0.998413
2026-07-24,2.03031,-0.996824
2026-07-27,2.03022,-0.996518
2026-07-28,2.04087,-0.988315
2026-07-29,2.03862,-0.987135
2026-07-30,2.03889,-0.987507
2026-07-31,1.97658,-1.02635
2026-08-03,1.96684,-1.02493
2026-08-04,1.96645,-1.02586
2026-08-05,1.9668,-1.02575
2026-08-06,1.96434,-1.02621
2026-08-07,1.96356,-1.02591
2026-08-10,1.96236,-1.02619
2026-08-11,1.96278,-1.02622
2026-08-12,1.96229,-1.02591
2026-08-13,1.96242,-1.02528
2026-08-14,1.96328,-1.02478
2026-08-18,1.96303,-1.02494
2026-08-19,1.9621,-1.02153
2026-08-20,1.96195,-1.0213
2026-08-21,1.9615,-1.02116
2026-08-24,1.96142,-1.02211
2026-08-25,1.96162,-1.02191
2026-08-26,1.96029,-1.02163
2026-08-27,1.9584,-1.02173
2026-08-28,1.95837,-1.02212
2026-08-31,1.95861,-1.0219
2026-09-01,1.95557,-1.02147
2026-09-02,1.95574,-1.02652
2026-09-03,1.95635,-1.02151
2026-09-04,1.95511,-1.01936
2026-09-07,1.95607,-1.01929
2026-09-08,1.95368,-1.01893
2026-09-09,1.95156,-1.01861
2026-09-10,1.95193,-1.01936
2026-09-11,1.95126,-1.01989
2026-09-14,1.94949,-1.02006
2026-09-15,1.94931,-1.02015
2026-09-16,1.9497,-1.02016
2026-09-17,1.93875,-1.02552
2026-09-18,1.94077,-1.02753
2026-09-21,1.93588,-1.02456
2026-09-22,1.93225,-1.02436
2026-09-23,1.93284,-1.02422
2026-09-28,1.93426,-1.02542
2026-09-29,1.93451,-1.02547
2026-09-30,1.93067,-1.03046
2026-10-01,1.93042,-1.03129
2026-10-02,1.93062,-1.0312
