,avg_k3,avg_k5,avg_k8,asset_scope,category
069500,2,2,3,domestic_equity,broad_market
102110,2,2,3,domestic_equity,broad_market
229200,2,2,3,domestic_equity,broad_market
122630,2,2,3,domestic_equity,leveraged_inverse
114800,1,1,1,domestic_equity,leveraged_inverse
091230,2,2,3,domestic_equity,sector
091170,2,2,3,domestic_equity,sector
091180,2,2,3,domestic_equity,sector
305540,2,2,3,domestic_equity,theme
143860,2,2,3,domestic_equity,sector
117680,2,2,3,domestic_equity,sector
161510,2,2,3,domestic_equity,strategy
219480,2,2,2,foreign_equity,broad_market
133690,2,2,2,foreign_equity,broad_market
192090,2,2,4,foreign_equity,broad_market
148070,3,4,6,bond,rates
153130,3,5,8,bond,money_market
132030,3,4,7,commodity,commodity
261220,2,3,5,commodity,commodity
261240,1,1,1,fx,currency
