,069500,102110,229200,122630,114800,091230,091170,091180,305540,143860,117680,161510,219480,133690,192090,148070,153130,132030,261220,261240
069500,1,0.997815,0.647021,0.998279,-0.996083,0.776531,0.53324,0.61939,0.539538,0.480699,0.556177,0.602815,0.61016,0.422129,0.26871,0.0611739,0.0466157,0.176408,0.150468,-0.519285
102110,0.997815,1,0.644938,0.997356,-0.994892,0.774433,0.532282,0.619451,0.539591,0.479801,0.556657,0.604048,0.612973,0.425809,0.268672,0.0597612,0.0452402,0.180031,0.150579,-0.51961
229200,0.647021,0.644938,1,0.64966,-0.647851,0.658741,0.301313,0.420084,0.656345,0.756148,0.493092,0.348239,0.499816,0.398216,0.251236,0.0682892,0.0447287,0.125602,0.064485,-0.406143
122630,0.998279,0.997356,0.64966,1,-0.996205,0.776943,0.532038,0.620837,0.542454,0.483846,0.559162,0.603326,0.612182,0.423249,0.266968,0.0607242,0.0444495,0.179705,0.147781,-0.520773
114800,-0.996083,-0.994892,-0.647851,-0.996205,1,-0.776973,-0.531215,-0.618673,-0.540869,-0.48084,-0.555788,-0.60202,-0.609666,-0.42361,-0.267074,-0.0621953,-0.0446908,-0.175139,-0.151967,0.520066
091230,0.776531,0.774433,0.658741,0.776943,-0.776973,1,0.273045,0.419251,0.459577,0.410257,0.377783,0.330197,0.509131,0.444574,0.271666,0.0634761,0.0725083,0.134662,0.0924642,-0.396679
091170,0.53324,0.532282,0.301313,0.532038,-0.531215,0.273045,1,0.428621,0.261659,0.262317,0.473169,0.82964,0.386063,0.162399,0.142837,0.00489172,0.00729494,0.108048,0.15143,-0.343453
091180,0.61939,0.619451,0.420084,0.620837,-0.618673,0.419251,0.428621,1,0.401084,0.328467,0.478071,0.535499,0.402801,0.269599,0.183117,0.0270515,0.0105868,0.130303,0.106163,-0.335634
305540,0.539538,0.539591,0.656345,0.542454,-0.540869,0.459577,0.261659,0.401084,1,0.38642,0.546326,0.313221,0.412215,0.307741,0.205952,0.0385464,0.0651769,0.121782,0.111056,-0.335379
143860,0.480699,0.479801,0.756148,0.483846,-0.48084,0.410257,0.262317,0.328467,0.38642,1,0.358213,0.306072,0.39192,0.285693,0.154477,0.0931525,0.0344489,0.130027,0.0224633,-0.323619
117680,0.556177,0.556657,0.493092,0.559162,-0.555788,0.377783,0.473169,0.478071,0.546326,0.358213,1,0.580759,0.392226,0.207239,0.208559,-0.00187939,0.0318545,0.16176,0.164254,-0.350966
161510,0.602815,0.604048,0.348239,0.603326,-0.60202,0.330197,0.82964,0.535499,0.313221,0.306072,0.580759,1,0.426765,0.200687,0.175767,-0.0181433,0.0157395,0.131913,0.17588,-0.358764
219480,0.61016,0.612973,0.499816,0.612182,-0.609666,0.509131,0.386063,0.402801,0.412215,0.39192,0.392226,0.426765,1,0.787763,0.243466,0.0989967,0.0473716,0.140774,0.171903,-0.426508
133690,0.422129,0.425809,0.398216,0.423249,-0.42361,0.444574,0.162399,0.269599,0.307741,0.285693,0.207239,0.200687,0.787763,1,0.291135,0.0680294,0.0404959,0.0140576,0.0809111,-0.0347545
192090,0.26871,0.268672,0.251236,0.266968,-0.267074,0.271666,0.142837,0.183117,0.205952,0.154477,0.208559,0.175767,0.243466,0.291135,1,-0.10488,0.0159278,0.0735736,0.110174,-0.0473561
148070,0.0611739,0.0597612,0.0682892,0.0607242,-0.0621953,0.0634761,0.00489172,0.0270515,0.0385464,0.0931525,-0.00187939,-0.0181433,0.0989967,0.0680294,-0.10488,1,0.141142,0.188088,-0.186412,-0.142713
153130,0.0466157,0.0452402,0.0447287,0.0444495,-0.0446908,0.0725083,0.00729494,0.0105868,0.0651769,0.0344489,0.0318545,0.0157395,0.0473716,0.0404959,0.0159278,0.141142,1,0.0333742,-0.0192634,-0.0231199
132030,0.176408,0.180031,0.125602,0.179705,-0.175139,0.134662,0.108048,0.130303,0.121782,0.130027,0.16176,0.131913,0.140774,0.0140576,0.0735736,0.188088,0.0333742,1,0.045518,-0.283024
261220,0.150468,0.150579,0.064485,0.147781,-0.151967,0.0924642,0.15143,0.106163,0.111056,0.0224633,0.164254,0.17588,0.171903,0.0809111,0.110174,-0.186412,-0.0192634,0.045518,1,-0.0999207
261240,-0.519285,-0.51961,-0.406143,-0.520773,0.520066,-0.396679,-0.343453,-0.335634,-0.335379,-0.323619,-0.350966,-0.358764,-0.426508,-0.0347545,-0.0473561,-0.142713,-0.0231199,-0.283024,-0.0999207,1
