Date,avgcorr_domeq9_120d,avgcorr_dedup17_120d,xs_disp_volnorm_20d,vol20_069500
2019-01-03,,,,
2019-01-04,,,,
2019-01-07,,,,
2019-01-08,,,,
2019-01-09,,,,
2019-01-10,,,,
2019-01-11,,,,
2019-01-14,,,,
2019-01-15,,,,
2019-01-16,,,,
2019-01-17,,,,
2019-01-18,,,,
2019-01-21,,,,
2019-01-22,,,,
2019-01-23,,,,
2019-01-24,,,,
2019-01-25,,,,
2019-01-28,,,,
2019-01-29,,,,
2019-01-30,,,,0.141545
2019-01-31,,,,0.132683
2019-02-01,,,,0.134384
2019-02-07,,,,0.130918
2019-02-08,,,,0.142026
2019-02-11,,,,0.128156
2019-02-12,,,,0.127755
2019-02-13,,,,0.127505
2019-02-14,,,,0.121192
2019-02-15,,,,0.121224
2019-02-18,,,,0.122208
2019-02-19,,,,0.124811
2019-02-20,,,,0.127586
2019-02-21,,,,0.127703
2019-02-22,,,,0.124868
2019-02-25,,,,0.124355
2019-02-26,,,,0.124342
2019-02-27,,,,0.109318
2019-02-28,,,,0.127069
2019-03-04,,,,0.127234
2019-03-05,,,,0.120876
2019-03-06,,,,0.121066
2019-03-07,,,,0.121261
2019-03-08,,,,0.128859
2019-03-11,,,,0.120389
2019-03-12,,,,0.126674
2019-03-13,,,,0.126547
2019-03-14,,,,0.125207
2019-03-15,,,,0.127767
2019-03-18,,,,0.11993
2019-03-19,,,,0.116293
2019-03-20,,,,0.115838
2019-03-21,,,,0.110486
2019-03-22,,,,0.111099
2019-03-25,,,,0.129092
2019-03-26,,,,0.128642
2019-03-27,,,,0.128633
2019-03-28,,,,0.127913
2019-03-29,,,,0.118379
2019-04-01,,,,0.127592
2019-04-02,,,,0.125839
2019-04-03,,,,0.13488
2019-04-04,,,,0.133944
2019-04-05,,,,0.121587
2019-04-08,,,,0.122542
2019-04-09,,,,0.118669
2019-04-10,,,,0.114366
2019-04-11,,,,0.115402
2019-04-12,,,,0.109656
2019-04-15,,,,0.110025
2019-04-16,,,,0.109778
2019-04-17,,,,0.110157
2019-04-18,,,,0.12529
2019-04-19,,,,0.125145
2019-04-22,,,,0.100053
2019-04-23,,,,0.10001
2019-04-24,,,,0.109355
2019-04-25,,,,0.106995
2019-04-26,,,,0.108566
2019-04-29,,,,0.121101
2019-04-30,,,,0.123308
2019-05-02,,,,0.112743
2019-05-03,,,,0.117084
2019-05-07,,,,0.119686
2019-05-08,,,,0.120249
2019-05-09,,,,0.156936
2019-05-10,,,,0.155184
2019-05-13,,,,0.158406
2019-05-14,,,,0.157117
2019-05-15,,,,0.157463
2019-05-16,,,,0.15932
2019-05-17,,,,0.158908
2019-05-20,,,,0.155024
2019-05-21,,,,0.157531
2019-05-22,,,,0.158294
2019-05-23,,,,0.15736
2019-05-24,,,,0.155676
2019-05-27,,,,0.156259
2019-05-28,,,,0.156801
2019-05-29,,,,0.135845
2019-05-30,,,,0.143968
2019-05-31,,,,0.140934
2019-06-03,,,,0.157063
2019-06-04,,,,0.155872
2019-06-05,,,,0.156227
2019-06-07,,,,0.117715
2019-06-10,,,,0.12945
2019-06-11,,,,0.123199
2019-06-12,,,,0.123857
2019-06-13,,,,0.126732
2019-06-14,,,,0.115181
2019-06-17,,,,0.111805
2019-06-18,,,,0.112479
2019-06-19,,,,0.118803
2019-06-20,,,,0.118979
2019-06-21,,,,0.119545
2019-06-24,,,,0.114782
2019-06-25,,,,0.115365
2019-06-26,,,,0.115402
2019-06-27,,,,0.104984
2019-06-28,0.451222,0.172521,,0.104454
2019-07-01,0.450182,0.175162,,0.103651
2019-07-02,0.453902,0.176125,,0.094257
2019-07-03,0.457597,0.176044,,0.10675
2019-07-04,0.452812,0.175091,,0.109825
2019-07-05,0.437367,0.167507,,0.110227
2019-07-08,0.459338,0.173796,,0.125406
2019-07-09,0.460723,0.176898,,0.123343
2019-07-10,0.459093,0.174943,,0.12396
2019-07-11,0.456246,0.173569,,0.128024
2019-07-12,0.456375,0.173809,,0.128117
2019-07-15,0.458452,0.174315,,0.128187
2019-07-16,0.456467,0.172725,,0.127988
2019-07-17,0.459942,0.173507,,0.124021
2019-07-18,0.45973,0.172035,,0.123248
2019-07-19,0.466408,0.176953,,0.133504
2019-07-22,0.467287,0.176639,,0.133388
2019-07-23,0.465568,0.176836,,0.134366
2019-07-24,0.466853,0.176501,,0.138766
2019-07-25,0.467656,0.17527,,0.130775
2019-07-26,0.465101,0.174071,0.714805,0.130716
2019-07-29,0.48079,0.177858,0.69909,0.137976
2019-07-30,0.48171,0.17807,0.702049,0.137921
2019-07-31,0.481596,0.176981,0.683912,0.135172
2019-08-01,0.481215,0.177046,0.666084,0.130535
2019-08-02,0.486877,0.179241,0.708646,0.134974
2019-08-05,0.506751,0.173442,0.798247,0.136433
2019-08-06,0.514218,0.175693,0.759262,0.142944
2019-08-07,0.508701,0.174177,0.797858,0.141252
2019-08-08,0.512443,0.174967,0.821223,0.132505
2019-08-09,0.511603,0.173049,0.817129,0.136442
2019-08-12,0.512331,0.17317,0.810399,0.13718
2019-08-13,0.51522,0.172284,0.806721,0.136281
2019-08-14,0.515518,0.172863,0.803404,0.140375
2019-08-16,0.516565,0.171237,0.792901,0.140334
2019-08-19,0.515128,0.173044,0.812568,0.130325
2019-08-20,0.517575,0.172359,0.831939,0.13839
2019-08-21,0.518997,0.172664,0.814693,0.136573
2019-08-22,0.521952,0.173133,0.807336,0.135746
2019-08-23,0.528335,0.176259,0.796392,0.135891
2019-08-26,0.539505,0.17951,0.805872,0.141809
2019-08-27,0.538474,0.178939,0.804285,0.13877
2019-08-28,0.543979,0.180852,0.822683,0.144641
2019-08-29,0.543826,0.180795,0.808941,0.142329
2019-08-30,0.550097,0.181423,0.811545,0.157052
2019-09-02,0.545397,0.178946,0.759172,0.153035
2019-09-03,0.54689,0.179247,0.650386,0.131846
2019-09-04,0.552788,0.179988,0.663364,0.130275
2019-09-05,0.556062,0.180901,0.633315,0.129496
2019-09-06,0.556182,0.181554,0.616435,0.129588
2019-09-09,0.553838,0.180734,0.625961,0.130035
2019-09-10,0.549984,0.178858,0.65632,0.130177
2019-09-11,0.557601,0.17878,0.660928,0.121994
2019-09-16,0.558591,0.180162,0.668023,0.121193
2019-09-17,0.547873,0.173326,0.681427,0.119475
2019-09-18,0.547807,0.172829,0.660709,0.119201
2019-09-19,0.547159,0.172277,0.655972,0.11742
2019-09-20,0.546,0.171147,0.670646,0.117623
2019-09-23,0.541954,0.169707,0.694285,0.110079
2019-09-24,0.535299,0.166303,0.715953,0.108858
2019-09-25,0.5371,0.169042,0.717266,0.108593
2019-09-26,0.530935,0.166881,0.717909,0.108834
2019-09-27,0.52986,0.16722,0.721721,0.118185
2019-09-30,0.529505,0.166643,0.737832,0.115244
2019-10-01,0.525588,0.16432,0.754325,0.105181
2019-10-02,0.53251,0.166215,0.765458,0.136366
2019-10-04,0.531641,0.16756,0.781576,0.136555
2019-10-07,0.525667,0.166845,0.813843,0.127897
2019-10-08,0.526605,0.166038,0.821039,0.133966
2019-10-10,0.527531,0.16597,0.830356,0.136849
2019-10-11,0.526261,0.165256,0.841352,0.136271
2019-10-14,0.525848,0.164598,0.836408,0.13984
2019-10-15,0.525569,0.164042,0.835121,0.137934
2019-10-16,0.527416,0.164071,0.818683,0.138722
2019-10-17,0.52684,0.16417,0.814382,0.139451
2019-10-18,0.52715,0.165071,0.810597,0.143413
2019-10-21,0.526438,0.165598,0.812228,0.142842
2019-10-22,0.529856,0.164441,0.803907,0.149297
2019-10-23,0.519574,0.159791,0.835012,0.151024
2019-10-24,0.511156,0.158398,0.811379,0.14977
2019-10-25,0.50916,0.157351,0.808954,0.139797
2019-10-28,0.506164,0.157686,0.823979,0.14021
2019-10-29,0.506474,0.157501,0.800116,0.134317
2019-10-30,0.506355,0.158599,0.79098,0.13505
2019-10-31,0.505807,0.158265,0.752841,0.135446
2019-11-01,0.488865,0.154527,0.735305,0.110261
2019-11-04,0.492908,0.155886,0.732526,0.115942
2019-11-05,0.487559,0.152664,0.686691,0.116717
2019-11-06,0.489105,0.154691,0.66632,0.108694
2019-11-07,0.484244,0.151078,0.656323,0.103719
2019-11-08,0.479694,0.151504,0.648,0.104464
2019-11-11,0.478801,0.152414,0.618061,0.10534
2019-11-12,0.481487,0.152137,0.614012,0.108726
2019-11-13,0.486014,0.154262,0.608619,0.112919
2019-11-14,0.48655,0.155439,0.60112,0.114456
2019-11-15,0.490615,0.154319,0.601667,0.114417
2019-11-18,0.492956,0.155207,0.573842,0.114621
2019-11-19,0.493751,0.154946,0.587109,0.109375
2019-11-20,0.493642,0.155123,0.559911,0.117994
2019-11-21,0.49464,0.154064,0.553547,0.130568
2019-11-22,0.493477,0.154541,0.536355,0.131549
2019-11-25,0.503375,0.156036,0.515689,0.136464
2019-11-26,0.499534,0.159019,0.527821,0.136058
2019-11-27,0.499798,0.160134,0.525513,0.132187
2019-11-28,0.501466,0.161284,0.522531,0.133414
2019-11-29,0.506687,0.163596,0.524823,0.145671
2019-12-02,0.504098,0.157742,0.514008,0.136113
2019-12-03,0.50333,0.159004,0.517514,0.133773
2019-12-04,0.50454,0.158618,0.532835,0.134823
2019-12-05,0.505,0.159138,0.532817,0.134823
2019-12-06,0.504588,0.158968,0.537417,0.142846
2019-12-09,0.504927,0.158926,0.538602,0.141999
2019-12-10,0.504669,0.159238,0.536693,0.139246
2019-12-11,0.504172,0.157895,0.537818,0.137282
2019-12-12,0.512122,0.157008,0.546592,0.149204
2019-12-13,0.513328,0.157351,0.571795,0.150912
2019-12-16,0.51338,0.157009,0.600254,0.150829
2019-12-17,0.513329,0.15676,0.596173,0.15646
2019-12-18,0.511844,0.156361,0.586136,0.147189
2019-12-19,0.516435,0.15734,0.582645,0.133201
2019-12-20,0.517234,0.157082,0.568577,0.133021
2019-12-23,0.516739,0.156129,0.580794,0.12957
2019-12-24,0.517423,0.156324,0.563015,0.132994
2019-12-26,0.521112,0.15887,0.568462,0.133181
2019-12-27,0.528044,0.162934,0.570902,0.137951
2019-12-30,0.528998,0.1627,0.580884,0.118404
2020-01-02,0.512915,0.154229,0.621836,0.128853
2020-01-03,0.512779,0.153498,0.62153,0.125942
2020-01-06,0.517948,0.152106,0.619388,0.126893
2020-01-07,0.515002,0.148052,0.611268,0.127347
2020-01-08,0.526005,0.151007,0.607507,0.12858
2020-01-09,0.530114,0.148672,0.634715,0.137443
2020-01-10,0.529634,0.14857,0.652301,0.138419
2020-01-13,0.532149,0.148851,0.653322,0.140413
2020-01-14,0.531327,0.1486,0.661825,0.130288
2020-01-15,0.525734,0.144113,0.647254,0.125719
2020-01-16,0.525351,0.145297,0.644953,0.128466
2020-01-17,0.527045,0.145761,0.621166,0.121842
2020-01-20,0.526033,0.146712,0.620064,0.122998
2020-01-21,0.527564,0.149405,0.615528,0.132393
2020-01-22,0.52762,0.150555,0.648766,0.138301
2020-01-23,0.512448,0.145319,0.660988,0.148897
2020-01-28,0.530369,0.156138,0.71383,0.187153
2020-01-29,0.530361,0.157077,0.717707,0.186999
2020-01-30,0.532862,0.155775,0.731026,0.1915
2020-01-31,0.536028,0.151286,0.725512,0.194388
2020-02-03,0.5184,0.152919,0.72208,0.191451
2020-02-04,0.508533,0.148248,0.750692,0.201703
2020-02-05,0.51368,0.148588,0.746057,0.200413
2020-02-06,0.523338,0.155454,0.798361,0.222829
2020-02-07,0.523087,0.155582,0.792833,0.223884
2020-02-10,0.522688,0.155878,0.77594,0.217725
2020-02-11,0.519767,0.156802,0.779754,0.218418
2020-02-12,0.519928,0.155746,0.786163,0.21734
2020-02-13,0.51807,0.155759,0.789835,0.21693
2020-02-14,0.518034,0.154212,0.787969,0.216783
2020-02-17,0.517465,0.153042,0.782064,0.213783
2020-02-18,0.521734,0.154017,0.78954,0.220916
2020-02-19,0.520558,0.154373,0.776783,0.218926
2020-02-20,0.521127,0.154084,0.798638,0.216246
2020-02-21,0.519182,0.147943,0.777985,0.214735
2020-02-24,0.556793,0.158287,0.774685,0.24771
2020-02-25,0.556745,0.1535,0.73306,0.230389
2020-02-26,0.554988,0.150759,0.735053,0.234323
2020-02-27,0.548674,0.150383,0.745624,0.228203
2020-02-28,0.5699,0.186557,0.757561,0.251788
2020-03-02,0.561529,0.184624,0.778093,0.255387
2020-03-03,0.559926,0.181036,0.746033,0.246425
2020-03-04,0.566886,0.184031,0.74419,0.261433
2020-03-05,0.567274,0.184418,0.707148,0.237673
2020-03-06,0.57569,0.190068,0.713339,0.244647
2020-03-09,0.607339,0.212742,0.746313,0.281533
2020-03-10,0.603722,0.213111,0.741349,0.27909
2020-03-11,0.607411,0.216438,0.763739,0.286595
2020-03-12,0.633607,0.243844,0.782575,0.300158
2020-03-13,0.655383,0.264164,0.805016,0.299724
2020-03-16,0.666056,0.265692,0.827108,0.31053
2020-03-17,0.644268,0.257541,0.926294,0.312269
2020-03-18,0.67974,0.268129,0.95976,0.342403
2020-03-19,0.744698,0.285118,1.04182,0.399686
2020-03-20,0.781963,0.295436,1.06876,0.520505
2020-03-23,0.781344,0.307445,1.1182,0.539222
2020-03-24,0.802136,0.331712,1.142,0.650787
2020-03-25,0.800658,0.33604,1.20661,0.694376
2020-03-26,0.801161,0.335648,1.20163,0.695405
2020-03-27,0.798958,0.334253,1.20752,0.699327
2020-03-30,0.796121,0.333577,1.17713,0.696725
2020-03-31,0.791237,0.330559,1.23902,0.701183
2020-04-01,0.792399,0.332005,1.26076,0.706819
2020-04-02,0.792616,0.332687,1.25326,0.718551
2020-04-03,0.792758,0.332965,1.24177,0.717682
2020-04-06,0.797854,0.342132,1.19039,0.724257
2020-04-07,0.797926,0.342528,1.17508,0.726827
2020-04-08,0.79741,0.342016,1.14877,0.721271
2020-04-09,0.79589,0.342708,1.13001,0.714449
2020-04-10,0.792751,0.340323,1.12504,0.70849
2020-04-13,0.792978,0.342238,1.10487,0.69767
2020-04-14,0.793614,0.343296,0.996238,0.693152
2020-04-16,0.794822,0.342504,0.986748,0.655188
2020-04-17,0.795193,0.340942,0.895802,0.580725
2020-04-20,0.79607,0.341394,0.861269,0.538392
2020-04-21,0.796768,0.341826,0.785484,0.480207
2020-04-22,0.796424,0.336095,0.755825,0.381109
2020-04-23,0.79635,0.336202,0.671702,0.334308
2020-04-24,0.796343,0.335661,0.654503,0.330213
2020-04-27,0.792367,0.332734,0.675137,0.32723
2020-04-28,0.791502,0.331944,0.648345,0.325029
2020-04-29,0.790655,0.332,0.590525,0.321687
2020-05-04,0.790943,0.33076,0.576642,0.288565
2020-05-06,0.79162,0.331313,0.568295,0.277725
2020-05-07,0.791904,0.331177,0.561822,0.27766
2020-05-08,0.7917,0.332823,0.574746,0.246459
2020-05-11,0.791698,0.333073,0.56852,0.244423
2020-05-12,0.791043,0.332686,0.572525,0.238978
2020-05-13,0.789284,0.331184,0.570975,0.236163
2020-05-14,0.789006,0.330976,0.543698,0.238989
2020-05-15,0.788482,0.331281,0.533203,0.228994
2020-05-18,0.78755,0.331209,0.553806,0.222724
2020-05-19,0.783724,0.329647,0.572038,0.23826
2020-05-20,0.781808,0.329026,0.582089,0.215471
2020-05-21,0.78207,0.328739,0.578524,0.209475
2020-05-22,0.782,0.330181,0.580267,0.2155
2020-05-25,0.782383,0.331039,0.580175,0.217451
2020-05-26,0.782955,0.331147,0.589703,0.223092
2020-05-27,0.779713,0.329881,0.609881,0.213469
2020-05-28,0.77629,0.32838,0.587549,0.204557
2020-05-29,0.775341,0.328045,0.597224,0.204729
2020-06-01,0.776297,0.328289,0.599245,0.213505
2020-06-02,0.775579,0.327866,0.600786,0.174079
2020-06-03,0.768635,0.32367,0.655841,0.201352
2020-06-04,0.767721,0.323783,0.671622,0.199811
2020-06-05,0.768342,0.323771,0.657593,0.203348
2020-06-08,0.768639,0.323496,0.65021,0.199347
2020-06-09,0.767998,0.323262,0.64764,0.194157
2020-06-10,0.76626,0.322426,0.641143,0.193916
2020-06-11,0.763939,0.321199,0.670879,0.202127
2020-06-12,0.763616,0.322905,0.68899,0.22347
2020-06-15,0.772447,0.329118,0.687058,0.300453
2020-06-16,0.781434,0.333987,0.641638,0.354885
2020-06-17,0.780276,0.333595,0.634615,0.355642
2020-06-18,0.780279,0.333587,0.626344,0.356398
2020-06-19,0.780746,0.333652,0.61987,0.348197
2020-06-22,0.779508,0.333153,0.631201,0.349081
2020-06-23,0.779406,0.333032,0.627512,0.344807
2020-06-24,0.7782,0.332443,0.607943,0.34809
2020-06-25,0.778492,0.333318,0.596916,0.362898
2020-06-26,0.778414,0.333916,0.589547,0.365041
2020-06-29,0.77983,0.335613,0.574194,0.365286
2020-06-30,0.779415,0.336706,0.556391,0.364737
2020-07-01,0.777705,0.335987,0.509353,0.340274
2020-07-02,0.777531,0.336405,0.489497,0.343605
2020-07-03,0.778447,0.338225,0.486178,0.339279
2020-07-06,0.778475,0.336328,0.493808,0.344018
2020-07-07,0.778443,0.335861,0.481806,0.346723
2020-07-08,0.778841,0.336027,0.466129,0.346547
2020-07-09,0.779145,0.33611,0.434915,0.341897
2020-07-10,0.778889,0.336077,0.424585,0.335147
2020-07-13,0.778487,0.335933,0.418568,0.277786
2020-07-14,0.779001,0.336168,0.411852,0.185846
2020-07-15,0.777571,0.335584,0.409353,0.187673
2020-07-16,0.777141,0.334124,0.425596,0.192518
2020-07-17,0.776961,0.334228,0.442528,0.193627
2020-07-20,0.775077,0.336281,0.430994,0.191522
2020-07-21,0.77475,0.335355,0.434123,0.196703
2020-07-22,0.773078,0.334943,0.447889,0.19079
2020-07-23,0.771541,0.335127,0.446743,0.165001
2020-07-24,0.772825,0.335704,0.438327,0.161394
2020-07-27,0.772365,0.336026,0.456247,0.149305
2020-07-28,0.772247,0.336027,0.460648,0.16124
2020-07-29,0.770534,0.334883,0.457943,0.160978
2020-07-30,0.769432,0.334551,0.46889,0.157552
2020-07-31,0.768974,0.334108,0.483705,0.160961
2020-08-03,0.76749,0.333709,0.502573,0.153453
2020-08-04,0.767391,0.333731,0.51174,0.148941
2020-08-05,0.766503,0.333614,0.536777,0.150019
2020-08-06,0.765874,0.33282,0.551592,0.156162
2020-08-07,0.763817,0.332256,0.565181,0.147651
2020-08-10,0.758922,0.330015,0.598279,0.142943
2020-08-11,0.757159,0.32886,0.621728,0.14386
2020-08-12,0.755103,0.328178,0.630622,0.142766
2020-08-13,0.753805,0.329034,0.627979,0.131689
2020-08-14,0.749424,0.330615,0.624259,0.143063
2020-08-18,0.752251,0.32783,0.626627,0.167692
2020-08-19,0.752752,0.328384,0.618422,0.162665
2020-08-20,0.756101,0.332213,0.614076,0.221086
2020-08-21,0.753439,0.326821,0.605651,0.224551
2020-08-24,0.756437,0.326767,0.617887,0.224596
2020-08-25,0.75706,0.327541,0.602579,0.226243
2020-08-26,0.756194,0.327682,0.603148,0.216855
2020-08-27,0.756892,0.326499,0.594689,0.220244
2020-08-28,0.755639,0.325496,0.583064,0.220665
2020-08-31,0.75129,0.325539,0.580391,0.22749
2020-09-01,0.752157,0.324833,0.556757,0.228599
2020-09-02,0.751974,0.323281,0.555392,0.225764
2020-09-03,0.74598,0.315708,0.537448,0.228589
2020-09-04,0.740672,0.311214,0.51749,0.22879
2020-09-07,0.73659,0.311276,0.503366,0.228869
2020-09-08,0.744759,0.315035,0.466275,0.227128
2020-09-09,0.733414,0.315128,0.450621,0.226062
2020-09-10,0.695541,0.304619,0.421174,0.228029
2020-09-11,0.663971,0.300076,0.412704,0.228025
2020-09-14,0.652599,0.286782,0.413799,0.230544
2020-09-15,0.619547,0.268191,0.400581,0.218023
2020-09-16,0.60216,0.257691,0.407913,0.218448
2020-09-17,0.605076,0.262244,0.400664,0.169855
2020-09-18,0.605202,0.263484,0.401262,0.163352
2020-09-21,0.608088,0.26535,0.407869,0.163731
2020-09-22,0.620092,0.271709,0.419712,0.17875
2020-09-23,0.604311,0.268186,0.426359,0.179506
2020-09-24,0.615036,0.270036,0.444055,0.194983
2020-09-25,0.615808,0.269929,0.444137,0.194599
2020-09-28,0.606148,0.257564,0.445192,0.194041
2020-09-29,0.606666,0.256916,0.438687,0.19485
2020-10-05,0.605611,0.256174,0.454317,0.197901
2020-10-06,0.605578,0.253579,0.447614,0.190449
2020-10-07,0.609834,0.254207,0.442636,0.1861
2020-10-08,0.606531,0.249704,0.431949,0.185611
2020-10-12,0.604823,0.248068,0.422687,0.180809
2020-10-13,0.609102,0.247917,0.419779,0.174592
2020-10-14,0.61145,0.25052,0.416008,0.175663
2020-10-15,0.608965,0.248051,0.438993,0.177665
2020-10-16,0.608259,0.247174,0.426109,0.171014
2020-10-19,0.604847,0.248849,0.452536,0.168232
2020-10-20,0.604034,0.247763,0.449706,0.17078
2020-10-21,0.600766,0.248564,0.440055,0.163231
2020-10-22,0.597705,0.25135,0.461654,0.164321
2020-10-23,0.596014,0.25335,0.459197,0.16217
2020-10-26,0.597271,0.256316,0.473506,0.136718
2020-10-27,0.590104,0.258503,0.47962,0.14043
2020-10-28,0.590546,0.259119,0.467207,0.109284
2020-10-29,0.586887,0.258593,0.492429,0.117083
2020-10-30,0.592905,0.26172,0.489163,0.14527
2020-11-02,0.593932,0.260345,0.505198,0.152147
2020-11-03,0.595861,0.262837,0.49501,0.163984
2020-11-04,0.594028,0.264346,0.517425,0.165332
2020-11-05,0.595767,0.268339,0.522639,0.179755
2020-11-06,0.595812,0.267898,0.527012,0.179887
2020-11-09,0.599508,0.26998,0.525953,0.184465
2020-11-10,0.59383,0.266091,0.555995,0.184515
2020-11-11,0.594973,0.265607,0.587217,0.187046
2020-11-12,0.594759,0.265721,0.571865,0.185436
2020-11-13,0.590947,0.26307,0.579454,0.184755
2020-11-16,0.58739,0.259446,0.578609,0.195185
2020-11-17,0.584376,0.258329,0.571628,0.195538
2020-11-18,0.588459,0.259311,0.573381,0.196299
2020-11-19,0.590205,0.264201,0.554187,0.192646
2020-11-20,0.591158,0.265174,0.537343,0.192934
2020-11-23,0.58696,0.262526,0.52501,0.202597
2020-11-24,0.585313,0.261724,0.512729,0.195972
2020-11-25,0.591817,0.266972,0.514864,0.200334
2020-11-26,0.59419,0.267394,0.494388,0.191967
2020-11-27,0.591553,0.266722,0.494345,0.145651
2020-11-30,0.5912,0.267897,0.499961,0.164121
2020-12-01,0.593226,0.270661,0.499212,0.160178
2020-12-02,0.596324,0.270813,0.477046,0.165104
2020-12-03,0.600583,0.273248,0.49223,0.155105
2020-12-04,0.598349,0.269265,0.506139,0.160116
2020-12-07,0.547139,0.247408,0.541199,0.158646
2020-12-08,0.504323,0.221253,0.545631,0.176451
2020-12-09,0.509556,0.222169,0.530823,0.183535
2020-12-10,0.507037,0.22088,0.535605,0.186299
2020-12-11,0.506344,0.220843,0.532255,0.185803
2020-12-14,0.510003,0.221887,0.510316,0.179225
2020-12-15,0.51049,0.221942,0.512052,0.179126
2020-12-16,0.510566,0.221749,0.507351,0.178
2020-12-17,0.502933,0.217045,0.506031,0.178746
2020-12-18,0.503395,0.217109,0.509994,0.179593
2020-12-21,0.492976,0.209842,0.508341,0.166221
2020-12-22,0.502052,0.214064,0.503857,0.180066
2020-12-23,0.500717,0.21429,0.515247,0.182165
2020-12-24,0.499268,0.211589,0.510867,0.190182
2020-12-28,0.498357,0.210707,0.510495,0.190149
2020-12-29,0.497383,0.20991,0.517892,0.181292
2020-12-30,0.495413,0.209973,0.515608,0.186057
2021-01-04,0.48561,0.212171,0.566929,0.195489
2021-01-05,0.483665,0.210047,0.574091,0.197981
2021-01-06,0.481939,0.207966,0.562456,0.201415
2021-01-07,0.483983,0.209477,0.539516,0.211204
2021-01-08,0.476642,0.207818,0.564018,0.23263
2021-01-11,0.475797,0.206599,0.573396,0.227684
2021-01-12,0.47527,0.206928,0.57471,0.227477
2021-01-13,0.475688,0.206915,0.571365,0.22763
2021-01-14,0.476933,0.207196,0.576931,0.225985
2021-01-15,0.483322,0.208663,0.584438,0.249042
2021-01-18,0.491444,0.209428,0.608512,0.271258
2021-01-19,0.498292,0.208592,0.621404,0.279413
2021-01-20,0.493354,0.206731,0.637153,0.277754
2021-01-21,0.493649,0.207467,0.641468,0.277999
2021-01-22,0.495469,0.207705,0.640917,0.268891
2021-01-25,0.4974,0.207716,0.630803,0.273612
2021-01-26,0.501248,0.208073,0.634111,0.298916
2021-01-27,0.502393,0.209005,0.624326,0.300905
2021-01-28,0.513648,0.214791,0.597659,0.310131
2021-01-29,0.527061,0.215411,0.590009,0.317744
2021-02-01,0.540861,0.217337,0.550083,0.316472
2021-02-02,0.539357,0.219339,0.534355,0.316341
2021-02-03,0.543133,0.220904,0.541567,0.313879
2021-02-04,0.546729,0.223645,0.532649,0.311846
2021-02-05,0.548383,0.225403,0.478614,0.273196
2021-02-08,0.545211,0.223092,0.501543,0.274868
2021-02-09,0.546333,0.222413,0.488017,0.273932
2021-02-10,0.543794,0.222345,0.481635,0.274443
2021-02-15,0.525186,0.2255,0.49347,0.279914
2021-02-16,0.523342,0.224943,0.494605,0.26773
2021-02-17,0.501076,0.212198,0.47862,0.255891
2021-02-18,0.504694,0.212757,0.452899,0.245264
2021-02-19,0.504236,0.211878,0.436438,0.246424
2021-02-22,0.497022,0.210434,0.441317,0.242735
2021-02-23,0.49598,0.209203,0.456938,0.241832
2021-02-24,0.5038,0.212147,0.455308,0.233877
2021-02-25,0.516002,0.217066,0.460477,0.253811
2021-02-26,0.525766,0.228008,0.461698,0.272411
2021-03-02,0.525742,0.226277,0.464552,0.267867
2021-03-03,0.527619,0.226141,0.463241,0.25618
2021-03-04,0.527194,0.225839,0.461387,0.246255
2021-03-05,0.523685,0.22257,0.46002,0.240497
2021-03-08,0.516154,0.220058,0.483208,0.239587
2021-03-09,0.515571,0.221179,0.495353,0.233748
2021-03-10,0.512858,0.216271,0.500048,0.228069
2021-03-11,0.515652,0.217709,0.465909,0.239571
2021-03-12,0.515565,0.216886,0.47399,0.241774
2021-03-15,0.51336,0.215781,0.4834,0.24074
2021-03-16,0.511332,0.215722,0.482081,0.236419
2021-03-17,0.512151,0.216613,0.472594,0.236711
2021-03-18,0.51233,0.215465,0.460529,0.236243
2021-03-19,0.513258,0.214037,0.461171,0.233801
2021-03-22,0.511989,0.212018,0.465991,0.231406
2021-03-23,0.504734,0.207572,0.444394,0.230834
2021-03-24,0.505401,0.208254,0.435242,0.231208
2021-03-25,0.48595,0.201316,0.430242,0.218812
2021-03-26,0.485948,0.200787,0.42623,0.178051
2021-03-29,0.480823,0.196944,0.446944,0.147211
2021-03-30,0.478859,0.195254,0.457929,0.147416
2021-03-31,0.476268,0.197531,0.469586,0.141874
2021-04-01,0.471815,0.196591,0.492146,0.137821
2021-04-02,0.469803,0.196425,0.506692,0.140807
2021-04-05,0.466975,0.195865,0.499547,0.134872
2021-04-06,0.468149,0.195479,0.483321,0.131325
2021-04-07,0.468165,0.196997,0.477615,0.12782
2021-04-08,0.463004,0.195659,0.483168,0.110392
2021-04-09,0.464529,0.196934,0.483626,0.109322
2021-04-12,0.462493,0.196577,0.491872,0.10719
2021-04-13,0.466969,0.197514,0.482362,0.11035
2021-04-14,0.467342,0.198461,0.486189,0.106094
2021-04-15,0.467622,0.198253,0.495914,0.104382
2021-04-16,0.472045,0.198967,0.50557,0.0939104
2021-04-19,0.47314,0.19958,0.516251,0.0943016
2021-04-20,0.468733,0.194097,0.526135,0.0844522
2021-04-21,0.47495,0.195465,0.520432,0.110158
2021-04-22,0.47312,0.195544,0.521873,0.109917
2021-04-23,0.476441,0.195345,0.535012,0.106932
2021-04-26,0.46342,0.182909,0.520029,0.109084
2021-04-27,0.454812,0.181769,0.556829,0.103846
2021-04-28,0.450738,0.177345,0.576288,0.111939
2021-04-29,0.456414,0.177323,0.557104,0.109385
2021-04-30,0.448085,0.171722,0.571703,0.105585
2021-05-03,0.452713,0.172293,0.573373,0.107531
2021-05-04,0.450667,0.170466,0.580583,0.111902
2021-05-06,0.452217,0.171812,0.630759,0.113685
2021-05-07,0.455039,0.173464,0.62492,0.115838
2021-05-10,0.458572,0.173799,0.628785,0.127516
2021-05-11,0.455581,0.172563,0.661656,0.144583
2021-05-12,0.459109,0.171221,0.669046,0.150861
2021-05-13,0.457064,0.172203,0.706703,0.152516
2021-05-14,0.45348,0.171499,0.736472,0.157281
2021-05-17,0.455459,0.170154,0.736273,0.157616
2021-05-18,0.458837,0.171168,0.73061,0.164609
2021-05-20,0.456963,0.171908,0.750366,0.162558
2021-05-21,0.457987,0.172203,0.761025,0.150163
2021-05-24,0.458654,0.172565,0.777435,0.150152
2021-05-25,0.459791,0.173947,0.760924,0.154433
2021-05-26,0.461155,0.175228,0.768114,0.150429
2021-05-27,0.458943,0.173314,0.729346,0.150276
2021-05-28,0.455864,0.16974,0.712459,0.147783
2021-05-31,0.452645,0.169821,0.710889,0.147923
2021-06-01,0.453796,0.170483,0.674824,0.146566
2021-06-02,0.453274,0.170536,0.648999,0.144253
2021-06-03,0.45885,0.172637,0.663777,0.144933
2021-06-04,0.455779,0.17388,0.613404,0.144778
2021-06-07,0.451468,0.173004,0.619533,0.143629
2021-06-08,0.452588,0.174117,0.615342,0.130541
2021-06-09,0.456226,0.173989,0.569052,0.120982
2021-06-10,0.454146,0.173701,0.570145,0.104366
2021-06-11,0.45405,0.173148,0.542865,0.0956098
2021-06-14,0.451828,0.171856,0.524111,0.0917427
2021-06-15,0.454002,0.172286,0.515261,0.0891995
2021-06-16,0.453833,0.171421,0.522353,0.0826464
2021-06-17,0.454671,0.171061,0.503152,0.0850542
2021-06-18,0.443651,0.163719,0.507849,0.0849799
2021-06-21,0.447512,0.164897,0.50583,0.0926969
2021-06-22,0.446492,0.164291,0.521641,0.0899998
2021-06-23,0.446156,0.164708,0.525672,0.0904474
2021-06-24,0.446558,0.16629,0.533695,0.0900508
2021-06-25,0.446154,0.166619,0.544035,0.0893731
2021-06-28,0.459492,0.162929,0.532995,0.0893905
2021-06-29,0.457269,0.164872,0.555804,0.0896864
2021-06-30,0.457889,0.165726,0.546767,0.0899433
2021-07-01,0.449589,0.160458,0.540571,0.0875138
2021-07-02,0.456405,0.160613,0.534265,0.0863909
2021-07-05,0.45689,0.161905,0.537559,0.0870201
2021-07-06,0.456667,0.16292,0.552074,0.0876619
2021-07-07,0.455794,0.16168,0.56446,0.0796778
2021-07-08,0.458496,0.161335,0.552805,0.0889789
2021-07-09,0.453195,0.159721,0.557322,0.0931991
2021-07-12,0.450658,0.161936,0.546712,0.0991194
2021-07-13,0.444214,0.162926,0.555822,0.103297
2021-07-14,0.445484,0.161415,0.54774,0.101658
2021-07-15,0.449306,0.161123,0.535902,0.102279
2021-07-16,0.447714,0.161384,0.52491,0.103074
2021-07-19,0.445691,0.16205,0.520329,0.105363
2021-07-20,0.442806,0.160476,0.507479,0.102685
2021-07-21,0.442118,0.160245,0.490425,0.10156
2021-07-22,0.433739,0.152671,0.492587,0.11117
2021-07-23,0.409276,0.148423,0.475993,0.109605
2021-07-26,0.383261,0.141214,0.471646,0.115289
2021-07-27,0.384148,0.13892,0.453934,0.115304
2021-07-28,0.385683,0.138793,0.471354,0.115037
2021-07-29,0.38435,0.137777,0.460219,0.113938
2021-07-30,0.38614,0.136505,0.4762,0.121115
2021-08-02,0.396206,0.139617,0.483868,0.121106
2021-08-03,0.393352,0.13919,0.491122,0.124613
2021-08-04,0.394035,0.140016,0.488052,0.133631
2021-08-05,0.395517,0.140975,0.490761,0.128063
2021-08-06,0.397273,0.141549,0.472461,0.122834
2021-08-09,0.396437,0.141396,0.488756,0.120191
2021-08-10,0.388241,0.137498,0.493916,0.118139
2021-08-11,0.382594,0.136717,0.524361,0.121468
2021-08-12,0.381297,0.136112,0.548753,0.118385
2021-08-13,0.386474,0.13743,0.54626,0.130251
2021-08-17,0.371897,0.128188,0.54938,0.13032
2021-08-18,0.340137,0.114623,0.547535,0.132701
2021-08-19,0.347318,0.105678,0.569266,0.147673
2021-08-20,0.353278,0.108082,0.54878,0.138754
2021-08-23,0.352982,0.108593,0.562401,0.144562
2021-08-24,0.358655,0.109687,0.602007,0.161376
2021-08-25,0.359914,0.109866,0.608473,0.16185
2021-08-26,0.369317,0.115035,0.598541,0.162112
2021-08-27,0.372153,0.113704,0.593488,0.161649
2021-08-30,0.366382,0.114898,0.609544,0.158054
2021-08-31,0.359313,0.109478,0.596116,0.173997
2021-09-01,0.357176,0.109882,0.573421,0.170574
2021-09-02,0.35971,0.11004,0.576697,0.162958
2021-09-03,0.361465,0.108279,0.573764,0.165958
2021-09-06,0.360806,0.107543,0.578231,0.166664
2021-09-07,0.35899,0.107004,0.579663,0.167077
2021-09-08,0.356654,0.107741,0.591673,0.16812
2021-09-09,0.361001,0.107777,0.570832,0.175977
2021-09-10,0.354214,0.106148,0.572685,0.177445
2021-09-13,0.35413,0.106172,0.59291,0.168446
2021-09-14,0.356563,0.106097,0.584257,0.16531
2021-09-15,0.354953,0.105739,0.589195,0.164378
2021-09-16,0.357183,0.105095,0.577167,0.150276
2021-09-17,0.355788,0.105206,0.58959,0.145359
2021-09-23,0.357963,0.106525,0.586574,0.142665
2021-09-24,0.360817,0.105601,0.57813,0.125266
2021-09-27,0.363051,0.105507,0.589205,0.125366
2021-09-28,0.364617,0.107744,0.625109,0.131093
2021-09-29,0.364279,0.110324,0.640829,0.138626
2021-09-30,0.362496,0.110038,0.616255,0.139389
2021-10-01,0.373867,0.113736,0.617205,0.129752
2021-10-05,0.37614,0.114077,0.666434,0.13497
2021-10-06,0.389555,0.116669,0.680992,0.140081
2021-10-07,0.396293,0.122969,0.694056,0.154248
2021-10-08,0.392023,0.121428,0.720554,0.152049
2021-10-12,0.391473,0.124902,0.714175,0.159083
2021-10-13,0.396453,0.127973,0.710223,0.166353
2021-10-14,0.40009,0.131296,0.721865,0.166849
2021-10-15,0.399643,0.131721,0.716013,0.171
2021-10-18,0.395828,0.130766,0.69255,0.170377
2021-10-19,0.395774,0.131013,0.687253,0.171827
2021-10-20,0.396096,0.133038,0.699377,0.171531
2021-10-21,0.394548,0.132979,0.709888,0.169824
2021-10-22,0.399887,0.13432,0.705226,0.169327
2021-10-25,0.401574,0.134679,0.696106,0.171287
2021-10-26,0.402492,0.134323,0.67834,0.175618
2021-10-27,0.406943,0.136244,0.654634,0.176525
2021-10-28,0.400314,0.134288,0.65583,0.171471
2021-10-29,0.404343,0.14003,0.654709,0.174391
2021-11-01,0.407887,0.142869,0.662919,0.174382
2021-11-02,0.406953,0.141998,0.656417,0.168918
2021-11-03,0.397079,0.139389,0.625127,0.168197
2021-11-04,0.404556,0.141941,0.606695,0.158296
2021-11-05,0.400579,0.141537,0.617125,0.148536
2021-11-08,0.400067,0.138018,0.611131,0.148382
2021-11-09,0.404071,0.137918,0.603476,0.133202
2021-11-10,0.408514,0.140117,0.601771,0.135414
2021-11-11,0.398087,0.136262,0.595103,0.127449
2021-11-12,0.412344,0.138076,0.588129,0.127795
2021-11-15,0.414604,0.141669,0.623759,0.134
2021-11-16,0.415889,0.142343,0.626553,0.130737
2021-11-17,0.418557,0.140314,0.62001,0.137356
2021-11-18,0.418016,0.139572,0.615559,0.13787
2021-11-19,0.418368,0.14176,0.632794,0.140673
2021-11-22,0.412534,0.138776,0.670307,0.162354
2021-11-23,0.411823,0.141117,0.690977,0.162162
2021-11-24,0.409991,0.140656,0.716094,0.159539
2021-11-25,0.412103,0.140498,0.674919,0.161416
2021-11-26,0.414067,0.140405,0.694147,0.164708
2021-11-29,0.419681,0.146448,0.684634,0.165823
2021-11-30,0.436107,0.153217,0.6979,0.170641
2021-12-01,0.438673,0.152742,0.701581,0.188844
2021-12-02,0.43145,0.147019,0.734996,0.196578
2021-12-03,0.438242,0.151879,0.727467,0.197889
2021-12-06,0.436549,0.151862,0.71521,0.197869
2021-12-07,0.438828,0.153201,0.713551,0.199681
2021-12-08,0.438107,0.155833,0.72009,0.195375
2021-12-09,0.439582,0.157282,0.705149,0.195339
2021-12-10,0.439457,0.157457,0.710553,0.193912
2021-12-13,0.441489,0.158844,0.680373,0.189805
2021-12-14,0.441261,0.15787,0.677701,0.19087
2021-12-15,0.442071,0.158982,0.664823,0.184831
2021-12-16,0.444326,0.161193,0.649046,0.184714
2021-12-17,0.440086,0.157721,0.664785,0.183427
2021-12-20,0.447545,0.163867,0.628904,0.176783
2021-12-21,0.446418,0.165228,0.618735,0.176872
2021-12-22,0.447554,0.16484,0.605421,0.177811
2021-12-23,0.447538,0.165024,0.610432,0.176246
2021-12-24,0.447791,0.164933,0.592387,0.162072
2021-12-27,0.446681,0.165136,0.602127,0.160576
2021-12-28,0.449516,0.169131,0.613037,0.137426
2021-12-29,0.448736,0.168994,0.610163,0.116129
2021-12-30,0.448724,0.170851,0.580172,0.108328
2022-01-03,0.446698,0.171285,0.568593,0.105808
2022-01-04,0.4433,0.170491,0.579574,0.105891
2022-01-05,0.436979,0.166469,0.613564,0.11478
2022-01-06,0.432386,0.16979,0.62671,0.118304
2022-01-07,0.434353,0.17118,0.627103,0.127051
2022-01-10,0.423562,0.169617,0.665677,0.128398
2022-01-11,0.422556,0.168632,0.676532,0.128983
2022-01-12,0.432192,0.176543,0.692863,0.140371
2022-01-13,0.43035,0.176557,0.710139,0.141776
2022-01-14,0.43323,0.182225,0.7375,0.150787
2022-01-17,0.432887,0.182393,0.718238,0.15193
2022-01-18,0.434278,0.182345,0.716951,0.139974
2022-01-19,0.430838,0.18114,0.722415,0.138089
2022-01-20,0.426094,0.180931,0.759223,0.138432
2022-01-21,0.428199,0.183723,0.780234,0.140516
2022-01-24,0.434882,0.184801,0.784216,0.139087
2022-01-25,0.448017,0.192417,0.785842,0.158459
2022-01-26,0.444716,0.192291,0.802117,0.151839
2022-01-27,0.465012,0.201467,0.819934,0.182872
2022-01-28,0.47258,0.205372,0.837254,0.216859
2022-02-03,0.476607,0.210102,0.856032,0.221409
2022-02-04,0.477393,0.209988,0.856651,0.229675
2022-02-07,0.479788,0.211338,0.824338,0.227668
2022-02-08,0.479651,0.211759,0.798814,0.22701
2022-02-09,0.490226,0.215869,0.819964,0.228195
2022-02-10,0.489485,0.214862,0.793789,0.230682
2022-02-11,0.485879,0.215941,0.810005,0.231323
2022-02-14,0.487996,0.216461,0.793923,0.22321
2022-02-15,0.487604,0.215527,0.790703,0.223302
2022-02-16,0.484521,0.211946,0.796666,0.23188
2022-02-17,0.478947,0.211963,0.793474,0.233229
2022-02-18,0.475914,0.211386,0.786066,0.232291
2022-02-21,0.471808,0.210629,0.765472,0.231411
2022-02-22,0.473368,0.209889,0.725512,0.234584
2022-02-23,0.474723,0.209875,0.701317,0.232794
2022-02-24,0.4881,0.20475,0.702401,0.24707
2022-02-25,0.491443,0.204413,0.726861,0.23638
2022-02-28,0.488551,0.204082,0.697505,0.237811
2022-03-02,0.481993,0.204802,0.705191,0.202561
2022-03-03,0.488508,0.207703,0.691982,0.191628
2022-03-04,0.487214,0.207829,0.691092,0.1979
2022-03-07,0.49457,0.204562,0.687964,0.206896
2022-03-08,0.497362,0.204165,0.708785,0.208585
2022-03-10,0.503781,0.20146,0.718564,0.22306
2022-03-11,0.501387,0.201382,0.712106,0.216239
2022-03-14,0.499132,0.201797,0.728742,0.212861
2022-03-15,0.499707,0.20434,0.714709,0.212593
2022-03-16,0.501507,0.206788,0.732644,0.216724
2022-03-17,0.505282,0.209844,0.741261,0.222883
2022-03-18,0.506374,0.211622,0.709325,0.213046
2022-03-21,0.507052,0.210785,0.709285,0.213829
2022-03-22,0.509351,0.210455,0.727614,0.216815
2022-03-23,0.514797,0.210802,0.738087,0.219479
2022-03-24,0.516352,0.211181,0.732281,0.213726
2022-03-25,0.519858,0.211562,0.737177,0.213808
2022-03-28,0.519522,0.21102,0.733677,0.190249
2022-03-29,0.519944,0.208554,0.701826,0.187125
2022-03-30,0.513879,0.207127,0.701851,0.185708
2022-03-31,0.514351,0.20696,0.676784,0.185122
2022-04-01,0.507765,0.206939,0.664745,0.174588
2022-04-04,0.50386,0.20386,0.636669,0.165862
2022-04-05,0.506528,0.204451,0.640749,0.141755
2022-04-06,0.505128,0.20373,0.635331,0.138352
2022-04-07,0.505416,0.203657,0.623166,0.129235
2022-04-08,0.502163,0.20119,0.628395,0.128461
2022-04-11,0.497198,0.200357,0.630844,0.128222
2022-04-12,0.497591,0.199615,0.613969,0.128934
2022-04-13,0.499963,0.199475,0.603205,0.135467
2022-04-14,0.501886,0.199848,0.581506,0.125802
2022-04-15,0.503768,0.201378,0.584214,0.131735
2022-04-18,0.503159,0.201267,0.583201,0.127433
2022-04-19,0.506645,0.202908,0.577457,0.13056
2022-04-20,0.504944,0.202691,0.574813,0.125881
2022-04-21,0.50497,0.202154,0.577133,0.126463
2022-04-22,0.508962,0.203306,0.581599,0.131311
2022-04-25,0.513443,0.203902,0.56728,0.141742
2022-04-26,0.510508,0.201426,0.590757,0.141162
2022-04-27,0.508711,0.199963,0.598296,0.143997
2022-04-28,0.5067,0.201153,0.60891,0.149295
2022-04-29,0.503627,0.200935,0.638117,0.159462
2022-05-02,0.5066,0.203722,0.642958,0.158205
2022-05-03,0.508249,0.204094,0.626766,0.158228
2022-05-04,0.50728,0.203444,0.620236,0.155254
2022-05-06,0.507595,0.203255,0.617008,0.156121
2022-05-09,0.514041,0.205963,0.597595,0.158864
2022-05-10,0.505598,0.203977,0.572053,0.159301
2022-05-11,0.500569,0.201472,0.61397,0.15673
2022-05-12,0.499958,0.19874,0.652174,0.146549
2022-05-13,0.504951,0.199228,0.676892,0.173463
2022-05-16,0.506171,0.199466,0.675591,0.169387
2022-05-17,0.508134,0.198626,0.666736,0.173629
2022-05-18,0.512032,0.201134,0.669022,0.167644
2022-05-19,0.515084,0.19897,0.685093,0.174024
2022-05-20,0.523507,0.203224,0.695905,0.186373
2022-05-23,0.523296,0.203535,0.683858,0.183323
2022-05-24,0.52547,0.205975,0.716264,0.186522
2022-05-25,0.523759,0.204267,0.694591,0.186552
2022-05-26,0.513265,0.200396,0.681839,0.182225
2022-05-27,0.512355,0.200291,0.659849,0.182799
2022-05-30,0.515676,0.204949,0.628541,0.180763
2022-05-31,0.512214,0.201571,0.634761,0.180876
2022-06-02,0.513237,0.203104,0.641996,0.184941
2022-06-03,0.512882,0.203208,0.624076,0.185881
2022-06-07,0.518194,0.20481,0.634316,0.191227
2022-06-08,0.517674,0.204757,0.631978,0.188336
2022-06-09,0.517299,0.204166,0.623688,0.187682
2022-06-10,0.519365,0.203422,0.588311,0.191425
2022-06-13,0.543986,0.218318,0.565071,0.223258
2022-06-14,0.542486,0.218412,0.560485,0.203532
2022-06-15,0.546594,0.219178,0.568654,0.210717
2022-06-16,0.549759,0.220221,0.573694,0.205442
2022-06-17,0.545833,0.216671,0.582035,0.204656
2022-06-20,0.552711,0.21592,0.569855,0.205993
2022-06-21,0.553901,0.216709,0.566159,0.192968
2022-06-22,0.566072,0.218024,0.594674,0.20361
2022-06-23,0.56976,0.21601,0.592384,0.198474
2022-06-24,0.584075,0.223873,0.600975,0.217248
2022-06-27,0.582005,0.221555,0.631733,0.226241
2022-06-28,0.582681,0.221734,0.630334,0.223976
2022-06-29,0.586708,0.222956,0.653805,0.218319
2022-06-30,0.585062,0.222506,0.687446,0.218285
2022-07-01,0.585008,0.222485,0.704788,0.218118
2022-07-04,0.589111,0.22342,0.715582,0.214943
2022-07-05,0.597403,0.226494,0.730999,0.224857
2022-07-06,0.599763,0.229137,0.767712,0.23129
2022-07-07,0.60753,0.230982,0.773718,0.249734
2022-07-08,0.609949,0.231461,0.773588,0.252035
2022-07-11,0.604786,0.227126,0.754865,0.223458
2022-07-12,0.606955,0.227331,0.755209,0.224579
2022-07-13,0.607825,0.224208,0.769097,0.219757
2022-07-14,0.606816,0.223877,0.769062,0.219706
2022-07-15,0.603801,0.222973,0.775177,0.22089
2022-07-18,0.607289,0.225875,0.796031,0.229254
2022-07-19,0.610837,0.225924,0.797101,0.22859
2022-07-20,0.613384,0.224956,0.778364,0.209386
2022-07-21,0.610078,0.224324,0.764003,0.209009
2022-07-22,0.604274,0.220373,0.740915,0.199243
2022-07-25,0.607869,0.221257,0.720172,0.194708
2022-07-26,0.599403,0.216524,0.713883,0.193225
2022-07-27,0.594226,0.214283,0.691212,0.182272
2022-07-28,0.592869,0.212027,0.657096,0.170437
2022-07-29,0.594734,0.213855,0.627256,0.163985
2022-08-01,0.593703,0.213756,0.627758,0.16419
2022-08-02,0.595432,0.213332,0.597861,0.159498
2022-08-03,0.594209,0.211627,0.560706,0.130157
2022-08-04,0.596683,0.212608,0.55027,0.114899
2022-08-05,0.59989,0.213224,0.565462,0.115272
2022-08-08,0.594804,0.213162,0.57248,0.112204
2022-08-09,0.594669,0.214273,0.558447,0.102138
2022-08-10,0.587115,0.212814,0.559349,0.115373
2022-08-11,0.591788,0.216602,0.55902,0.122689
2022-08-12,0.591459,0.216612,0.53384,0.12239
2022-08-16,0.590235,0.215556,0.509738,0.101235
2022-08-17,0.587777,0.215573,0.511103,0.102883
2022-08-18,0.587368,0.215732,0.514041,0.103461
2022-08-19,0.576268,0.21785,0.514747,0.101236
2022-08-22,0.581395,0.220112,0.517428,0.110222
2022-08-23,0.583049,0.221211,0.50224,0.119158
2022-08-24,0.589482,0.221066,0.511263,0.119329
2022-08-25,0.587912,0.218866,0.512736,0.126405
2022-08-26,0.588528,0.218651,0.515561,0.124417
2022-08-29,0.588948,0.225982,0.529851,0.150834
2022-08-30,0.595335,0.228096,0.530108,0.15684
2022-08-31,0.592806,0.230379,0.540393,0.15827
2022-09-01,0.604021,0.234665,0.547903,0.175584
2022-09-02,0.608641,0.235198,0.555024,0.174419
2022-09-05,0.607361,0.232537,0.556529,0.171708
2022-09-06,0.605296,0.230385,0.540082,0.171895
2022-09-07,0.604315,0.228268,0.55025,0.176077
2022-09-08,0.603188,0.228488,0.540369,0.17386
2022-09-13,0.609276,0.235405,0.568802,0.200436
2022-09-14,0.612596,0.23532,0.577359,0.209392
2022-09-15,0.610383,0.236197,0.572473,0.208582
2022-09-16,0.610811,0.239573,0.568223,0.208935
2022-09-19,0.610181,0.240005,0.576163,0.209366
2022-09-20,0.611735,0.240514,0.567118,0.210639
2022-09-21,0.611458,0.242115,0.574225,0.208657
2022-09-22,0.612101,0.243726,0.58027,0.207745
2022-09-23,0.611647,0.247886,0.600741,0.208685
2022-09-26,0.630168,0.262495,0.613368,0.213322
2022-09-27,0.626826,0.262314,0.626999,0.213871
2022-09-28,0.630965,0.264627,0.636349,0.214496
2022-09-29,0.631298,0.265983,0.641829,0.20695
2022-09-30,0.630055,0.263565,0.64999,0.200875
2022-10-04,0.641243,0.27198,0.654202,0.218223
2022-10-05,0.644243,0.272757,0.661282,0.218703
2022-10-06,0.64338,0.273121,0.663375,0.224764
2022-10-07,0.639377,0.271746,0.680117,0.224413
2022-10-11,0.643167,0.276688,0.68338,0.229319
2022-10-12,0.643244,0.276804,0.673596,0.232726
2022-10-13,0.645028,0.278327,0.635184,0.197309
2022-10-14,0.651323,0.284447,0.633336,0.216607
2022-10-17,0.651049,0.284368,0.639657,0.217002
2022-10-18,0.653358,0.283244,0.648406,0.22388
2022-10-19,0.651136,0.283077,0.653457,0.22421
2022-10-20,0.648558,0.279844,0.649835,0.224532
2022-10-21,0.650734,0.281283,0.657401,0.223976
2022-10-24,0.645346,0.279243,0.696493,0.225384
2022-10-25,0.64611,0.2792,0.683624,0.221959
2022-10-26,0.648434,0.27944,0.671538,0.204241
2022-10-27,0.651507,0.280061,0.673619,0.21253
2022-10-28,0.643812,0.277553,0.699046,0.196649
2022-10-31,0.644952,0.275729,0.691232,0.201655
2022-11-01,0.643113,0.276453,0.683828,0.204159
2022-11-02,0.640105,0.274998,0.678133,0.190627
2022-11-03,0.640174,0.276005,0.673667,0.192702
2022-11-04,0.645304,0.277457,0.650492,0.191518
2022-11-07,0.649433,0.279746,0.656552,0.192391
2022-11-08,0.644974,0.279526,0.655608,0.175009
2022-11-09,0.644774,0.278577,0.665507,0.175472
2022-11-10,0.644336,0.27793,0.663627,0.170451
2022-11-11,0.649855,0.290164,0.683016,0.199427
2022-11-14,0.647231,0.291136,0.697245,0.203205
2022-11-15,0.6397,0.286935,0.714776,0.201347
2022-11-16,0.6371,0.286188,0.709438,0.19717
2022-11-17,0.639209,0.285474,0.705792,0.200956
2022-11-18,0.639593,0.285226,0.689012,0.202367
2022-11-21,0.637796,0.284552,0.664183,0.206175
2022-11-22,0.63719,0.284625,0.658145,0.209737
2022-11-23,0.636819,0.283761,0.656182,0.209685
2022-11-24,0.635066,0.28385,0.651211,0.204523
2022-11-25,0.633616,0.283027,0.617714,0.197528
2022-11-28,0.634888,0.283296,0.617956,0.200011
2022-11-29,0.63489,0.283239,0.618184,0.197146
2022-11-30,0.634966,0.28207,0.61961,0.201884
2022-12-01,0.636499,0.285052,0.605369,0.19967
2022-12-02,0.638308,0.283991,0.602368,0.218452
2022-12-05,0.622265,0.274133,0.59721,0.216528
2022-12-06,0.62529,0.274775,0.580277,0.216007
2022-12-07,0.621525,0.273681,0.577382,0.21327
2022-12-08,0.621865,0.274161,0.582122,0.208829
2022-12-09,0.620384,0.274859,0.585842,0.155044
2022-12-12,0.615757,0.275467,0.571977,0.155041
2022-12-13,0.613534,0.274267,0.562201,0.154114
2022-12-14,0.60307,0.273195,0.566621,0.161147
2022-12-15,0.602663,0.275036,0.575481,0.165008
2022-12-16,0.593099,0.26961,0.578647,0.165391
2022-12-19,0.593495,0.270004,0.564717,0.163944
2022-12-20,0.593303,0.27263,0.563906,0.164514
2022-12-21,0.588638,0.270817,0.568309,0.161846
2022-12-22,0.591481,0.272419,0.553892,0.165544
2022-12-23,0.597036,0.275193,0.552396,0.17464
2022-12-26,0.597472,0.276107,0.546142,0.171051
2022-12-27,0.594396,0.274746,0.528222,0.167552
2022-12-28,0.589976,0.271986,0.538687,0.158866
2022-12-29,0.595149,0.275203,0.549003,0.163534
2023-01-02,0.586494,0.270348,0.593566,0.148864
2023-01-03,0.586441,0.270093,0.589593,0.149377
2023-01-04,0.583421,0.26868,0.618507,0.16756
2023-01-05,0.574258,0.268386,0.670027,0.170214
2023-01-06,0.580006,0.268537,0.671857,0.175105
2023-01-09,0.585171,0.272292,0.652581,0.195932
2023-01-10,0.58261,0.270584,0.650409,0.194376
2023-01-11,0.57952,0.270815,0.655309,0.194334
2023-01-12,0.57831,0.272493,0.62504,0.1906
2023-01-13,0.57825,0.273447,0.638224,0.180783
2023-01-16,0.574686,0.274343,0.672265,0.180445
2023-01-17,0.576885,0.276331,0.669016,0.183897
2023-01-18,0.576626,0.275848,0.663544,0.182845
2023-01-19,0.576039,0.274715,0.666689,0.182689
2023-01-20,0.577084,0.275644,0.66077,0.179154
2023-01-25,0.576458,0.276457,0.663215,0.169829
2023-01-26,0.578392,0.278176,0.692105,0.173192
2023-01-27,0.576977,0.277892,0.704797,0.173381
2023-01-30,0.578409,0.278334,0.691602,0.178934
2023-01-31,0.577727,0.280072,0.697628,0.174915
2023-02-01,0.580371,0.282979,0.658052,0.17207
2023-02-02,0.577093,0.281491,0.675327,0.172047
2023-02-03,0.576015,0.280377,0.656838,0.162397
2023-02-06,0.57679,0.280503,0.608199,0.189381
2023-02-07,0.57194,0.277101,0.618293,0.187751
2023-02-08,0.573311,0.278541,0.618149,0.172461
2023-02-09,0.569594,0.278744,0.641207,0.173619
2023-02-10,0.568148,0.27886,0.634654,0.174452
2023-02-13,0.567401,0.278526,0.645159,0.176669
2023-02-14,0.563841,0.277353,0.65774,0.176118
2023-02-15,0.559595,0.275763,0.662309,0.188725
2023-02-16,0.558311,0.27521,0.688739,0.19826
2023-02-17,0.553783,0.276107,0.71775,0.199624
2023-02-20,0.550708,0.277145,0.729876,0.198933
2023-02-21,0.54953,0.276106,0.754584,0.198149
2023-02-22,0.549218,0.27639,0.731286,0.200407
2023-02-23,0.543945,0.275294,0.71775,0.199437
2023-02-24,0.543536,0.276354,0.719355,0.19866
2023-02-27,0.532527,0.271847,0.723659,0.19343
2023-02-28,0.53275,0.271444,0.716921,0.186351
2023-03-02,0.53106,0.270012,0.748461,0.182006
2023-03-03,0.525179,0.267693,0.76437,0.17735
2023-03-06,0.520537,0.266423,0.783877,0.184512
2023-03-07,0.519669,0.26669,0.784962,0.165915
2023-03-08,0.511663,0.262724,0.783087,0.171892
2023-03-09,0.505971,0.261737,0.788087,0.160776
2023-03-10,0.510647,0.260373,0.755926,0.164026
2023-03-13,0.509108,0.258058,0.749688,0.167997
2023-03-14,0.525506,0.256669,0.750017,0.184917
2023-03-15,0.527697,0.254023,0.735879,0.190399
2023-03-16,0.52361,0.250801,0.729242,0.179887
2023-03-17,0.516009,0.246287,0.753865,0.169042
2023-03-20,0.51455,0.24052,0.727808,0.168217
2023-03-21,0.485743,0.220418,0.718025,0.167904
2023-03-22,0.487857,0.220297,0.709151,0.175405
2023-03-23,0.478846,0.2155,0.726409,0.164685
2023-03-24,0.477049,0.213814,0.745538,0.157953
2023-03-27,0.474423,0.214696,0.752429,0.155736
2023-03-28,0.458789,0.204688,0.766602,0.158437
2023-03-29,0.460756,0.206591,0.771972,0.158249
2023-03-30,0.459467,0.20644,0.741497,0.159856
2023-03-31,0.462576,0.208364,0.702897,0.16464
2023-04-03,0.449704,0.196914,0.693688,0.158501
2023-04-04,0.441724,0.194511,0.729448,0.157965
2023-04-05,0.438933,0.191166,0.729614,0.148679
2023-04-06,0.427124,0.182929,0.727672,0.163427
2023-04-07,0.427921,0.18404,0.748576,0.166679
2023-04-10,0.423358,0.18383,0.775119,0.16747
2023-04-11,0.428863,0.183445,0.7908,0.140698
2023-04-12,0.413845,0.178637,0.838266,0.137073
2023-04-13,0.413126,0.177012,0.817853,0.134523
2023-04-14,0.417767,0.180495,0.797569,0.131572
2023-04-17,0.418221,0.180733,0.807513,0.126055
2023-04-18,0.418314,0.181334,0.811039,0.127407
2023-04-19,0.410294,0.178815,0.806214,0.123426
2023-04-20,0.419152,0.181731,0.808811,0.125277
2023-04-21,0.42028,0.185133,0.79501,0.1265
2023-04-24,0.421065,0.185685,0.796689,0.128483
2023-04-25,0.420039,0.185383,0.801352,0.134552
2023-04-26,0.419534,0.18353,0.801726,0.134822
2023-04-27,0.416452,0.182984,0.835628,0.133405
2023-04-28,0.413127,0.182295,0.845957,0.127508
2023-05-02,0.416232,0.183677,0.826117,0.130627
2023-05-03,0.418546,0.185495,0.785964,0.135054
2023-05-04,0.414957,0.184344,0.794206,0.134612
2023-05-08,0.40022,0.168736,0.803562,0.122978
2023-05-09,0.402038,0.168837,0.7928,0.110141
2023-05-10,0.405079,0.171278,0.769524,0.107646
2023-05-11,0.405366,0.171498,0.765278,0.0961891
2023-05-12,0.402798,0.171163,0.702705,0.0959751
2023-05-15,0.40227,0.170583,0.69451,0.0964144
2023-05-16,0.400583,0.170352,0.680963,0.095956
2023-05-17,0.399242,0.168531,0.682539,0.0970569
2023-05-18,0.397318,0.16804,0.68074,0.104251
2023-05-19,0.394611,0.167033,0.699904,0.116235
2023-05-22,0.397826,0.167057,0.686624,0.117666
2023-05-23,0.392815,0.163748,0.665105,0.115985
2023-05-24,0.389843,0.16401,0.645327,0.113591
2023-05-25,0.390211,0.165532,0.627104,0.101638
2023-05-26,0.387664,0.162127,0.620531,0.101236
2023-05-30,0.379604,0.161435,0.596252,0.109021
2023-05-31,0.379296,0.161613,0.588699,0.114261
2023-06-01,0.373066,0.160879,0.603965,0.110789
2023-06-02,0.373014,0.16083,0.608409,0.110774
2023-06-05,0.372635,0.159682,0.599763,0.108323
2023-06-07,0.370602,0.158766,0.600753,0.103204
2023-06-08,0.371241,0.161446,0.587782,0.102273
2023-06-09,0.375138,0.163042,0.580948,0.104448
2023-06-12,0.374609,0.161774,0.572642,0.107947
2023-06-13,0.368862,0.160683,0.579968,0.104202
2023-06-14,0.369159,0.15903,0.607815,0.108253
2023-06-15,0.368258,0.157345,0.599176,0.110696
2023-06-16,0.368303,0.15222,0.581484,0.110956
2023-06-19,0.369186,0.152811,0.565802,0.111486
2023-06-20,0.367908,0.152243,0.540885,0.102711
2023-06-21,0.356655,0.144371,0.568751,0.107264
2023-06-22,0.35601,0.144093,0.571982,0.107124
2023-06-23,0.356999,0.144051,0.583373,0.107758
2023-06-26,0.355112,0.141797,0.578087,0.108834
2023-06-27,0.339013,0.133501,0.601448,0.108379
2023-06-28,0.340232,0.13587,0.603519,0.0986373
2023-06-29,0.341731,0.135793,0.599748,0.0954718
2023-06-30,0.341544,0.136817,0.588135,0.0953444
2023-07-03,0.353174,0.140949,0.602251,0.100535
2023-07-04,0.346504,0.14142,0.593575,0.101117
2023-07-05,0.341272,0.138184,0.582633,0.106341
2023-07-06,0.349069,0.140394,0.606505,0.109441
2023-07-07,0.353277,0.142494,0.617081,0.106536
2023-07-10,0.351581,0.141058,0.624465,0.105298
2023-07-11,0.355955,0.142666,0.622844,0.125477
2023-07-12,0.357917,0.142227,0.615384,0.127455
2023-07-13,0.356512,0.142102,0.612732,0.130486
2023-07-14,0.361033,0.144119,0.624742,0.140271
2023-07-17,0.361508,0.146245,0.64218,0.139463
2023-07-18,0.355541,0.143838,0.686116,0.141488
2023-07-19,0.352389,0.141405,0.675456,0.13698
2023-07-20,0.346375,0.137546,0.676616,0.137448
2023-07-21,0.346504,0.137793,0.69644,0.136075
2023-07-24,0.329819,0.131596,0.765989,0.136903
2023-07-25,0.326286,0.127548,0.773008,0.136864
2023-07-26,0.326926,0.123504,0.796646,0.144069
2023-07-27,0.308676,0.119423,0.912947,0.149754
2023-07-28,0.30756,0.118163,0.940693,0.150087
2023-07-31,0.306183,0.116228,0.937871,0.140691
2023-08-01,0.306044,0.118398,0.968608,0.150462
2023-08-02,0.320782,0.121933,0.972657,0.167679
2023-08-03,0.320373,0.121708,0.982766,0.167064
2023-08-04,0.320873,0.120826,0.977189,0.157367
2023-08-07,0.323469,0.122222,0.997761,0.15761
2023-08-08,0.326195,0.123562,1.00604,0.148002
2023-08-09,0.318491,0.120464,1.02225,0.151279
2023-08-10,0.313819,0.117557,1.0182,0.148982
2023-08-11,0.316389,0.115762,1.01818,0.137842
2023-08-14,0.317309,0.117113,1.01012,0.140312
2023-08-16,0.326008,0.119708,0.982196,0.147647
2023-08-17,0.313267,0.112576,0.978559,0.147681
2023-08-18,0.312914,0.112653,0.988695,0.148117
2023-08-21,0.311765,0.112749,0.965159,0.148053
2023-08-22,0.311846,0.112553,0.901427,0.146264
2023-08-23,0.31117,0.112784,0.875567,0.145554
2023-08-24,0.315546,0.115268,0.854222,0.150239
2023-08-25,0.317948,0.116778,0.747348,0.145768
2023-08-28,0.319102,0.118066,0.727788,0.149175
2023-08-29,0.320917,0.119095,0.716499,0.149264
2023-08-30,0.319554,0.117652,0.680719,0.134839
2023-08-31,0.319327,0.117926,0.665067,0.113721
2023-09-01,0.308764,0.116929,0.655089,0.118391
2023-09-04,0.306712,0.113105,0.66628,0.120813
2023-09-05,0.272091,0.109437,0.628966,0.12055
2023-09-06,0.26622,0.111567,0.619807,0.119448
2023-09-07,0.270696,0.116132,0.584282,0.113571
2023-09-08,0.268195,0.113869,0.606638,0.113471
2023-09-11,0.265881,0.115333,0.6245,0.11359
2023-09-12,0.268806,0.116692,0.62576,0.110575
2023-09-13,0.266033,0.116315,0.624183,0.0951407
2023-09-14,0.270599,0.118664,0.613867,0.104967
2023-09-15,0.278315,0.122306,0.627556,0.109051
2023-09-18,0.279626,0.123767,0.638555,0.120671
2023-09-19,0.280557,0.125276,0.622519,0.124948
2023-09-20,0.278087,0.123708,0.631494,0.124436
2023-09-21,0.288437,0.126633,0.618684,0.13304
2023-09-22,0.284486,0.122964,0.603056,0.127548
2023-09-25,0.286213,0.123154,0.618364,0.125215
2023-09-26,0.29844,0.123163,0.609993,0.131903
2023-09-27,0.297462,0.123577,0.623074,0.131709
2023-10-04,0.316338,0.155392,0.636636,0.160206
2023-10-05,0.313243,0.152289,0.619734,0.153913
2023-10-06,0.317299,0.152483,0.617876,0.151134
2023-10-10,0.307167,0.148258,0.659001,0.152198
2023-10-11,0.316562,0.150424,0.677936,0.166365
2023-10-12,0.321537,0.153575,0.69509,0.172054
2023-10-13,0.322089,0.152826,0.681191,0.173987
2023-10-16,0.324187,0.152208,0.652784,0.174544
2023-10-17,0.321848,0.151682,0.668493,0.181035
2023-10-18,0.316758,0.149728,0.69622,0.181936
2023-10-19,0.32646,0.153295,0.697816,0.183997
2023-10-20,0.332677,0.153379,0.683818,0.179527
2023-10-23,0.332189,0.155394,0.689927,0.177082
2023-10-24,0.336091,0.156532,0.719401,0.180856
2023-10-25,0.335018,0.155204,0.734503,0.180779
2023-10-26,0.354438,0.162635,0.743768,0.191665
2023-10-27,0.354611,0.16329,0.757874,0.192346
2023-10-30,0.345963,0.160988,0.769812,0.192997
2023-10-31,0.348683,0.162636,0.789614,0.192433
2023-11-01,0.349958,0.16387,0.797347,0.200801
2023-11-02,0.360674,0.168611,0.822343,0.190167
2023-11-03,0.363825,0.16925,0.82528,0.193829
2023-11-06,0.432655,0.1771,0.889319,0.252931
2023-11-07,0.440901,0.177791,0.885499,0.263191
2023-11-08,0.441029,0.177187,0.873315,0.259037
2023-11-09,0.440648,0.177012,0.861162,0.256263
2023-11-10,0.442802,0.177663,0.86152,0.255187
2023-11-13,0.443626,0.177674,0.864063,0.25371
2023-11-14,0.448178,0.181898,0.844023,0.252572
2023-11-15,0.454758,0.186731,0.813178,0.263629
2023-11-16,0.452834,0.187012,0.812753,0.252929
2023-11-17,0.452838,0.187229,0.796612,0.246414
2023-11-20,0.453114,0.187691,0.783783,0.245476
2023-11-21,0.453845,0.188971,0.755206,0.244937
2023-11-22,0.45481,0.189568,0.714765,0.243037
2023-11-23,0.455617,0.191275,0.703053,0.217911
2023-11-24,0.456169,0.192606,0.69544,0.222034
2023-11-27,0.457843,0.193021,0.660174,0.222746
2023-11-28,0.458388,0.191584,0.638868,0.215882
2023-11-29,0.457194,0.191836,0.637611,0.215138
2023-11-30,0.460927,0.195396,0.589514,0.210255
2023-12-01,0.461465,0.193789,0.581666,0.215217
2023-12-04,0.458974,0.19231,0.501943,0.14332
2023-12-05,0.458703,0.192793,0.482342,0.132677
2023-12-06,0.459225,0.192653,0.472266,0.127266
2023-12-07,0.459073,0.193994,0.459396,0.127999
2023-12-08,0.462066,0.195129,0.454863,0.133698
2023-12-11,0.462042,0.193915,0.450847,0.133365
2023-12-12,0.462796,0.193833,0.445501,0.130247
2023-12-13,0.46383,0.193585,0.432731,0.114258
2023-12-14,0.468701,0.197287,0.437034,0.121307
2023-12-15,0.467642,0.197463,0.458159,0.120101
2023-12-18,0.46588,0.197119,0.466288,0.117953
2023-12-19,0.464938,0.197284,0.471836,0.117236
2023-12-20,0.470095,0.199571,0.499651,0.133294
2023-12-21,0.471017,0.19989,0.495137,0.136585
2023-12-22,0.471196,0.200379,0.491462,0.131848
2023-12-26,0.470762,0.200548,0.487336,0.131383
2023-12-27,0.469816,0.200662,0.494029,0.131081
2023-12-28,0.473332,0.202661,0.495816,0.137959
2024-01-02,0.468655,0.199777,0.548163,0.138053
2024-01-03,0.473209,0.206005,0.56869,0.170831
2024-01-04,0.473229,0.203307,0.591049,0.175266
2024-01-05,0.473505,0.203947,0.590241,0.169481
2024-01-08,0.47184,0.202862,0.59131,0.170608
2024-01-09,0.47203,0.202243,0.604491,0.170511
2024-01-10,0.470992,0.199924,0.604725,0.169873
2024-01-11,0.466525,0.198797,0.61167,0.169623
2024-01-12,0.471296,0.199273,0.610416,0.172885
2024-01-15,0.472056,0.199916,0.643657,0.169581
2024-01-16,0.473224,0.199502,0.644412,0.171323
2024-01-17,0.481126,0.202604,0.638251,0.18965
2024-01-18,0.481087,0.20255,0.635122,0.190247
2024-01-19,0.490731,0.205889,0.655521,0.19941
2024-01-22,0.49139,0.204928,0.663308,0.184729
2024-01-23,0.490963,0.205419,0.68933,0.185864
2024-01-24,0.510676,0.209994,0.704956,0.185099
2024-01-25,0.510998,0.211578,0.737098,0.184121
2024-01-26,0.510982,0.211386,0.745473,0.178153
2024-01-29,0.507627,0.206333,0.7815,0.172363
2024-01-30,0.496855,0.196486,0.742661,0.169191
2024-01-31,0.492544,0.194192,0.775211,0.141786
2024-02-01,0.487767,0.187775,0.837261,0.154668
2024-02-02,0.503787,0.186968,0.876523,0.192663
2024-02-05,0.505789,0.185501,0.894855,0.197793
2024-02-06,0.506401,0.185066,0.926545,0.197817
2024-02-07,0.506845,0.185647,0.953549,0.198504
2024-02-08,0.507484,0.187363,0.965324,0.198515
2024-02-13,0.505751,0.185959,0.992628,0.197077
2024-02-14,0.50178,0.186724,0.978788,0.205439
2024-02-15,0.502162,0.186388,0.981303,0.197536
2024-02-16,0.50365,0.189687,1.00796,0.170448
2024-02-19,0.504515,0.188974,1.02502,0.175112
2024-02-20,0.503239,0.188571,1.03279,0.180246
2024-02-21,0.503729,0.188769,0.995829,0.181186
2024-02-22,0.50404,0.189079,0.980938,0.181164
2024-02-23,0.504426,0.188579,0.982533,0.179169
2024-02-26,0.501527,0.186545,0.997875,0.183782
2024-02-27,0.502075,0.185798,0.986364,0.188472
2024-02-28,0.504793,0.186393,0.94778,0.188785
2024-02-29,0.503458,0.185783,0.962951,0.189093
2024-03-04,0.506928,0.192338,0.935039,0.191213
2024-03-05,0.510128,0.192606,0.852899,0.188507
2024-03-06,0.509464,0.191831,0.810808,0.154013
2024-03-07,0.508437,0.191182,0.798405,0.146408
2024-03-08,0.507971,0.190339,0.782381,0.152423
2024-03-11,0.511466,0.193051,0.75525,0.149998
2024-03-12,0.514102,0.194811,0.744618,0.152374
2024-03-13,0.510897,0.19319,0.753175,0.147587
2024-03-14,0.5096,0.192636,0.774774,0.139355
2024-03-15,0.510349,0.191983,0.770995,0.158059
2024-03-18,0.50827,0.190273,0.755704,0.155945
2024-03-19,0.508617,0.188913,0.751443,0.152717
2024-03-20,0.506283,0.188535,0.738904,0.1587
2024-03-21,0.514401,0.191641,0.763884,0.182074
2024-03-22,0.509825,0.189083,0.747281,0.182849
2024-03-25,0.506114,0.188261,0.763783,0.184102
2024-03-26,0.506643,0.187663,0.725502,0.182248
2024-03-27,0.499269,0.18591,0.761805,0.177518
2024-03-28,0.498138,0.185979,0.761542,0.174714
2024-03-29,0.486885,0.165414,0.757727,0.173636
2024-04-01,0.486616,0.165096,0.752431,0.168402
2024-04-02,0.48475,0.166586,0.774159,0.164013
2024-04-03,0.492992,0.172385,0.759752,0.174726
2024-04-04,0.493059,0.173535,0.774894,0.179635
2024-04-05,0.496113,0.173508,0.748331,0.179782
2024-04-08,0.493862,0.172066,0.75803,0.176026
2024-04-09,0.492446,0.172731,0.751491,0.176751
2024-04-11,0.49006,0.172408,0.762927,0.176464
2024-04-12,0.492205,0.170925,0.766224,0.178074
2024-04-15,0.48509,0.165104,0.768654,0.164076
2024-04-16,0.487276,0.167603,0.762743,0.183985
2024-04-17,0.488947,0.166899,0.737316,0.183139
2024-04-18,0.492311,0.166474,0.736386,0.182957
2024-04-19,0.496108,0.169062,0.729798,0.163922
2024-04-22,0.4826,0.159127,0.811113,0.173547
2024-04-23,0.483346,0.159146,0.78678,0.173395
2024-04-24,0.488591,0.160921,0.810064,0.183215
2024-04-25,0.484599,0.15974,0.78848,0.191656
2024-04-26,0.484239,0.162886,0.817009,0.197678
2024-04-29,0.480429,0.161392,0.806697,0.201124
2024-04-30,0.479977,0.161175,0.786096,0.20175
2024-05-02,0.437562,0.162383,0.775054,0.201365
2024-05-03,0.430234,0.162433,0.793629,0.194765
2024-05-07,0.426252,0.161682,0.800731,0.205881
2024-05-08,0.426957,0.161713,0.815121,0.202827
2024-05-09,0.430322,0.161666,0.799723,0.206322
2024-05-10,0.42759,0.162553,0.819406,0.206022
2024-05-13,0.422844,0.158952,0.791158,0.206139
2024-05-14,0.415688,0.155529,0.752445,0.202888
2024-05-16,0.418232,0.155824,0.748975,0.204268
2024-05-17,0.422332,0.15477,0.776417,0.189183
2024-05-20,0.422795,0.154749,0.782367,0.184042
2024-05-21,0.421925,0.153919,0.76801,0.177911
2024-05-22,0.418372,0.15281,0.791428,0.160419
2024-05-23,0.418803,0.153673,0.721198,0.155616
2024-05-24,0.422134,0.156857,0.716693,0.167761
2024-05-27,0.4244,0.157939,0.684706,0.162489
2024-05-28,0.422889,0.158033,0.670499,0.147068
2024-05-29,0.427738,0.159276,0.633282,0.154133
2024-05-30,0.430197,0.160925,0.630645,0.164028
2024-05-31,0.428496,0.160474,0.642908,0.163286
2024-06-03,0.43057,0.160424,0.646038,0.175733
2024-06-04,0.426259,0.157376,0.667977,0.177739
2024-06-05,0.427412,0.157639,0.63604,0.160627
2024-06-07,0.429119,0.159686,0.631825,0.167517
2024-06-10,0.427921,0.160091,0.63146,0.165593
2024-06-11,0.427514,0.160244,0.610346,0.164499
2024-06-12,0.425915,0.160002,0.60854,0.167516
2024-06-13,0.423676,0.158337,0.606632,0.169089
2024-06-14,0.421611,0.155701,0.609482,0.166099
2024-06-17,0.420864,0.155634,0.587393,0.161588
2024-06-18,0.420343,0.155863,0.596184,0.163163
2024-06-19,0.421722,0.156399,0.596722,0.169211
2024-06-20,0.418649,0.155004,0.573395,0.169322
2024-06-21,0.418739,0.154844,0.575511,0.173178
2024-06-24,0.420202,0.156128,0.574739,0.164786
2024-06-25,0.42007,0.155613,0.582436,0.158559
2024-06-26,0.418121,0.154031,0.592088,0.160514
2024-06-27,0.413995,0.151756,0.580551,0.149039
2024-06-28,0.418865,0.154124,0.588433,0.128437
2024-07-01,0.406958,0.145355,0.602487,0.12779
2024-07-02,0.403857,0.144402,0.628235,0.121335
2024-07-03,0.407217,0.146334,0.603098,0.116048
2024-07-04,0.407712,0.14587,0.604575,0.119339
2024-07-05,0.406981,0.146595,0.627665,0.126315
2024-07-08,0.403991,0.146367,0.640983,0.120735
2024-07-09,0.403712,0.146124,0.653761,0.120353
2024-07-10,0.398531,0.145482,0.644456,0.119588
2024-07-11,0.400021,0.146547,0.649221,0.119355
2024-07-12,0.398632,0.144826,0.651355,0.133758
2024-07-15,0.386443,0.139315,0.631167,0.131204
2024-07-16,0.385197,0.13807,0.638549,0.128283
2024-07-17,0.388785,0.139434,0.663652,0.124859
2024-07-18,0.394898,0.141935,0.665333,0.127997
2024-07-19,0.393054,0.141853,0.670264,0.131607
2024-07-22,0.395498,0.146869,0.695213,0.133822
2024-07-23,0.397183,0.147516,0.701259,0.133796
2024-07-24,0.397289,0.147747,0.706934,0.132216
2024-07-25,0.40367,0.15345,0.745173,0.147074
2024-07-26,0.401204,0.151834,0.774781,0.146753
2024-07-29,0.410652,0.162491,0.754721,0.153647
2024-07-30,0.411179,0.16701,0.719707,0.155066
2024-07-31,0.384476,0.166208,0.732106,0.163571
2024-08-01,0.382454,0.167991,0.730679,0.155604
2024-08-02,0.416095,0.186157,0.74432,0.195951
2024-08-05,0.551761,0.246473,0.78102,0.381893
2024-08-06,0.565201,0.250311,0.78331,0.400773
2024-08-07,0.565088,0.247781,0.81649,0.414135
2024-08-08,0.564184,0.244307,0.822585,0.41154
2024-08-09,0.568168,0.245331,0.814278,0.416848
2024-08-12,0.568849,0.244594,0.809766,0.419167
2024-08-13,0.567364,0.245431,0.80399,0.419802
2024-08-14,0.569758,0.246094,0.783795,0.422681
2024-08-16,0.569008,0.243865,0.800328,0.433691
2024-08-19,0.565818,0.244601,0.821835,0.432987
2024-08-20,0.566813,0.244332,0.804291,0.434229
2024-08-21,0.567996,0.244777,0.799076,0.433925
2024-08-22,0.565423,0.244039,0.789155,0.433792
2024-08-23,0.561894,0.241655,0.772174,0.42909
2024-08-26,0.561295,0.241573,0.749767,0.428828
2024-08-27,0.559148,0.237493,0.750799,0.426279
2024-08-28,0.552867,0.235959,0.783562,0.425512
2024-08-29,0.549203,0.234888,0.791841,0.423239
2024-08-30,0.548411,0.235224,0.807952,0.424008
2024-09-02,0.542073,0.231128,0.799329,0.398728
2024-09-03,0.53983,0.229255,0.769333,0.18175
2024-09-04,0.55237,0.236005,0.76961,0.208789
2024-09-05,0.554058,0.236935,0.73043,0.192265
2024-09-06,0.555391,0.237693,0.728485,0.193068
2024-09-09,0.551321,0.238381,0.743451,0.186794
2024-09-10,0.552804,0.239134,0.752284,0.180553
2024-09-11,0.543754,0.236621,0.792879,0.180915
2024-09-12,0.550935,0.241026,0.795569,0.198184
2024-09-13,0.540332,0.238525,0.814255,0.17443
2024-09-19,0.53875,0.239291,0.804681,0.173267
2024-09-20,0.541893,0.240519,0.805877,0.167751
2024-09-23,0.541281,0.241152,0.804172,0.169213
2024-09-24,0.544618,0.243281,0.804166,0.176834
2024-09-25,0.544767,0.241704,0.817563,0.181815
2024-09-26,0.552795,0.243955,0.816184,0.222785
2024-09-27,0.551643,0.241947,0.82986,0.222583
2024-09-30,0.555584,0.238908,0.793265,0.235176
2024-10-02,0.55156,0.236176,0.767689,0.233721
2024-10-04,0.550414,0.236427,0.764403,0.232115
2024-10-07,0.551917,0.239725,0.734579,0.241211
2024-10-08,0.552198,0.240496,0.718122,0.240942
2024-10-10,0.551897,0.238629,0.708866,0.206023
2024-10-11,0.555887,0.238825,0.715624,0.205986
2024-10-14,0.556494,0.241433,0.724703,0.20702
2024-10-15,0.555858,0.240425,0.71903,0.205014
2024-10-16,0.552047,0.239054,0.721349,0.207565
2024-10-17,0.550145,0.236749,0.672019,0.203552
2024-10-18,0.546256,0.236473,0.681135,0.189968
2024-10-21,0.543858,0.235099,0.635467,0.190059
2024-10-22,0.545642,0.239655,0.630458,0.197615
2024-10-23,0.54477,0.240096,0.638224,0.202713
2024-10-24,0.527995,0.234843,0.721915,0.204832
2024-10-25,0.525652,0.233526,0.739078,0.199969
2024-10-28,0.52153,0.230323,0.749581,0.195412
2024-10-29,0.517845,0.228802,0.756384,0.153605
2024-10-30,0.512826,0.226232,0.804376,0.156358
2024-10-31,0.512756,0.225599,0.812029,0.14115
2024-11-01,0.510608,0.224216,0.831547,0.138445
2024-11-04,0.513368,0.222501,0.85077,0.151209
2024-11-05,0.511461,0.22227,0.866683,0.140925
2024-11-06,0.50588,0.218234,0.90034,0.138774
2024-11-07,0.506385,0.216441,0.907352,0.138482
2024-11-08,0.505428,0.215932,0.925502,0.138308
2024-11-11,0.503357,0.214838,0.93599,0.140336
2024-11-12,0.5042,0.214954,0.936002,0.153688
2024-11-13,0.512127,0.220567,0.953482,0.172393
2024-11-14,0.511229,0.220832,0.954978,0.170666
2024-11-15,0.50452,0.219208,0.990465,0.175632
2024-11-18,0.508649,0.218651,1.01541,0.198809
2024-11-19,0.507177,0.21784,1.01233,0.19496
2024-11-20,0.505111,0.215936,1.00618,0.187688
2024-11-21,0.50357,0.215711,0.9188,0.186818
2024-11-22,0.500735,0.214528,0.917969,0.190609
2024-11-25,0.498642,0.213963,0.910743,0.192761
2024-11-26,0.495842,0.215487,0.901547,0.192214
2024-11-27,0.491362,0.214529,0.87654,0.191318
2024-11-28,0.490388,0.215943,0.884783,0.186484
2024-11-29,0.499169,0.215873,0.873126,0.19614
2024-12-02,0.497196,0.215314,0.876195,0.184484
2024-12-03,0.501073,0.213228,0.873092,0.193721
2024-12-04,0.499942,0.210265,0.866587,0.198429
2024-12-05,0.489792,0.205907,0.926842,0.199091
2024-12-06,0.488534,0.205004,0.933879,0.199253
2024-12-09,0.503666,0.203242,0.933255,0.20959
2024-12-10,0.51236,0.2027,0.9539,0.213544
2024-12-11,0.51327,0.202361,0.948534,0.195508
2024-12-12,0.515141,0.203779,0.94791,0.20012
2024-12-13,0.513419,0.202384,0.904939,0.199347
2024-12-16,0.513082,0.202363,0.881903,0.183271
2024-12-17,0.512674,0.203029,0.886226,0.187557
2024-12-18,0.513018,0.202858,0.886649,0.194403
2024-12-19,0.517641,0.207316,0.880856,0.210828
2024-12-20,0.522235,0.211097,0.846161,0.212477
2024-12-23,0.525827,0.215278,0.815493,0.217512
2024-12-24,0.526356,0.215636,0.793354,0.217691
2024-12-26,0.528377,0.215668,0.750821,0.217117
2024-12-27,0.532176,0.217133,0.748791,0.217099
2024-12-30,0.528929,0.215012,0.758778,0.207256
2025-01-02,0.526748,0.21298,0.732181,0.207048
2025-01-03,0.529276,0.21165,0.740875,0.213041
2025-01-06,0.530689,0.211555,0.727775,0.221114
2025-01-07,0.531593,0.212031,0.655301,0.219123
2025-01-08,0.531376,0.211375,0.638692,0.219638
2025-01-09,0.531887,0.211274,0.599454,0.194988
2025-01-10,0.53096,0.211476,0.579341,0.185154
2025-01-13,0.531445,0.210755,0.566601,0.1904
2025-01-14,0.532574,0.211014,0.5676,0.184479
2025-01-15,0.533065,0.211798,0.558002,0.184009
2025-01-16,0.533451,0.21461,0.563147,0.18984
2025-01-17,0.533778,0.214347,0.548972,0.184255
2025-01-20,0.53349,0.212064,0.553153,0.178565
2025-01-21,0.532407,0.212305,0.582914,0.154904
2025-01-22,0.534808,0.212449,0.588178,0.145236
2025-01-23,0.535378,0.211398,0.590908,0.144431
2025-01-24,0.539393,0.212879,0.597234,0.145032
2025-01-31,0.532399,0.210434,0.639096,0.148496
2025-02-03,0.542054,0.214584,0.629954,0.181925
2025-02-04,0.54344,0.214814,0.617216,0.185983
2025-02-05,0.543679,0.213255,0.613689,0.188854
2025-02-06,0.531469,0.206161,0.603371,0.179761
2025-02-07,0.440891,0.160608,0.58556,0.16626
2025-02-10,0.425309,0.153401,0.584253,0.166373
2025-02-11,0.423775,0.155116,0.567667,0.165245
2025-02-12,0.425188,0.156276,0.56708,0.165278
2025-02-13,0.420779,0.153658,0.574394,0.169334
2025-02-14,0.420418,0.153121,0.572737,0.161041
2025-02-17,0.422682,0.152495,0.567818,0.161948
2025-02-18,0.42202,0.15157,0.559037,0.16241
2025-02-19,0.422608,0.152064,0.567244,0.169319
2025-02-20,0.425148,0.151639,0.580062,0.173461
2025-02-21,0.424674,0.152004,0.56706,0.172874
2025-02-24,0.425144,0.152552,0.544265,0.17566
2025-02-25,0.426962,0.153312,0.553816,0.174113
2025-02-26,0.429071,0.153556,0.546625,0.168391
2025-02-27,0.430672,0.153894,0.547938,0.169168
2025-02-28,0.445299,0.157134,0.510148,0.207793
2025-03-04,0.451271,0.159648,0.51376,0.179647
2025-03-05,0.453231,0.159188,0.515054,0.176634
2025-03-06,0.450474,0.157725,0.549697,0.175238
2025-03-07,0.449532,0.157613,0.578276,0.173379
2025-03-10,0.450803,0.158035,0.581633,0.171295
2025-03-11,0.437905,0.14896,0.584298,0.1768
2025-03-12,0.440399,0.148625,0.606835,0.183245
2025-03-13,0.438893,0.147339,0.617353,0.184343
2025-03-14,0.438818,0.145972,0.616372,0.181222
2025-03-17,0.440435,0.1464,0.62418,0.192895
2025-03-18,0.447347,0.14921,0.623036,0.191567
2025-03-19,0.437991,0.141325,0.645397,0.192144
2025-03-20,0.43499,0.138654,0.656178,0.179761
2025-03-21,0.434692,0.137358,0.654253,0.177265
2025-03-24,0.432054,0.136228,0.667591,0.177896
2025-03-25,0.431232,0.135234,0.682186,0.177167
2025-03-26,0.430516,0.134307,0.682762,0.177752
2025-03-27,0.433475,0.136116,0.682375,0.183576
2025-03-28,0.426976,0.13378,0.684198,0.192437
2025-03-31,0.439559,0.136578,0.691696,0.1808
2025-04-01,0.439238,0.13835,0.691677,0.187204
2025-04-02,0.441056,0.140344,0.681835,0.186647
2025-04-03,0.440821,0.138891,0.655922,0.188476
2025-04-04,0.432353,0.139897,0.637666,0.190232
2025-04-07,0.480754,0.190186,0.639022,0.27872
2025-04-08,0.478756,0.188004,0.654424,0.277631
2025-04-09,0.483011,0.193462,0.637919,0.271714
2025-04-10,0.523485,0.227273,0.644845,0.356319
2025-04-11,0.521361,0.226769,0.649133,0.355237
2025-04-14,0.523422,0.227921,0.628538,0.347681
2025-04-15,0.522849,0.227201,0.646249,0.350178
2025-04-16,0.523677,0.227838,0.646055,0.350541
2025-04-17,0.524702,0.228783,0.616069,0.351943
2025-04-18,0.525841,0.230367,0.598132,0.352663
2025-04-21,0.52587,0.229779,0.584073,0.353094
2025-04-22,0.533578,0.231515,0.557517,0.353058
2025-04-23,0.541065,0.22989,0.562337,0.358779
2025-04-24,0.547466,0.232266,0.560501,0.356999
2025-04-25,0.549126,0.233711,0.559154,0.355212
2025-04-28,0.550681,0.234721,0.553982,0.339975
2025-04-29,0.553021,0.235306,0.539332,0.337019
2025-04-30,0.553458,0.235628,0.558919,0.336593
2025-05-02,0.552981,0.236815,0.553771,0.333187
2025-05-07,0.552911,0.236606,0.540077,0.332101
2025-05-08,0.558347,0.238879,0.528645,0.243963
2025-05-09,0.559239,0.240587,0.51382,0.243878
2025-05-12,0.559577,0.240856,0.541284,0.231969
2025-05-13,0.561002,0.24189,0.545895,0.117879
2025-05-14,0.558814,0.240164,0.525268,0.120192
2025-05-15,0.552813,0.240831,0.526282,0.126773
2025-05-16,0.552255,0.23966,0.519072,0.124626
2025-05-19,0.559601,0.241353,0.508051,0.11647
2025-05-20,0.55868,0.242676,0.52611,0.11408
2025-05-21,0.559869,0.242968,0.535093,0.113906
2025-05-22,0.562139,0.244276,0.529918,0.127308
2025-05-23,0.561544,0.243814,0.546983,0.125684
2025-05-26,0.568591,0.245123,0.529446,0.122427
2025-05-27,0.570697,0.245903,0.538427,0.121403
2025-05-28,0.57066,0.245469,0.564952,0.125319
2025-05-29,0.577133,0.246891,0.588692,0.138205
2025-05-30,0.576469,0.246658,0.604772,0.145648
2025-06-02,0.57025,0.24782,0.597793,0.145001
2025-06-04,0.570808,0.247437,0.635106,0.168816
2025-06-05,0.566213,0.24719,0.632751,0.174448
2025-06-09,0.568747,0.249306,0.6678,0.178796
2025-06-10,0.582904,0.255472,0.68087,0.177435
2025-06-11,0.585234,0.256808,0.667455,0.176196
2025-06-12,0.568761,0.259699,0.646258,0.176331
2025-06-13,0.560375,0.255929,0.668216,0.181114
2025-06-16,0.561719,0.255967,0.688769,0.180911
2025-06-17,0.560613,0.254522,0.673534,0.18113
2025-06-18,0.561425,0.255163,0.67165,0.169211
2025-06-19,0.56048,0.254771,0.664188,0.16937
2025-06-20,0.561443,0.253648,0.659117,0.171076
2025-06-23,0.56088,0.252319,0.676656,0.1569
2025-06-24,0.557479,0.238326,0.694097,0.176821
2025-06-25,0.549408,0.234605,0.719037,0.176645
2025-06-26,0.545737,0.230322,0.718115,0.18698
2025-06-27,0.546093,0.230298,0.693993,0.192681
2025-06-30,0.544094,0.230449,0.678222,0.187139
2025-07-01,0.544411,0.232341,0.666371,0.177749
2025-07-02,0.547472,0.233527,0.663638,0.180116
2025-07-03,0.552977,0.239371,0.630805,0.16621
2025-07-04,0.556851,0.241441,0.62132,0.184703
2025-07-07,0.556082,0.241855,0.603983,0.178922
2025-07-08,0.547412,0.239306,0.645164,0.186097
2025-07-09,0.546943,0.239134,0.641474,0.184212
2025-07-10,0.548218,0.241264,0.649853,0.1866
2025-07-11,0.549355,0.241557,0.625451,0.180819
2025-07-14,0.545119,0.240008,0.639756,0.174996
2025-07-15,0.543498,0.239296,0.661159,0.174959
2025-07-16,0.540314,0.238114,0.690345,0.18145
2025-07-17,0.538533,0.235534,0.700409,0.181402
2025-07-18,0.536355,0.235185,0.714999,0.178297
2025-07-21,0.536233,0.235322,0.712318,0.178367
2025-07-22,0.540476,0.235846,0.681455,0.153006
2025-07-23,0.536797,0.234954,0.687965,0.153088
2025-07-24,0.534976,0.235725,0.69254,0.14839
2025-07-25,0.535335,0.235857,0.683093,0.145409
2025-07-28,0.53119,0.233186,0.725842,0.145012
2025-07-29,0.51497,0.228375,0.726308,0.145919
2025-07-30,0.513263,0.228176,0.731269,0.145577
2025-07-31,0.511387,0.228374,0.746234,0.138999
2025-08-01,0.542037,0.237859,0.754629,0.194894
2025-08-04,0.542591,0.237222,0.748835,0.198425
2025-08-05,0.545156,0.238914,0.701345,0.193608
2025-08-06,0.545054,0.238974,0.68578,0.193601
2025-08-07,0.543435,0.238195,0.69148,0.190666
2025-08-08,0.544417,0.23819,0.69013,0.191015
2025-08-11,0.543207,0.236909,0.667911,0.188335
2025-08-12,0.542826,0.237828,0.646391,0.187171
2025-08-13,0.542479,0.237468,0.619174,0.187406
2025-08-14,0.542417,0.238039,0.601927,0.187439
2025-08-18,0.549814,0.24121,0.579206,0.195653
2025-08-19,0.549758,0.241269,0.574069,0.19463
2025-08-20,0.550731,0.241065,0.574928,0.189646
2025-08-21,0.550047,0.2411,0.546707,0.189379
2025-08-22,0.548987,0.240973,0.54052,0.191918
2025-08-25,0.550422,0.242547,0.545926,0.19663
2025-08-26,0.537334,0.240806,0.488972,0.198773
2025-08-27,0.538332,0.240441,0.480156,0.197177
2025-08-28,0.538473,0.240982,0.476602,0.195427
2025-08-29,0.54475,0.242404,0.45373,0.195655
2025-09-01,0.552897,0.24471,0.455622,0.139354
2025-09-02,0.553442,0.244417,0.448535,0.138427
2025-09-03,0.550731,0.242641,0.435758,0.130846
2025-09-04,0.550206,0.242629,0.440746,0.131504
2025-09-05,0.549956,0.243236,0.433431,0.128597
2025-09-08,0.552563,0.244881,0.432198,0.129041
2025-09-09,0.552469,0.245036,0.432765,0.137415
2025-09-10,0.552941,0.24451,0.46096,0.153377
2025-09-11,0.555079,0.245388,0.44915,0.151322
2025-09-12,0.561625,0.247288,0.455415,0.163853
2025-09-15,0.561994,0.246843,0.479001,0.14928
2025-09-16,0.562392,0.246954,0.483917,0.149116
2025-09-17,0.5666,0.247684,0.483375,0.156948
2025-09-18,0.566489,0.247941,0.497875,0.162777
2025-09-19,0.561731,0.247989,0.504577,0.165696
2025-09-22,0.555232,0.246132,0.514897,0.164533
2025-09-23,0.543494,0.2478,0.520553,0.155762
2025-09-24,0.544316,0.247966,0.533577,0.158342
2025-09-25,0.540759,0.247362,0.532547,0.159419
2025-09-26,0.547056,0.251359,0.526132,0.188669
2025-09-29,0.551888,0.250861,0.518728,0.174775
2025-09-30,0.500275,0.209273,0.511804,0.176383
2025-10-01,0.50201,0.212844,0.520905,0.177353
2025-10-02,0.494324,0.209014,0.539553,0.196345
2025-10-10,0.433404,0.156251,0.590505,0.206408
2025-10-13,0.429835,0.153752,0.626369,0.214738
2025-10-14,0.416903,0.150384,0.670995,0.221802
2025-10-15,0.420899,0.153405,0.665064,0.228788
2025-10-16,0.413084,0.148486,0.724287,0.239157
2025-10-17,0.409308,0.146035,0.743809,0.234752
2025-10-20,0.412116,0.145391,0.734645,0.238382
2025-10-21,0.41251,0.147198,0.718532,0.236445
2025-10-22,0.413478,0.146792,0.727504,0.226359
2025-10-23,0.411356,0.144838,0.717788,0.231912
2025-10-24,0.409662,0.144067,0.74675,0.238884
2025-10-27,0.405456,0.141919,0.777876,0.248735
2025-10-28,0.405212,0.142054,0.779542,0.25722
2025-10-29,0.401757,0.140847,0.794139,0.258003
2025-10-30,0.404406,0.144787,0.798851,0.25687
2025-10-31,0.401253,0.143632,0.835092,0.225112
2025-11-03,0.400205,0.142994,0.85838,0.23522
2025-11-04,0.389652,0.141068,0.91985,0.269901
2025-11-05,0.397236,0.141158,0.922391,0.302203
2025-11-06,0.397121,0.138897,0.937562,0.291798
2025-11-07,0.405724,0.145403,0.886989,0.296842
2025-11-10,0.411651,0.147831,0.896875,0.304738
2025-11-11,0.408356,0.141184,0.855457,0.298031
2025-11-12,0.413195,0.141525,0.870488,0.289221
2025-11-13,0.410827,0.140006,0.827599,0.280502
2025-11-14,0.422265,0.159515,0.829141,0.332479
2025-11-17,0.42037,0.158374,0.844776,0.334367
2025-11-18,0.435545,0.158558,0.852226,0.359921
2025-11-19,0.433888,0.156958,0.861081,0.359481
2025-11-20,0.430513,0.156775,0.871892,0.363563
2025-11-21,0.437827,0.161657,0.869002,0.386483
2025-11-24,0.440345,0.159307,0.832661,0.372185
2025-11-25,0.436771,0.157382,0.838103,0.372419
2025-11-26,0.446815,0.157465,0.818834,0.377671
2025-11-27,0.445505,0.156937,0.821044,0.378437
2025-11-28,0.437893,0.153483,0.825406,0.378238
2025-12-01,0.437048,0.153524,0.808388,0.358387
2025-12-02,0.434323,0.15218,0.783143,0.355589
2025-12-03,0.435388,0.151782,0.780141,0.343478
2025-12-04,0.432961,0.149814,0.762278,0.343134
2025-12-05,0.427699,0.148662,0.807129,0.342054
2025-12-08,0.424423,0.149525,0.791622,0.328725
2025-12-09,0.424514,0.151333,0.786854,0.32803
2025-12-10,0.424252,0.151256,0.753511,0.325933
2025-12-11,0.425563,0.15117,0.745106,0.326659
2025-12-12,0.426645,0.15163,0.72672,0.286447
2025-12-15,0.423296,0.150225,0.724813,0.290495
2025-12-16,0.433157,0.155267,0.742409,0.274996
2025-12-17,0.424868,0.159108,0.749526,0.281082
2025-12-18,0.431351,0.160262,0.748926,0.275196
2025-12-19,0.430477,0.159523,0.72423,0.22349
2025-12-22,0.430124,0.16447,0.741497,0.234088
2025-12-23,0.432773,0.164749,0.72737,0.233735
2025-12-24,0.432877,0.165712,0.718468,0.217268
2025-12-26,0.432857,0.165814,0.715979,0.217763
2025-12-29,0.426906,0.159353,0.691403,0.224641
2025-12-30,0.421081,0.158128,0.697132,0.22371
2026-01-02,0.41742,0.157005,0.715344,0.233724
2026-01-05,0.425625,0.157265,0.733231,0.259823
2026-01-06,0.425758,0.158911,0.735857,0.260641
2026-01-07,0.418411,0.154599,0.734654,0.257071
2026-01-08,0.417974,0.154135,0.72585,0.257459
2026-01-09,0.418482,0.155964,0.750421,0.253965
2026-01-12,0.417373,0.157708,0.776941,0.252561
2026-01-13,0.418613,0.157102,0.830856,0.24658
2026-01-14,0.417992,0.156594,0.847493,0.245879
2026-01-15,0.421272,0.155572,0.844119,0.219124
2026-01-16,0.422287,0.155891,0.829314,0.184356
2026-01-19,0.418137,0.152502,0.860953,0.182449
2026-01-20,0.414945,0.151576,0.877798,0.177037
2026-01-21,0.398944,0.146101,0.968323,0.176087
2026-01-22,0.393217,0.144692,0.992563,0.171045
2026-01-23,0.400665,0.147504,1.03709,0.169194
2026-01-26,0.38479,0.140542,1.14503,0.181193
2026-01-27,0.385458,0.140349,1.16894,0.198563
2026-01-28,0.380142,0.140142,1.21746,0.192257
2026-01-29,0.343359,0.127866,1.22208,0.189662
2026-01-30,0.343336,0.133351,1.22456,0.180962
2026-02-02,0.372883,0.148799,1.24078,0.292464
2026-02-03,0.398019,0.154853,1.26059,0.379001
2026-02-04,0.398579,0.1539,1.23036,0.379478
2026-02-05,0.403949,0.154414,1.24163,0.421405
2026-02-06,0.405425,0.156171,1.24354,0.425827
2026-02-09,0.419008,0.160677,1.23025,0.443897
2026-02-10,0.414258,0.160264,1.21196,0.443975
2026-02-11,0.412497,0.159431,1.2113,0.443986
2026-02-12,0.407389,0.158137,1.21983,0.454279
2026-02-13,0.407747,0.159816,1.22388,0.455351
2026-02-19,0.41382,0.169232,1.20557,0.46216
2026-02-20,0.411335,0.168907,1.2095,0.460526
2026-02-23,0.41241,0.169207,1.11433,0.460556
2026-02-24,0.407437,0.166607,1.10278,0.463516
2026-02-25,0.40646,0.165994,1.09608,0.464567
2026-02-26,0.405199,0.167982,1.04307,0.472162
2026-02-27,0.401653,0.166784,1.04033,0.472923
2026-03-03,0.44191,0.163864,1.01901,0.576673
2026-03-04,0.594914,0.211668,1.04108,0.759362
2026-03-05,0.633761,0.227868,1.02965,0.833956
2026-03-06,0.631378,0.228251,1.0129,0.797879
2026-03-09,0.641796,0.227799,0.990293,0.796405
2026-03-10,0.642478,0.228286,0.9976,0.821613
2026-03-11,0.640785,0.227829,0.982138,0.804071
2026-03-12,0.640875,0.228181,0.943519,0.803303
2026-03-13,0.642254,0.228546,0.937295,0.79633
2026-03-16,0.641397,0.227841,0.913765,0.798233
2026-03-17,0.641121,0.227251,0.889434,0.800259
2026-03-18,0.644419,0.226965,0.873029,0.813068
2026-03-19,0.646218,0.227622,0.865303,0.8219
2026-03-20,0.644934,0.227497,0.83296,0.81548
2026-03-23,0.658738,0.24743,0.816117,0.846275
2026-03-24,0.660301,0.247402,0.815137,0.853857
2026-03-25,0.661567,0.248311,0.781618,0.8499
2026-03-26,0.661122,0.248207,0.761685,0.85288
2026-03-27,0.660471,0.248757,0.710613,0.832359
2026-03-30,0.662242,0.248241,0.687721,0.836712
2026-03-31,0.665576,0.245158,0.651152,0.801739
2026-04-01,0.674038,0.248373,0.627336,0.716717
2026-04-02,0.677684,0.248368,0.608779,0.651702
2026-04-03,0.676986,0.248235,0.596042,0.662375
2026-04-06,0.676083,0.247431,0.588975,0.619284
2026-04-07,0.678954,0.248879,0.569916,0.585019
2026-04-08,0.687384,0.255559,0.572231,0.638817
2026-04-09,0.692691,0.257095,0.576604,0.643007
2026-04-10,0.692652,0.257021,0.570757,0.638989
2026-04-13,0.696063,0.258389,0.554623,0.638509
2026-04-14,0.69867,0.259942,0.550326,0.642405
2026-04-15,0.698648,0.260635,0.543805,0.619111
2026-04-16,0.698911,0.260914,0.534884,0.611251
2026-04-17,0.698852,0.261764,0.529577,0.612318
2026-04-20,0.697876,0.261725,0.512149,0.551357
2026-04-21,0.697429,0.261526,0.539656,0.548994
2026-04-22,0.699252,0.262116,0.540786,0.548858
2026-04-23,0.699467,0.262454,0.525319,0.525878
2026-04-24,0.699111,0.262796,0.537913,0.525545
2026-04-27,0.698346,0.261318,0.538881,0.503991
2026-04-28,0.69871,0.261518,0.554206,0.462834
2026-04-29,0.699304,0.261742,0.53144,0.379053
2026-04-30,0.704331,0.262992,0.515966,0.317808
2026-05-04,0.701722,0.263392,0.527787,0.343321
2026-05-06,0.699243,0.262354,0.561374,0.402985
2026-05-07,0.697496,0.26097,0.566281,0.402915
2026-05-08,0.695974,0.260849,0.568606,0.34792
2026-05-11,0.691591,0.259054,0.611902,0.348346
2026-05-12,0.692898,0.259345,0.623904,0.375376
2026-05-13,0.6884,0.258355,0.671805,0.367713
2026-05-14,0.687632,0.25169,0.676957,0.365137
2026-05-15,0.692472,0.260524,0.684028,0.459843
2026-05-18,0.689149,0.259764,0.710272,0.458858
2026-05-19,0.690641,0.25805,0.73286,0.47821
2026-05-20,0.691617,0.259987,0.746088,0.482462
2026-05-21,0.697388,0.262504,0.748592,0.545751
2026-05-22,0.695094,0.26438,0.771854,0.546091
2026-05-26,0.694588,0.264771,0.781771,0.548686
2026-05-27,0.690822,0.264479,0.799893,0.548191
2026-05-28,0.689528,0.265013,0.806563,0.551441
2026-05-29,0.6892,0.265088,0.815471,0.556403
2026-06-01,0.686973,0.264475,0.848242,0.567623
2026-06-02,0.686886,0.26338,0.860997,0.561051
2026-06-04,0.683804,0.262139,0.863578,0.560165
2026-06-05,0.680422,0.262207,0.864486,0.568071
2026-06-08,0.701613,0.285867,0.868411,0.664638
2026-06-09,0.705933,0.285095,0.877612,0.72707
2026-06-10,0.705985,0.286053,0.848081,0.732609
2026-06-11,0.702978,0.284466,0.862645,0.727453
2026-06-12,0.703976,0.286643,0.832619,0.735683
2026-06-15,0.705152,0.290609,0.841704,0.755556
2026-06-16,0.705076,0.291801,0.842718,0.714186
2026-06-17,0.699206,0.290153,0.863583,0.714778
2026-06-18,0.697436,0.289005,0.875435,0.703714
2026-06-19,0.697683,0.290098,0.873707,0.701015
2026-06-22,0.695332,0.287609,0.871332,0.651435
2026-06-23,0.705054,0.296912,0.870311,0.778526
2026-06-24,0.702583,0.295966,0.88462,0.784525
2026-06-25,0.699127,0.293148,0.888473,0.799597
2026-06-26,0.703626,0.298365,0.864543,0.832083
2026-06-29,0.698786,0.298567,0.899527,0.823003
2026-06-30,0.696815,0.296622,0.899546,0.806434
2026-07-01,0.697374,0.296377,0.892519,0.812743
2026-07-02,0.684748,0.292095,0.945877,0.862737
2026-07-03,0.684357,0.290741,0.923373,0.869387
2026-07-06,0.684008,0.291012,0.934308,0.800238
2026-07-07,0.681677,0.29108,0.934661,0.762984
2026-07-08,0.685473,0.296524,0.931575,0.769141
2026-07-09,0.685089,0.294777,0.924346,0.769888
2026-07-10,0.689281,0.295858,0.922147,0.758161
2026-07-13,0.68749,0.295846,0.950044,0.804696
2026-07-14,0.687839,0.296919,0.951961,0.797666
2026-07-15,0.690219,0.298019,0.923435,0.834156
2026-07-16,0.689677,0.299536,0.922726,0.842226
2026-07-20,0.694947,0.304116,0.909887,0.847307
2026-07-21,0.700767,0.305606,0.885073,0.865074
2026-07-22,0.702582,0.306469,0.869577,0.790465
2026-07-23,0.705031,0.306195,0.860526,0.794869
2026-07-24,0.708042,0.309815,0.867159,0.777824
2026-07-27,0.708293,0.310169,0.871577,0.765996
2026-07-28,0.716989,0.317599,0.830853,0.853596
2026-07-29,0.719233,0.31861,0.814548,0.860045
2026-07-30,0.717607,0.317325,0.835268,0.859548
2026-07-31,0.712785,0.320471,0.84925,1.17239
2026-08-03,0.704831,0.32041,0.865945,1.18492
2026-08-04,0.703375,0.322671,0.864267,1.18836
2026-08-05,0.70359,0.324055,0.836601,1.19313
2026-08-06,0.701222,0.322569,0.856953,1.19118
2026-08-07,0.697501,0.321118,0.851055,1.1898
2026-08-10,0.694696,0.318625,0.875204,1.18408
2026-08-11,0.695179,0.317862,0.83601,1.13362
2026-08-12,0.69373,0.316884,0.837704,1.1436
2026-08-13,0.694243,0.318108,0.822788,1.12871
2026-08-14,0.693891,0.315075,0.797255,1.10672
2026-08-18,0.695478,0.315496,0.804328,1.09455
2026-08-19,0.694881,0.316626,0.80837,1.11045
2026-08-20,0.693332,0.316091,0.831151,1.13364
2026-08-21,0.692368,0.316368,0.839432,1.12344
2026-08-24,0.689153,0.31363,0.829609,1.1085
2026-08-25,0.690325,0.314537,0.840571,1.10786
2026-08-26,0.68485,0.317522,0.823416,1.01584
2026-08-27,0.643869,0.30492,0.824529,0.980084
2026-08-28,0.619991,0.297455,0.796109,0.979238
2026-08-31,0.620943,0.296911,0.707682,0.60346
2026-09-01,0.614026,0.295153,0.674062,0.493521
2026-09-02,0.613696,0.297512,0.654564,0.518203
2026-09-03,0.612476,0.297018,0.671617,0.499187
2026-09-04,0.61035,0.295486,0.659222,0.46279
2026-09-07,0.610575,0.294853,0.652425,0.485584
2026-09-08,0.61143,0.295301,0.609108,0.486804
2026-09-09,0.609337,0.294644,0.622563,0.487908
2026-09-10,0.606176,0.294895,0.60016,0.472347
2026-09-11,0.604269,0.295788,0.615737,0.462381
2026-09-14,0.603181,0.29597,0.623245,0.472563
2026-09-15,0.59184,0.284157,0.626143,0.471704
2026-09-16,0.589756,0.284838,0.620095,0.414922
2026-09-17,0.588414,0.284552,0.575428,0.351376
2026-09-18,0.588268,0.284653,0.551993,0.361093
2026-09-21,0.58778,0.284974,0.525589,0.341852
2026-09-22,0.586951,0.286673,0.50539,0.341372
2026-09-23,0.581357,0.287953,0.505895,0.342161
2026-09-28,0.568683,0.283207,0.506552,0.361392
2026-09-29,0.562989,0.282822,0.514092,0.355103
2026-09-30,0.562065,0.282456,0.521098,0.355434
2026-10-01,0.559979,0.281903,0.54149,0.360508
2026-10-02,0.559458,0.280499,0.543525,0.32246
