,participation_rate,same_sign_rate_vs_069500,mean_r_pct_on_down_days,asset_scope
069500,0.775,1,-4.90123,domestic_equity
102110,0.775,1,-4.87101,domestic_equity
229200,0.525,1,-5.70402,domestic_equity
122630,0.725,1,-9.99059,domestic_equity
114800,0.775,0,4.65766,domestic_equity
091230,0.625,1,-6.14541,domestic_equity
091170,0.6,1,-4.35168,domestic_equity
091180,0.5,1,-5.12456,domestic_equity
305540,0.525,1,-6.1012,domestic_equity
143860,0.425,0.975,-4.53489,domestic_equity
117680,0.575,1,-5.61956,domestic_equity
161510,0.675,1,-4.16161,domestic_equity
219480,0.575,1,-3.17859,foreign_equity
133690,0.425,0.875,-2.67106,foreign_equity
192090,0.15,0.75,-1.78337,foreign_equity
148070,0.25,0.625,-0.247372,bond
153130,0.075,0.45,0.00169452,bond
132030,0.275,0.725,-1.3179,commodity
261220,0.4,0.675,-3.0752,commodity
261240,0.375,0.075,1.05772,fx
