,0.01,0.05,0.25,0.5,0.75,0.95,0.99
153130,-0.00022112,-9.19205e-05,0,5.08771e-05,0.000142595,0.000301283,0.000460981
148070,-0.0107779,-0.00619631,-0.00198665,4.57172e-05,0.00212568,0.00596149,0.0102349
261240,-0.0171921,-0.00867556,-0.00288127,0.000402042,0.00332795,0.00889114,0.0138787
132030,-0.0302139,-0.016847,-0.0053051,0.000429159,0.00638466,0.0180033,0.0306061
219480,-0.0333058,-0.0178793,-0.00431095,0.001016,0.00630449,0.016529,0.0306719
192090,-0.0337209,-0.0190962,-0.00646102,0,0.00708849,0.0203249,0.0342564
161510,-0.0388851,-0.0182636,-0.0057629,0.000793779,0.00699896,0.0198875,0.0344029
133690,-0.0367726,-0.0209489,-0.00554559,0.00152938,0.00829316,0.0203678,0.0346831
091170,-0.0451475,-0.0250645,-0.00847689,0.000494437,0.00907619,0.027558,0.0495922
102110,-0.0585266,-0.0221687,-0.00651904,0.00141046,0.00885638,0.0227255,0.0517402
069500,-0.0596802,-0.0226491,-0.00646632,0.00141569,0.00875044,0.0229154,0.0528792
114800,-0.0540513,-0.023975,-0.0089658,-0.00120124,0.00664682,0.0226665,0.0588284
143860,-0.0520338,-0.0299899,-0.0104282,-0.0004943,0.0104517,0.0292484,0.0512237
091180,-0.0516607,-0.0263122,-0.00923621,-0.000218342,0.00971352,0.0317427,0.0589534
117680,-0.0580615,-0.0301915,-0.00952129,0,0.0104423,0.0325517,0.0579117
229200,-0.0561991,-0.0320685,-0.0107275,0.000850586,0.0111694,0.0288961,0.0577845
091230,-0.0717358,-0.0345835,-0.0108799,0.00162478,0.013652,0.0352188,0.0597305
305540,-0.0639877,-0.0400223,-0.0126091,0.000579279,0.01368,0.039891,0.0661345
261220,-0.0856595,-0.0424305,-0.0117199,0.00181168,0.0144516,0.0385266,0.07183
122630,-0.124436,-0.0457894,-0.0132012,0.00231817,0.0172147,0.0449134,0.105107
