,vol_ratio_2026_vs_2019_25,asset_scope
069500,3.30386,domestic_equity
102110,3.31717,domestic_equity
229200,2.19662,domestic_equity
122630,3.32116,domestic_equity
114800,3.29299,domestic_equity
091230,2.5493,domestic_equity
091170,1.48218,domestic_equity
091180,2.11818,domestic_equity
305540,1.669,domestic_equity
143860,1.69705,domestic_equity
117680,1.74083,domestic_equity
161510,1.72605,domestic_equity
219480,0.725447,foreign_equity
133690,0.873319,foreign_equity
192090,0.939858,foreign_equity
148070,1.15225,bond
153130,0.655831,bond
132030,2.2055,commodity
261220,1.50235,commodity
261240,0.795647,fx
