slot,ticker,rows,first,last,n_zero_volume,sha256,source,fetched_at,adjusted_policy,request_start,columns,action,status
1,069500,1903,2019-01-02,2026-10-02,0,0d713905f11a6d03f7be0772d600764de9375ddcc75dceb641b61c2095bbc038,FinanceDataReader 0.9.202 DataReader,2026-10-03T20:58:56+09:00,"FDR Close, 분배 미조정 추정(가격수익률) — Adj Close 미제공, 분배락·분할 의심 점프는 flag 만",2019-01-01,Date|Open|High|Low|Close|Volume|Change,fetched,OK
2,102110,1903,2019-01-02,2026-10-02,0,cfd991acc95fc91ea7b641811a78843a2ece096e36ff7bcdea38654f39580908,FinanceDataReader 0.9.202 DataReader,2026-10-03T20:58:57+09:00,"FDR Close, 분배 미조정 추정(가격수익률) — Adj Close 미제공, 분배락·분할 의심 점프는 flag 만",2019-01-01,Date|Open|High|Low|Close|Volume|Change,fetched,OK
3,229200,1903,2019-01-02,2026-10-02,0,03af091003ef5380320196a3efb2aea4d4b15c0553439e1c3e911cdf542cae52,FinanceDataReader 0.9.202 DataReader,2026-10-03T20:58:58+09:00,"FDR Close, 분배 미조정 추정(가격수익률) — Adj Close 미제공, 분배락·분할 의심 점프는 flag 만",2019-01-01,Date|Open|High|Low|Close|Volume|Change,fetched,OK
4,122630,1903,2019-01-02,2026-10-02,0,197a3f16f3856ea6653e630b3ab6b3e992806d6116839eb7e645b807eefb9d50,FinanceDataReader 0.9.202 DataReader,2026-10-03T20:58:58+09:00,"FDR Close, 분배 미조정 추정(가격수익률) — Adj Close 미제공, 분배락·분할 의심 점프는 flag 만",2019-01-01,Date|Open|High|Low|Close|Volume|Change,fetched,OK
5,114800,1903,2019-01-02,2026-10-02,0,6ff7c2f8d4099935cd6087653e8d8fd2d14aee501c4b0c4bd740e3210948d648,FinanceDataReader 0.9.202 DataReader,2026-10-03T20:58:58+09:00,"FDR Close, 분배 미조정 추정(가격수익률) — Adj Close 미제공, 분배락·분할 의심 점프는 flag 만",2019-01-01,Date|Open|High|Low|Close|Volume|Change,fetched,OK
6,091230,1903,2019-01-02,2026-10-02,0,948af4cbd349aaffd9cb68bacbb6bb685f7cc739ab284a9949f699c451e7ce6a,FinanceDataReader 0.9.202 DataReader,2026-10-03T20:58:58+09:00,"FDR Close, 분배 미조정 추정(가격수익률) — Adj Close 미제공, 분배락·분할 의심 점프는 flag 만",2019-01-01,Date|Open|High|Low|Close|Volume|Change,fetched,OK
7,091170,1903,2019-01-02,2026-10-02,0,4e1606a5972ae5605994048914f271071d249093b1b4d82e34d52b9eb52cd57c,FinanceDataReader 0.9.202 DataReader,2026-10-03T20:58:58+09:00,"FDR Close, 분배 미조정 추정(가격수익률) — Adj Close 미제공, 분배락·분할 의심 점프는 flag 만",2019-01-01,Date|Open|High|Low|Close|Volume|Change,fetched,OK
8,091180,1903,2019-01-02,2026-10-02,0,070064c20bd88e76a1edb06d228d9b67a95499d2f5ea2a35d5c1d702d68a9a78,FinanceDataReader 0.9.202 DataReader,2026-10-03T20:58:58+09:00,"FDR Close, 분배 미조정 추정(가격수익률) — Adj Close 미제공, 분배락·분할 의심 점프는 flag 만",2019-01-01,Date|Open|High|Low|Close|Volume|Change,fetched,OK
9,305540,1903,2019-01-02,2026-10-02,0,434f524d083a211380f0c1bcd18cf91c69f26f5cb1423c6c2cbb45e17d429728,FinanceDataReader 0.9.202 DataReader,2026-10-03T20:58:58+09:00,"FDR Close, 분배 미조정 추정(가격수익률) — Adj Close 미제공, 분배락·분할 의심 점프는 flag 만",2019-01-01,Date|Open|High|Low|Close|Volume|Change,fetched,OK
10,143860,1903,2019-01-02,2026-10-02,0,0cc0b8f34411d59d5c6e9df358cb35b3211bf88eb0120e2e4f340a2957591e27,FinanceDataReader 0.9.202 DataReader,2026-10-03T20:58:59+09:00,"FDR Close, 분배 미조정 추정(가격수익률) — Adj Close 미제공, 분배락·분할 의심 점프는 flag 만",2019-01-01,Date|Open|High|Low|Close|Volume|Change,fetched,OK
11,117680,1903,2019-01-02,2026-10-02,0,ed3ccb44c33c34adb34318691b89d10b4775b791ea4ccead04c0c16d3d30288c,FinanceDataReader 0.9.202 DataReader,2026-10-03T20:58:59+09:00,"FDR Close, 분배 미조정 추정(가격수익률) — Adj Close 미제공, 분배락·분할 의심 점프는 flag 만",2019-01-01,Date|Open|High|Low|Close|Volume|Change,fetched,OK
12,161510,1903,2019-01-02,2026-10-02,0,2ef6e1a22bba769a5c6d4dfb095c10cc365b3687e0a8343e92f7243e228e9641,FinanceDataReader 0.9.202 DataReader,2026-10-03T20:58:59+09:00,"FDR Close, 분배 미조정 추정(가격수익률) — Adj Close 미제공, 분배락·분할 의심 점프는 flag 만",2019-01-01,Date|Open|High|Low|Close|Volume|Change,fetched,OK
13,219480,1903,2019-01-02,2026-10-02,0,1bdf43da31536365dc198219f1c9321f0aaf0f1454e39031640c00d816af3a56,FinanceDataReader 0.9.202 DataReader,2026-10-03T20:58:59+09:00,"FDR Close, 분배 미조정 추정(가격수익률) — Adj Close 미제공, 분배락·분할 의심 점프는 flag 만",2019-01-01,Date|Open|High|Low|Close|Volume|Change,fetched,OK
14,133690,1903,2019-01-02,2026-10-02,0,eba87cd89d56acb15281eab78b6fdb5b30a5e6db2680b01e4ac5fadd2e2dabec,FinanceDataReader 0.9.202 DataReader,2026-10-03T20:58:59+09:00,"FDR Close, 분배 미조정 추정(가격수익률) — Adj Close 미제공, 분배락·분할 의심 점프는 flag 만",2019-01-01,Date|Open|High|Low|Close|Volume|Change,fetched,OK
15,192090,1903,2019-01-02,2026-10-02,0,442c91b25e9c23efab019cbb2012b02b2cd2c9ca737242b30cf938d8de3aa40b,FinanceDataReader 0.9.202 DataReader,2026-10-03T20:58:59+09:00,"FDR Close, 분배 미조정 추정(가격수익률) — Adj Close 미제공, 분배락·분할 의심 점프는 flag 만",2019-01-01,Date|Open|High|Low|Close|Volume|Change,fetched,OK
16,148070,1903,2019-01-02,2026-10-02,0,ac30cf49a4d81abef1cf658ed1ed1314ab3631ad5c4d4e39e6d5ecd73f1b3c0c,FinanceDataReader 0.9.202 DataReader,2026-10-03T20:58:59+09:00,"FDR Close, 분배 미조정 추정(가격수익률) — Adj Close 미제공, 분배락·분할 의심 점프는 flag 만",2019-01-01,Date|Open|High|Low|Close|Volume|Change,fetched,OK
17,153130,1903,2019-01-02,2026-10-02,0,39317553f42f5e4f6d64a035448f9dc3cb7baf405d051ead26a31d1bfa291a92,FinanceDataReader 0.9.202 DataReader,2026-10-03T20:58:59+09:00,"FDR Close, 분배 미조정 추정(가격수익률) — Adj Close 미제공, 분배락·분할 의심 점프는 flag 만",2019-01-01,Date|Open|High|Low|Close|Volume|Change,fetched,OK
18,132030,1903,2019-01-02,2026-10-02,0,53c34a0cc67e5269828fe48f70fa23357f29871ad37d814c5e2d4587d4076d19,FinanceDataReader 0.9.202 DataReader,2026-10-03T20:59:03+09:00,"FDR Close, 분배 미조정 추정(가격수익률) — Adj Close 미제공, 분배락·분할 의심 점프는 flag 만",2019-01-01,Date|Open|High|Low|Close|Volume|Change,fetched,OK
19,261220,1903,2019-01-02,2026-10-02,0,92909274b68241662f42532f12237e4c01e0148d112309e9e3c9c3e87893bcf8,FinanceDataReader 0.9.202 DataReader,2026-10-03T20:59:03+09:00,"FDR Close, 분배 미조정 추정(가격수익률) — Adj Close 미제공, 분배락·분할 의심 점프는 flag 만",2019-01-01,Date|Open|High|Low|Close|Volume|Change,fetched,OK
20,261240,1903,2019-01-02,2026-10-02,0,edf762b461961a6ff5549f7af75beca00ee8ffcc47c1c16f8b80ca0b3a632ea0,FinanceDataReader 0.9.202 DataReader,2026-10-03T20:59:03+09:00,"FDR Close, 분배 미조정 추정(가격수익률) — Adj Close 미제공, 분배락·분할 의심 점프는 flag 만",2019-01-01,Date|Open|High|Low|Close|Volume|Change,fetched,OK
