slot,ticker,name,provider_brand,listing_date,listing_date_source,asset_scope,category,benchmark,peer_group,active_passive,leverage_inverse,currency_hedge,replication,trading_hours_note,structural_notes,confidence,source,ref_etf,ref_etf_reason
1,069500,KODEX 200,KODEX (삼성자산운용),2002-10,"domain knowledge [ANA]; FDR DataReader first row=2014-07-11 is a 3000-row truncation floor, not listing",domestic_equity,broad_market,KOSPI 200,KOSPI200_1x,passive,none,n/a (KRW),physical,KRX 09:00-15:30 same-session,"[OBS] FDR Name=KODEX 200, Category=1, MarCap 258859 (억원). 분배금 연 수회 → FDR Close 가격수익률은 분배일 하락 포함 가능",med,FDR StockListing ETF/KR (2026-10-03); listing date from domain knowledge,102110,동일 지수 브랜드 대조
2,102110,TIGER 200,TIGER (미래에셋자산운용),2008-04,domain knowledge [ANA]; FDR first row 2014-07-11 = truncation floor,domestic_equity,broad_market,KOSPI 200,KOSPI200_1x,passive,none,n/a (KRW),physical,KRX same-session,[OBS] Category=1. 069500과 동일 기초지수 → 차이는 보수·추적오차·분배일만,med,FDR StockListing; listing date domain knowledge,069500,동일 지수 브랜드 대조
3,229200,KODEX 코스닥150,KODEX (삼성자산운용),2015-10-01,FDR DataReader first row (proxy; after 2014-07-11 floor so plausibly true listing),domestic_equity,broad_market,KOSDAQ 150,KOSDAQ150_1x,passive,none,n/a (KRW),physical,KRX same-session,[OBS] Category=1. KOSPI200 대비 성장·바이오·2차전지 비중 큼 → 고베타 [ANA],high,FDR StockListing + DataReader,069500,국내 broad market 대조
4,122630,KODEX 레버리지,KODEX (삼성자산운용),2010-02,domain knowledge [ANA]; FDR first row 2014-07-11 = truncation floor,domestic_equity,leveraged_inverse,KOSPI 200 (일간 2배),KOSPI200_geared,passive,2x,n/a (KRW),futures,KRX same-session,"[OBS] Category=3. 일일 리밸런싱 → 일간수익률≈2×지수, 다기간 누적은 경로의존(변동성 손실) [ANA]. 선물+현물 혼합 운용 [ANA]",med,FDR StockListing; listing date domain knowledge,069500,동일 기초 2x 배율 대조
5,114800,KODEX 인버스,KODEX (삼성자산운용),2009-09,domain knowledge [ANA]; FDR first row 2014-07-11 = truncation floor,domestic_equity,leveraged_inverse,KOSPI 200 선물 (일간 -1배),KOSPI200_geared,passive,-1x,n/a (KRW),futures,KRX same-session,"[OBS] Category=3. 선물 매도 기반, 롤오버·일일 리밸런싱 경로의존 [ANA]",med,FDR StockListing; listing date domain knowledge,069500,동일 기초 -1x 부호 대조
6,091230,TIGER 반도체,TIGER (미래에셋자산운용),2006-06,domain knowledge [ANA]; FDR first row 2014-07-11 = truncation floor,domestic_equity,sector,KRX 반도체 (추정),KR_sector,passive,none,n/a (KRW),physical,KRX same-session,[OBS] Category=2. 소수 대형주 집중 가능 → KOSPI200과 높은 상관 기대 [ANA]. benchmark 명칭 미검증,low,FDR StockListing; listing date·benchmark domain knowledge (unverified),069500,국내 섹터/전략 → 시장 대비 고유성 대조
7,091170,KODEX 은행,KODEX (삼성자산운용),2006-06,domain knowledge [ANA]; FDR first row 2014-07-11 = truncation floor,domestic_equity,sector,KRX 은행 (추정),KR_sector,passive,none,n/a (KRW),physical,KRX same-session,[OBS] Category=2. 금리·배당 민감 가치주 섹터 [ANA]; 고배당 ETF와 구성 겹침 가능,low,FDR StockListing; listing date·benchmark domain knowledge (unverified),069500,국내 섹터/전략 → 시장 대비 고유성 대조
8,091180,KODEX 자동차,KODEX (삼성자산운용),2006-06,domain knowledge [ANA]; FDR first row 2014-07-11 = truncation floor,domestic_equity,sector,KRX 자동차 (추정),KR_sector,passive,none,n/a (KRW),physical,KRX same-session,[OBS] Category=2. 수출주 → 원/달러 영향 가능 [ANA],low,FDR StockListing; listing date·benchmark domain knowledge (unverified),069500,국내 섹터/전략 → 시장 대비 고유성 대조
9,305540,TIGER 2차전지테마,TIGER (미래에셋자산운용),2018-09-12,FDR DataReader first row (proxy; after floor),domestic_equity,theme,FnGuide 2차전지 테마 계열 (추정),KR_sector,passive,none,n/a (KRW),physical,KRX same-session,"[OBS] Category=2, 시작 2018-09-12 → 공통 기간 제약. 테마형은 코스닥 비중 높음 → 229200과 상관 [ANA]",med,FDR StockListing + DataReader; benchmark unverified,069500,국내 섹터/전략 → 시장 대비 고유성 대조
10,143860,TIGER 헬스케어,TIGER (미래에셋자산운용),2011-07,domain knowledge [ANA]; FDR first row 2014-07-11 = truncation floor,domestic_equity,sector,KRX 헬스케어 (추정),KR_sector,passive,none,n/a (KRW),physical,KRX same-session,[OBS] Category=2. 바이오 비중 → 코스닥 성장주와 동조 가능 [ANA],low,FDR StockListing; listing date·benchmark domain knowledge (unverified),069500,국내 섹터/전략 → 시장 대비 고유성 대조
11,117680,KODEX 철강,KODEX (삼성자산운용),2009-10,"domain knowledge [ANA, uncertain]; FDR first row 2014-07-11 = truncation floor",domestic_equity,sector,KRX 철강 (추정),KR_sector,passive,none,n/a (KRW),physical,KRX same-session,"[OBS] Category=2, MarCap 303억 소형 → 거래량 0/저유동성 일자, 괴리 확인 필요 [ANA]",low,FDR StockListing; listing date guess,069500,국내 섹터/전략 → 시장 대비 고유성 대조
12,161510,PLUS 고배당주,PLUS (한화자산운용; 구 ARIRANG),2012-08,domain knowledge [ANA]; FDR first row 2014-07-11 = truncation floor,domestic_equity,strategy,FnGuide 고배당주 (추정),KR_sector,passive,none,n/a (KRW),physical,KRX same-session,[OBS] 실제 Name=PLUS 고배당주 (ARIRANG→PLUS 리브랜딩). 대안 279530 KODEX 고배당주 실재(FDR 시작 2017-10-17). 분배 빈도 높음(월/분기 가능) → 가격수익률 과소 [ANA],low,FDR StockListing; listing date domain knowledge,069500,국내 섹터/전략 → 시장 대비 고유성 대조
13,219480,KODEX 미국S&P500선물(H),KODEX (삼성자산운용),2015-05-29,FDR DataReader first row (proxy; after floor),foreign_equity,broad_market,S&P 500 선물 (환헤지),US_equity,passive,none,hedged (H),futures,"KRX 거래, 기초자산은 미국장(KST 밤) → 국내 종가에 전일 미국장 반영",[OBS] Category=4. 환헤지 → 원/달러 노출 제거; 선물 롤오버. 국내 동일일 상관 낮고 lag 구조 [ANA],high,FDR StockListing + DataReader,133690,미국 주식 · 환헤지(H) vs 비헤지 대조
14,133690,TIGER 미국나스닥100,TIGER (미래에셋자산운용),2010-10,domain knowledge [ANA]; FDR first row 2014-07-11 = truncation floor,foreign_equity,broad_market,NASDAQ-100,US_equity,passive,none,unhedged,physical,"KRX 거래, 기초 미국장 비동기",[OBS] Category=4. 비헤지 → 수익률 = 지수 + 원/달러 변동 [ANA]. 219480(H)와 차이 = 지수 차이 + 환노출,med,FDR StockListing; listing date domain knowledge,219480,미국 주식 · 비헤지 vs 환헤지(H) 대조
15,192090,TIGER 차이나CSI300,TIGER (미래에셋자산운용),2014-05,"domain knowledge [ANA, uncertain]; FDR first row 2014-07-11 = truncation floor",foreign_equity,broad_market,CSI 300,CN_equity,passive,none,unhedged (추정),synthetic (추정; 스왑/현물 혼합 가능),"KRX 거래, 중국장(KST 10:30-16:00)과 부분 중첩 → 동일일 반영 일부, 중국 휴장일 상이",[OBS] Category=4. 중국 휴장(춘절·국경절) 시 가격 정체 가능 [ANA],low,FDR StockListing; listing date·replication domain knowledge (unverified),069500,universe 내 중국 peer 없음 → 국내 시장 맥락 대조만
16,148070,KIWOOM 국고채10년,KIWOOM (키움투자자산운용; 구 KOSEF),2011-10,domain knowledge [ANA]; FDR first row 2014-07-11 = truncation floor,bond,rates,KTB 10년 (추정: MKF/KAP 국고채10년),KR_rates,passive,none,n/a (KRW),physical,KRX same-session,"[OBS] 실제 Name=KIWOOM 국고채10년 (KOSEF→KIWOOM 리브랜딩), Category=6. 장기 duration → 금리 민감, 주식과 낮거나 음 상관 [ANA]",med,FDR StockListing; listing date domain knowledge,153130,국내 금리 · duration 장단 대조
17,153130,KODEX 단기채권,KODEX (삼성자산운용),2012-01,"domain knowledge [ANA, uncertain]; FDR first row 2014-07-11 = truncation floor",bond,money_market,단기채 (추정: KIS 통안채/단기),KR_rates,passive,none,n/a (KRW),physical,KRX same-session,"[OBS] Category=6. 극저변동성·거의 단조 증가 → 변동성 분모 지표(z-score, Sharpe, 상관) 왜곡, 틱사이즈 영향 [ANA]",low,FDR StockListing; listing date guess,148070,국내 금리 · duration 장단 대조
18,132030,KODEX 골드선물(H),KODEX (삼성자산운용),2010-10,domain knowledge [ANA]; FDR first row 2014-07-11 = truncation floor,commodity,commodity,S&P GSCI Gold (선물; 추정),commodity,passive,none,hedged (H),futures,"KRX 거래, 기초 COMEX 비동기(KST 밤)",[OBS] Category=5. 선물 롤오버(콘탱고) + 환헤지 → 현물 금·원화 금가격과 다름 [ANA],med,FDR StockListing; listing date domain knowledge,,universe 내 동일 exposure peer 없음
19,261220,KODEX WTI원유선물(H),KODEX (삼성자산운용),2016-12-27,FDR DataReader first row (proxy; after floor),commodity,commodity,S&P GSCI Crude Oil (선물; 추정),commodity,passive,none,hedged (H),futures,"KRX 거래, 기초 NYMEX 비동기",[OBS] Category=5. 롤오버 비용·2020-04 음(-)유가 구간 등 극단치 가능 [ANA]. MarCap 484억,high,FDR StockListing + DataReader,,universe 내 동일 exposure peer 없음
20,261240,KODEX 미국달러선물,KODEX (삼성자산운용),2016-12-27,FDR DataReader first row (proxy; after floor),fx,currency,미국달러선물 (KRX USD/KRW 선물),fx,passive,none,n/a (USD 롱 노출이 목적),futures,KRX same-session (KRX 달러선물 국내 거래),[OBS] Category=7. 원화 약세 시 상승 → 위험자산과 음 상관 기대 [ANA]. 선물 베이시스·롤오버,high,FDR StockListing + DataReader,,universe 내 동일 exposure peer 없음 (주식과의 관계는 069500 로 별도 확인)
